heart_rate,gsr,temperature,valence,arousal,emotion
91.14835857585236,0.8912346457960325,37.21846520843621,-0.5770836235732044,0.7299924747454009,angry
104.57915086286029,0.8723233033760109,37.352628821201634,-0.4459637111019773,0.7061753482887407,angry
69.16547619529872,0.35589973061717495,36.6924756240692,-0.9957602168681695,0.10691872751242473,sad
105.77100477330218,0.768973510373246,37.17856183314882,-0.653927675732391,0.8099085529881075,angry
69.11039450782371,0.3116011749028461,36.42849292047733,-0.7199422640512121,0.3579821220208962,sad
94.7574347104068,0.8019796919915271,37.33685995526166,-0.7511639429968081,0.905269907953647,angry
101.64190000403312,0.976468046883122,37.007957264664114,-0.6044696962133796,0.7546708263364187,angry
76.50225853536277,0.5104431797502378,36.308065975224046,0.018684111737311854,0.2369708911051054,neutral
93.76600036651969,0.9460714217559623,37.274599735332934,-0.4363640020717896,0.7979622306417505,angry
67.14185582386791,0.2995457328567446,36.08334115729262,-0.8371905809356625,0.34862125274557887,sad
68.4820823951513,0.3709551052798821,36.2093944421567,-0.9008398365621985,0.10469092202235819,sad
79.76064698709094,0.6026154599785829,37.02233525776817,0.602208846849441,0.8261845713819337,happy
89.65292200385551,0.697443718677134,37.03968805184219,0.8604308102007778,0.8659838702175123,happy
85.86801031832402,0.5444292697316763,37.119929395156966,0.6254233401144095,0.6243929286862648,happy
78.80002158202872,0.5863258234287682,36.79157701540001,-0.04682925009848407,0.39434241907782075,neutral
83.20998835143882,0.878911648440673,37.48450914161649,-0.41451641002271955,0.8481386789093173,angry
81.92562120291345,0.6733024708342251,36.62385659514555,0.9583054382694077,0.6901480892728447,happy
83.59596854236624,0.713247274343809,36.903800066212426,0.69971689165955,0.6641531692142519,happy
106.36044349538962,0.9158986461580113,37.17326481141139,-0.652183157081143,0.7316482779490812,angry
78.58652153484378,0.47351198981164805,36.802653486622674,0.15702359939599114,0.30786844838313016,neutral
66.36187408360999,0.3069200972875835,36.34836304029273,-0.6113859276751826,0.10015611309859475,sad
87.30477807710147,0.4641376766705571,36.96910358877775,0.6888431241882921,0.5479461469334731,happy
72.33575751907829,0.4743106254245877,36.76026456018993,-0.038465531576783674,0.21297844942179633,neutral
60.707415395066214,0.25406143923504787,36.39469722491015,-0.8290957033735195,0.11106608420635984,sad
84.67810974599517,0.674143163453131,36.8839825329295,0.8537405378805455,0.7722821806219067,happy
83.79309934177894,0.6737874674930651,36.898523970011084,0.6968221086046001,0.7688542189623515,happy
85.74686134556593,0.796540264069407,37.06567724908018,-0.30828842955257857,0.8196473327333659,angry
104.80925095285536,0.770757093989545,36.958425567599306,-0.7796124292226181,0.8772678829564725,angry
100.02689795877298,0.7738822599481567,36.96595997495525,-0.7519117244542897,0.9821569793468812,angry
79.38611542597953,0.5310274107980868,36.667812524627394,-0.1449916223416027,0.2682132702100517,neutral
86.02825067003336,0.5489561653812634,36.6944578271823,0.6699819708383744,0.8928673373317743,happy
77.96496254018088,0.4196258382719386,36.736926771706464,-0.16275889287764034,0.3794431515906654,neutral
84.26527303539814,0.6626436081618154,37.092962116465685,0.9386644568953224,0.842529716751237,happy
62.67584423568497,0.3808820422755572,36.64341415939602,-0.9495160210029707,0.14848861422838414,sad
72.2699889324745,0.4394296928662731,36.51337881415741,-0.41580169794680966,0.18517629242123973,sad
67.17749782919047,0.4432887255572378,36.49476658418236,-0.6088232442984397,0.16728079283816794,sad
84.97571527674485,0.6231673685613868,36.80749462795965,0.8976682092226249,0.7883759697008517,happy
70.5500105826822,0.4566179455010313,36.729172370485664,-0.0529136787762266,0.2530404735363451,neutral
69.57945453576158,0.3529640642026598,36.58210244369893,-0.7393633806937427,0.20502352230840273,sad
84.85137321156304,0.6314740216733431,37.444033833317924,0.6780971951192178,0.7889808461046022,happy
105.35894142638986,0.8817419425016902,36.65418723445862,-0.35825298886687057,0.9243156321692242,angry
83.78432769796493,0.6413107327782839,37.04806816358955,0.9866619276174678,0.8854479908357011,happy
83.91271511547988,0.6167319856119667,36.778125324823115,0.7941119497105262,0.6490747468376197,happy
63.93239451519988,0.35865904629255907,36.47706347594577,-0.657963297946381,0.12915294813123057,sad
70.4091201087,0.5694801414073296,36.528951896224044,-0.0709796943045598,0.3697339589849349,neutral
79.86469120532202,0.5828694332501255,37.17640092083439,0.7174367377057973,0.8237444621914054,happy
99.59758131814786,0.7351279344500774,36.8041835946364,-0.7645295415000362,0.8190351481641664,angry
70.47497827095847,0.3342365377679827,36.551793844098654,-0.7746502284160336,0.12819458195226072,sad
86.59907783588886,0.9461104355374153,37.1374584290849,-0.674874319742068,0.711650420328827,angry
95.98635157649926,0.7785503781096621,37.01629568815132,-0.5388783699725979,0.9309980659295832,angry
74.80942515537183,0.5259347228858889,36.62171963758364,-0.03545843797732856,0.3399024421534388,neutral
76.7520903896867,0.39874287066711966,36.73729086295389,0.11807447790748149,0.25416645025241486,neutral
71.5698044573556,0.5420002688311214,37.05625821540528,-0.17672256179662257,0.3830427455252961,neutral
90.2580903259967,0.8754213625949695,36.69694317320637,-0.4427020386499689,0.8980592130153193,angry
86.35530874371132,0.8071364624207396,36.742479617928225,0.8920157266247274,0.5190864510766595,happy
77.61812206072639,0.4133455574593311,36.25846610687624,-0.9913639068221465,0.13482179215207488,sad
83.5967256232959,0.6077216856351576,36.790149418527136,0.7858695251758445,0.7599094730571054,happy
73.48398127220702,0.42715338259295416,36.66465276143025,-0.9728175941367733,0.2123837843879414,sad
68.00906805597339,0.3877967640895826,36.786708525886,-0.6304893013660517,0.3831674813682272,sad
70.06937418625404,0.35349010424950095,36.32293728062765,-0.4358618551450255,0.2726422533627637,sad
62.82798821757158,0.36021414710006644,36.49624354568562,-0.6244361979390562,0.34612805313138045,sad
76.86822869091556,0.475678361697382,36.741519652257146,-0.07240974788249549,0.3689750621938909,neutral
61.80884574425825,0.30876743361744635,36.79025601714715,-0.7909980373280816,0.38099444555671225,sad
74.83965945050798,0.540643105941948,36.82592576838473,-0.0871861709714774,0.23548790875594458,neutral
94.35211948907758,0.768161192265824,36.7769509568461,0.7000065796864419,0.7322176049375639,happy
97.6795962700555,0.974228782067146,36.99012053113143,-0.42272856295765887,0.7309371606507797,angry
83.37013429509256,0.8777789588261324,36.5910002102806,0.6399939548647453,0.5213941186989476,happy
80.78632451756539,0.672691644674191,36.87397138912646,0.9802428587750225,0.7293751552493144,happy
102.86479247184062,1.021456415049111,37.01435278294234,-0.33453544715635375,0.992274462560323,angry
69.24657270810978,0.245499112568486,36.75408630331334,-0.4673774903450202,0.20527450376562362,sad
68.45036293490831,0.3541365217900239,36.348316452836514,-0.8664541494573816,0.21899548058627558,sad
103.28437624098702,0.8123169355505342,37.15801248433941,-0.7575811429574041,0.9959918735503526,angry
76.1595312461485,0.4906387521825593,36.35134295055765,0.08327247823327993,0.29633339759282307,neutral
79.27791180816348,0.39814620325139305,37.01400645610854,0.1625417540378944,0.22223949646123028,neutral
90.98058985834625,0.7306420539632921,37.49753942975271,-0.4164025734457142,0.9468371055630079,angry
98.30149368113648,0.8915477211392937,37.48318472825065,-0.3189137257627291,0.8124611738571113,angry
85.28706473878185,0.5909124587313878,37.17176332666654,0.9911602675017084,0.7224020154570339,happy
92.99557438683857,0.8555722131615103,37.34587607658962,-0.3035176019403499,0.7221389694206196,angry
91.69656181096902,0.8673765182314451,36.98203061897053,-0.6527530265802851,0.9987494125088112,angry
65.21909427099006,0.3936160318360339,36.43666840114767,-0.9727321717951253,0.1842889568776691,sad
74.42686696513168,0.46996976593752077,36.638364409345044,-0.1321280384417738,0.3293696723337448,neutral
72.05028213409287,0.5516300202008988,36.3379737350008,-0.16890614521400607,0.3948789615332333,neutral
73.02042628973888,0.4975260223608401,36.57093555816051,0.04111275280931942,0.254191528503026,neutral
76.99694495486183,0.557583675508555,37.26629175317087,0.9730913933416053,0.8464255558001634,happy
83.45128448258697,0.5681128077480293,36.878403007129386,0.9941144202662018,0.6506955879751763,happy
75.63550629946239,0.3670461099279477,36.38271729863368,-0.4947286461185748,0.3514986114133414,sad
69.71228459003757,0.44557648032547137,36.46390751577374,-0.6489102806047169,0.31783625322155445,sad
68.96639030924693,0.3274967264260378,36.5245699864695,-0.7296735188139438,0.1387478245454485,sad
88.89527364217508,0.7963180871079444,37.18398718571354,-0.7765517661043901,0.7806017446075921,angry
98.4608650107488,0.869386694886649,37.61184973028256,-0.4138408041321804,0.856049050333598,angry
72.74696555415855,0.6269628895605446,36.97935871575405,0.05574454278969693,0.3610089335038724,neutral
92.27062726293155,0.934673958947967,36.660315128394224,-0.6038779774501339,0.8312424766071187,angry
97.5211830149486,0.9874879499210949,37.316517629010704,-0.6510202742290248,0.8570806828045033,angry
84.48211950049188,0.6489697218955545,37.05928108593926,0.7032977553195834,0.6836543024953046,happy
60.38419564764119,0.4102957603621292,36.47511761359833,-0.795062073726073,0.2611790250142211,sad
85.39887434193813,0.8793278596877478,36.86503005341816,-0.7090599578004276,0.8037001849971589,angry
95.30591867658991,0.9358945609679001,37.1190120099741,-0.6880754670468398,0.9465371910533348,angry
69.76479987769451,0.30922504633557557,36.28819490135323,-0.9467784797457667,0.13619076133018027,sad
88.93016977856041,0.629900193180363,36.82506773432877,0.7286331058720116,0.5369162344914984,happy
89.26926110276995,0.7940219593605932,37.15349497768356,-0.36321068794661143,0.9762617201595439,angry
85.90753488813655,0.5957337744432619,36.90475029639955,0.9696167036429733,0.5944466132469617,happy
76.26254390672496,0.4686737908655728,36.26157398875161,0.09898837525350263,0.2073366405781196,neutral
76.60087588162816,0.4607744053093349,36.794365398253284,-0.18781113890656234,0.3734429962149447,neutral
71.25532528335152,0.26967768398712133,36.44069272717344,-0.8384540614303715,0.21318524893138682,sad
73.94799890642375,0.36116680793481776,36.415053189185834,-0.8600701530701192,0.20287805928347807,sad
80.62495666270962,0.723873169758249,37.030726852267065,0.799376879571623,0.5347681152349695,happy
97.810923976882,0.9817559208309747,37.46985848195721,-0.6106136870243554,0.8012340501615753,angry
82.94454562490753,0.5463088773765821,37.08188332809403,-0.05756130964086151,0.397303049758596,neutral
81.91454795856562,0.5618810570913464,37.13776020153044,0.6351550498160575,0.8223459546964573,happy
74.8347662776769,0.3748620239168892,36.836928440311034,0.19295144676344256,0.22240778043361048,neutral
71.98742102239157,0.35726020301427286,36.75903291132779,-0.5074831161079885,0.31553718125096614,sad
94.4784464742818,0.7164475775102902,37.235840048094985,-0.4152535334040316,0.756113124567257,angry
63.45153524925774,0.3819311824918822,36.4431721296378,-0.5756619426133334,0.3303338504328517,sad
76.54497831594416,0.2930429135705058,36.45354853314065,-0.7113159388871095,0.2597768297654758,sad
81.26015005086755,0.5002839779633479,37.29940163136859,0.6806921849320944,0.7738286191519334,happy
82.93596851073974,0.5417846056032571,36.47405862906848,0.10409114395587465,0.31912774812156885,neutral
80.15362536071396,0.5232258302621424,36.588051605054346,0.17317522683998188,0.39818589529147813,neutral
75.52512557330411,0.3744022039689374,36.71602681901504,-0.4949027339450368,0.14193171298788687,sad
88.8142364539906,0.6946576689314676,36.81151352501774,0.6942766984259999,0.7535034254880709,happy
70.29355085779507,0.3935562351715846,36.33479529356643,-0.7645329355464188,0.3449798318414732,sad
98.86773206643208,0.8736440360783322,37.27698109174242,-0.5806276623058305,0.8732458812718377,angry
96.0422526293309,0.6332574933778882,37.064620995149,0.8174211444455954,0.8625888443858187,happy
78.97657120146901,0.9645985533962005,37.40368051492164,-0.45314119629833083,0.7500192279980149,angry
88.83395448858218,0.9006225492885027,37.6676732144511,-0.3530537084745212,0.9365791633673592,angry
72.14076745195052,0.400494748052483,36.30062819346547,-0.8772732440983221,0.3142192246670843,sad
86.93922440765233,0.6256731286358932,37.06582773691705,0.9285029218688051,0.5442526947820829,happy
84.02879312437256,0.4533180945368538,37.334888427425355,-0.005457007201756875,0.28179103541709866,neutral
85.91120302328326,0.7108724144073962,37.17112757176099,0.8775793777868399,0.7170897773390384,happy
103.2738183403527,0.8786537476289078,37.07200686985135,-0.6863245084850065,0.8270790587261448,angry
69.63211682535358,0.35902654209027157,36.92871431667971,-0.6331274587392113,0.10543305514625216,sad
71.49789989275253,0.5102305104762457,36.57947043893894,-0.1724313842531125,0.21546421309775746,neutral
74.50924584080047,0.30051975898707095,36.37484261598007,-0.40909528062259926,0.35166942593378026,sad
65.63286903649752,0.3975941509014277,36.18907262222678,-0.6352633637234448,0.21379170951566467,sad
81.35262948848084,0.7249697527043679,36.7834398797174,0.6018528092018411,0.6333996686764577,happy
102.3624842691113,0.8302105799311916,37.08363066156063,-0.5595815109554633,0.9755364174817903,angry
78.22966944433121,0.48702043243181975,36.39937140937638,-0.14365719184808007,0.23527739730124467,neutral
102.2717830157835,0.7941427177347717,36.873274126464565,-0.6936596078293868,0.8545521047220438,angry
81.39683882348407,0.5940622600422315,36.86709286839006,0.998749700738379,0.700878004132497,happy
80.64567676176836,0.5371627174244941,37.169940925462136,0.7397547996197332,0.6872927313765518,happy
83.35191329096796,0.6477072710848801,36.791315045773246,0.8259364533050466,0.526283455771341,happy
69.17407043397783,0.44090098039805575,36.09306430360345,-0.7017928307072506,0.32960688431987223,sad
86.1841308333411,0.5144921132084234,36.64903574632553,0.1784461848534531,0.2746618632559506,neutral
68.31816620184277,0.3975757031471477,36.64444066924158,-0.8476668615740175,0.15883392990803585,sad
79.77973505139347,0.8080383786976181,37.22234364030698,-0.4736269460740627,0.771454834314018,angry
74.24902659705607,0.371016229359226,36.3448380868796,-0.8056059633359203,0.1260775044851048,sad
62.71234374283329,0.26651104139658,36.752937386852544,-0.46439697335381513,0.34523306852153235,sad
79.02040864919863,0.4746281357046009,36.634133800336045,0.13226180262609993,0.26903842897625513,neutral
74.61269585042636,0.3959035296058139,37.03929127365801,-0.08221369618323293,0.38969066139243136,neutral
66.22483836176637,0.3628736617291329,36.45689451783391,-0.7173607283837113,0.15463214164647499,sad
68.19275757675446,0.45776197692165366,36.534451456882756,-0.8452673887400787,0.14180682222184726,sad
87.68853677520084,0.8322084224089726,37.17432674471246,-0.45840807177725934,0.9467751627735022,angry
77.49119932585569,0.5097922627548841,36.504325444477,-0.09037791172511761,0.3108356005031587,neutral
94.05475133165972,0.6485405867534405,36.720240018351504,0.8928738313836249,0.6002922642246391,happy
80.45183051255015,0.579736947590564,37.002059277916466,0.9657647783699839,0.6675082099568292,happy
73.3251806367742,0.5727463904162833,36.77431876609731,-0.12625163172841472,0.2180673921155216,neutral
94.17121469617639,0.8010785757606441,36.74833472578795,-0.6556531316146501,0.8067018149394847,angry
88.74017362980862,0.7550680141395003,36.87446082987785,0.9816347746158532,0.5540005109684828,happy
77.22058115484448,0.530378343216568,36.39616400340277,-0.17942967460629988,0.2992732494402473,neutral
86.8729255472549,0.5765820166142827,36.47612852639227,0.7406160644536876,0.6651174202427009,happy
83.2456734651323,0.6061123059548563,37.262489711599386,0.6985608132956427,0.8276409270696798,happy
89.92861358411781,0.6083874816303245,36.94350158113871,0.6346820847448734,0.8832683172015722,happy
108.6210989937938,0.9153358814170856,37.25466548992748,-0.47060831664464137,0.9076829693553558,angry
74.77422586186626,0.4014321315151533,36.42898748295624,-0.9735007373739399,0.2764791270909793,sad
83.08758491270954,0.6690105186036762,36.64465028483594,0.9661953190352167,0.5135783914343195,happy
80.90367803222598,0.6930996124415179,36.860799473751534,0.9181367351836389,0.7980258192480882,happy
71.14476995961112,0.4767274908797973,36.87730348251382,0.13156618966027095,0.20740152694309855,neutral
101.31578271372435,0.6890465597436982,37.35472174880562,-0.53486743368255,0.8323096485244484,angry
94.64916577027324,0.8350502684670913,36.99006723543146,-0.5302543538123314,0.9372169494516891,angry
85.7264811987052,0.7699501793575544,37.102027399845085,0.7670024336111568,0.6847771402302351,happy
67.01869400361855,0.38566997951027226,36.40940344262475,-0.5207300585358008,0.39938023316000126,sad
74.90289088043224,0.4722388000435619,36.37891820176309,-0.04068504640974577,0.21833986702228603,neutral
98.9749743163989,0.976365771658457,36.96928499321169,-0.6806114271158489,0.7331422339394184,angry
71.93087460094601,0.3273835917182749,36.533441218706365,-0.8336406125819359,0.3731017306172604,sad
106.2977887450921,0.6953057359113952,36.798151042088406,-0.4601763586534651,0.7654761663595192,angry
64.75724071970315,0.3900928666020083,36.454801157017116,-0.46948061312109823,0.28023953393265943,sad
68.2515326137766,0.293863898921885,36.476481949236806,-0.40529882431781405,0.16950151041503303,sad
73.09448919612254,0.5298653020732654,36.67435769478098,-0.18530722502935457,0.39145405259666516,neutral
72.99544013088573,0.47520154768367645,36.66637702087495,0.18764105205632453,0.3767571769926852,neutral
99.42012405473757,1.0463073739316568,37.12716720776684,-0.5544068295656868,0.9989007327420173,angry
83.03862652574294,0.8058221564575223,37.25823295443888,-0.6880911925886886,0.8610923268680241,angry
73.77166400503081,0.5885140169035051,36.863801852212056,0.6177506654132947,0.8408774133388031,happy
59.190681289801304,0.3771749551394671,36.61672193078109,-0.6694855776345164,0.12609602797342306,sad
74.05817311118122,0.5051064460435517,36.81021354909518,-0.15621245597821845,0.37889598619361353,neutral
85.19438803961474,0.6488503972749073,37.137678654689616,0.7922346309306592,0.7369631138638071,happy
77.32501616998736,0.3910241219135613,36.62074277387812,-0.559654048627779,0.2563780936541245,sad
75.53026427185914,0.5466498321325284,36.784336984782456,0.14691768038392095,0.341672595343007,neutral
97.22463618441319,0.7996386761560732,37.14871320530046,-0.31934235590754634,0.8396410026309951,angry
93.88927889402555,0.8366305535746517,37.13667842160833,-0.6324405728704291,0.9230524768874824,angry
89.3245685607491,0.9189810419837503,37.263133673439874,-0.7420780716098712,0.8130086085960396,angry
67.42981605878414,0.5747566872758706,36.7427260848857,-0.15720774446921665,0.3522055805004056,neutral
73.93193706107644,0.338182358303782,36.162915999063934,-0.5477806995696886,0.3366420945612233,sad
73.4044300309858,0.47767831927247356,36.73881799857966,-0.07961457322127351,0.34163441772905634,neutral
66.83004666548918,0.4423403020043484,36.28269038229573,-0.6114558139588555,0.27831875776856363,sad
82.64321835383514,0.4934480796500502,36.292951951874905,0.10816296712311729,0.336659075321301,neutral
67.43504109065957,0.28875324749055237,36.41779045452194,-0.5044475405200621,0.1895123292969978,sad
79.6636548614856,0.5121900356885599,36.58718427385266,0.061804485712454116,0.2546519053996419,neutral
87.15420122166874,0.6670315364889856,36.83126233041244,0.7247807961980521,0.628297096175251,happy
75.74604738263152,0.31445640347943793,36.26617578377747,-0.9813195502692932,0.29550004761276555,sad
70.34711783963839,0.6282028974650173,36.45684932516655,-0.11851950028949032,0.21823289808123836,neutral
75.61698925493627,0.5284883640116101,36.78954171200347,0.10440959637719954,0.32524406432628306,neutral
77.05534077226218,0.48715948457904834,37.02762254990953,-0.10098401775864994,0.31168253451663963,neutral
81.00415536001785,0.4629583796016149,36.69714219372201,0.032788560765759506,0.25379868088701957,neutral
76.18583573599423,0.49795710332019955,36.67620040485382,0.07218265054373008,0.27910901677599376,neutral
86.75472349913599,0.7232877741211421,37.290103664036074,-0.45250905693672877,0.9580367191567614,angry
69.28998496060034,0.37345583548905315,36.275879147212095,-0.9383245573044006,0.27127135055324936,sad
98.05699776823236,1.0421621025468364,37.094349227638794,-0.44876751472794807,0.8678946050460742,angry
79.09256481874891,0.5045792869346881,36.42292562686605,0.19098655452591434,0.24017181797245885,neutral
62.46340243326844,0.32144105051086014,36.51451655627123,-0.8995104506445581,0.13137035210032008,sad
106.91187345973422,0.9606516000697819,36.71656281857254,-0.3323990923502702,0.9842051387893116,angry
78.44451067583441,0.4710268362964965,36.91780199635696,0.12593004549860493,0.21602296927693504,neutral
83.62353963529785,0.5586119623379197,36.67983540196296,-0.1836983575630109,0.23279989619789945,neutral
75.4928241943254,0.3174290998192776,36.30322283318913,-0.47692986004467897,0.1657641962074133,sad
106.70064164783787,0.8336775535215152,37.05348587371428,-0.7781691711463194,0.7485017632440407,angry
73.213825879222,0.3033393296177201,36.550665152075446,-0.40219965036595484,0.39243794864403503,sad
93.77079089502277,0.7892304927161352,36.99692172031629,-0.6982108598288788,0.95213572188308,angry
77.94019511727875,0.6779456185823696,37.02943918794055,0.8970826084799923,0.6701973337792302,happy
78.49513216384047,0.5384061917567359,37.320973485693344,0.0055983471234899995,0.31761167561801584,neutral
69.73701318321164,0.3447304037281337,36.756165842593326,-0.4759460571510037,0.37021055920337764,sad
63.55894622276376,0.2818480170724439,36.26550210537394,-0.49840116173127436,0.17073762818776297,sad
56.57590213837214,0.3747015093141369,36.45213475316478,-0.8921901346778548,0.1712629974771633,sad
54.9507910350855,0.3689284434047458,36.378534800880686,-0.9415639644678687,0.22150623972409647,sad
64.32024040399985,0.23827867788428986,36.44703996577094,-0.6442294891390435,0.14905716177550685,sad
88.88234758156003,0.7199025828329008,37.5291913700786,-0.6016701118282191,0.7711083571325008,angry
105.7632809205183,0.8561457512848204,36.77925194395286,-0.631498411784357,0.9486650097647829,angry
95.94875143904594,0.5618056023538791,36.64069964650383,0.8422152630579531,0.6426928212160007,happy
68.94961799664473,0.5607254642652674,36.68209547795042,0.12226806118002126,0.31707087287935043,neutral
106.08802523894587,1.0346233355996854,37.01959421598851,-0.7741515813792366,0.8920008900510741,angry
91.8429647890905,0.9086112061772463,37.07982085497286,-0.6419219475116248,0.8521704426065178,angry
63.59446425236769,0.43079792516693716,36.79433375009236,-0.9895721258887122,0.1969391971210836,sad
83.9343233166634,0.6406494111086349,37.11717326837356,0.8062384114317,0.6955386321027681,happy
70.7377451005399,0.5045902887290337,36.712771260266834,-0.13504724213507163,0.2376698167531203,neutral
95.84412953723498,0.8000984831443356,37.5785078384667,-0.36592887281124736,0.7531449368342158,angry
67.48577918431965,0.3486602826682168,36.53369362590582,-0.48123469842697797,0.3305558093571374,sad
91.38172195977151,0.8658052792137906,37.21230710872994,-0.4617433071113768,0.7647025457193151,angry
77.0237593461349,0.5495176705518754,36.32981192842095,-0.13628502190287795,0.3209907845381082,neutral
101.60424689305758,0.8448689322725605,37.18219060257587,-0.36462327483137047,0.9347156452174821,angry
81.9783071527668,0.6271307203515523,37.14463802108533,0.9702699323522848,0.6752689385647951,happy
71.47116705242992,0.3860733136892537,36.52707938644298,-0.7386500111122403,0.3453502648525065,sad
78.91837180336346,0.4332598080890511,36.92185204044459,0.0439327221994778,0.3126877854696918,neutral
84.76574819948681,0.7706886120434954,36.561652471599075,-0.6812279345628363,0.811975537488802,angry
75.16675614852777,0.4883800446749764,36.7902190593166,0.10373773116914642,0.3000890618261483,neutral
79.75496538714756,0.6541399485590695,37.12522340520307,0.7916727510518924,0.5102568263225743,happy
59.84663316292368,0.35854854857841095,35.9167096469575,-0.6703514569417279,0.3240627148407469,sad
72.86758430054195,0.5379464294893382,36.75623828479388,-0.1026070813694803,0.38540690895926133,neutral
94.32179919269447,0.7372390946021444,36.98329626355255,-0.49132412129351294,0.8569254173745353,angry
65.86337658715914,0.3985450365967155,36.27651067750818,-0.6765032339948474,0.1933923097468011,sad
72.13253511856963,0.5779339955044491,36.488272130120585,0.14376631731223566,0.35995621908480435,neutral
95.44215821515022,0.8018905884839029,37.17994548353563,-0.5163438901855483,0.7769688351104092,angry
71.70951433804359,0.49248290387095484,36.60767408194871,0.010599677661512402,0.22246086888224384,neutral
90.76166304370751,0.7344307376969414,36.97679431050937,0.9536825853393631,0.591231908779573,happy
79.70303934765028,0.6834287601287953,37.04794998797565,0.9079778801006716,0.7226548231746869,happy
93.22377323420692,0.7925274187544642,37.32373109423611,-0.38869284074316085,0.8271214760946288,angry
70.9333910426504,0.38405031193707784,36.35103995163874,-0.9082097195028624,0.17057067544059545,sad
70.48998264903761,0.48229461792760064,36.790707566749035,-0.1617141777919353,0.2047277172092673,neutral
90.09755834779432,0.7985601421215297,36.76839482828525,-0.4839922569897908,0.7175363842325662,angry
88.76351074286313,0.5937427802421189,37.22782336108881,0.7712798459702459,0.7870391062632704,happy
86.9498029301495,0.7342847613219419,37.03625923488409,0.9090490909797531,0.6059581788946934,happy
83.63267876772588,0.5729454502014321,36.757740275047894,0.741998522332775,0.5277695370984373,happy
87.46691650205761,0.7175785582104767,36.939233509115745,0.7084589746000739,0.7371247966613691,happy
90.78678952159136,0.6905011485942836,37.19351414246189,-0.6334990434709011,0.900846086559457,angry
84.50288780657947,0.7436285358208554,37.09693043072192,-0.6332152252638998,0.8741425020150024,angry
68.56700031636302,0.3004653805681148,36.52588271697736,-0.6785033893161512,0.1290029348940159,sad
73.32213637916686,0.6150491932299602,36.74934035513229,0.8686233774452149,0.537171657751756,happy
71.946578059273,0.35960245582450157,36.3381767071595,-0.9233719098188591,0.34782028907575857,sad
66.54596959927981,0.3296088456965728,36.16865006593279,-0.7922069388465979,0.17171659965917968,sad
77.31076337035564,0.5906330910462538,36.57979614045965,0.7788810162019343,0.7402377333442469,happy
98.14307674393255,0.8075593901649474,37.522422603339685,-0.6044786184709128,0.850345899754603,angry
94.46518206955831,0.6557280550983295,36.88022206936177,0.752249317390632,0.8511897281780278,happy
64.48468550999428,0.3716983711232523,36.51562341949478,-0.8064832132921509,0.10686814749283607,sad
91.34318506041082,0.7670739266914962,37.42826712889718,-0.3121948995700426,0.8922916232035996,angry
81.38909346036513,0.8340448841910191,37.08247492279257,0.6556792098470119,0.8593046509170824,happy
60.01144040113296,0.350517630992169,36.137632753529964,-0.7608021833366121,0.14391219764867474,sad
84.69739738846846,0.5763813578330209,36.5837484858161,0.6319861577437208,0.8106894521886772,happy
75.14444070132052,0.40987955462528913,36.57069409576152,0.0024567451360976433,0.287902337726582,neutral
75.19621363709743,0.4884649793402261,36.437544122932216,0.025776436271552988,0.23835649111837212,neutral
77.1867260736696,0.6604067220041479,36.83258280577639,0.9934715701053655,0.5956720416863702,happy
89.61161785483387,0.8051635921376048,37.33431452239098,-0.483405186993268,0.7686683814539841,angry
92.60665080666082,0.5425990961530879,37.082487049851835,0.8495583345166554,0.7108165855646607,happy
101.13955138545411,0.9038852114549359,37.52863176704844,-0.6228818797776128,0.8576513865905919,angry
62.703072280954295,0.3770731364102394,36.55183103206053,-0.5384170638151962,0.10330937932859417,sad
66.83664045740001,0.29767610286877855,36.477393059770904,-0.5914151036570533,0.15690845445240317,sad
91.83828665735074,0.5804125636870465,36.893812200568874,0.8191837955894772,0.6817509338239843,happy
72.25233697683005,0.47708917403497125,36.846469010884334,0.12427437119450652,0.32281626223694726,neutral
78.80852155811976,0.7529819229245527,36.858135264569626,0.9568338755760938,0.8821338746015713,happy
87.32522730507591,0.661665697999446,36.96503535930581,0.7012233731203138,0.8124681695147677,happy
74.33310386765264,0.570528400250258,36.94289582678147,0.15804709628261454,0.32733393643344144,neutral
94.13347288532356,0.9280918686467767,37.092471133224976,-0.7760845898029474,0.7114065544712365,angry
96.81452612840282,0.8207742758950313,37.14617007646623,-0.7643716361173707,0.7036325425704661,angry
72.83048871725983,0.663003724446074,36.94715242648028,0.988299983068268,0.8769261558692771,happy
94.87225024359637,0.8138872273919489,36.99098662808753,-0.7508021751433014,0.8980908159104014,angry
74.49624410821266,0.4641257406959459,36.70595585264693,0.15956032960249417,0.3564969849127876,neutral
71.60808048937866,0.4289094666629078,37.0002667303911,-0.11772509512177796,0.2242772836318813,neutral
66.94331957224503,0.34412995704225197,36.39456831331918,-0.46251124157687085,0.19666465103338854,sad
77.29723376335393,0.5727809345040559,37.059854315003804,0.09922927177181284,0.3623539576180275,neutral
75.91981779136884,0.4545848934517097,36.65229331063147,0.02003677618326241,0.27773055972596944,neutral
64.10493078483154,0.3389373188207114,36.34463734002222,-0.46784505987443836,0.2937432437965618,sad
86.5127990480554,0.9408388013090216,37.012505468211394,-0.5279917104086242,0.8908212291189475,angry
70.74737396249367,0.4106865718862921,36.37199142961155,-0.5629055937030321,0.3329342339499174,sad
74.4120048712117,0.4817766368739886,36.534307446206455,0.015822488198202034,0.3455894353461486,neutral
72.54670009052688,0.3699843975876321,36.26972862124163,-0.509328802085833,0.1640534098932016,sad
92.03060684580322,0.774788086845063,37.469531706543314,-0.4282881069616954,0.8835821516011992,angry
65.52151628655028,0.44056875143324903,36.52470977138032,-0.4760062504835154,0.29088740619377446,sad
70.22738141560507,0.48835532933814507,36.9653618840084,0.09668482460517203,0.3762901559350043,neutral
75.98810657442046,0.48954883713569874,36.52989590915814,0.12002838747966382,0.24080712692577977,neutral
71.79605499959916,0.37919431471876563,36.708905200735614,-0.7748440573344002,0.2616087002029117,sad
78.78077490805437,0.4275071717259547,36.47873836375433,-0.14044477986702214,0.261120843098043,neutral
70.71498340122909,0.5002926168362688,37.01274712320996,0.11215991045890983,0.24344181953824212,neutral
61.748767509398405,0.2790817133533484,36.04783823760384,-0.5826291121019158,0.10096547908128362,sad
66.03009318348789,0.329408692284054,36.11108851129504,-0.47544251763385736,0.2530329137496476,sad
83.37104354705562,0.8601159218258769,36.92801565313405,-0.5192577060202381,0.8681980283248513,angry
80.56203788289159,0.333057016495032,36.33872930784574,-0.8067351974624887,0.2909471953147462,sad
95.45915691978225,0.8363852301980057,36.986692987668185,-0.40755151144426627,0.9123042804222747,angry
95.57094124489056,0.9545245969411478,36.873871327752646,-0.43224719675623124,0.7707572797431061,angry
92.87834938923716,0.8884047664069347,36.758634494451954,-0.4321684428804051,0.9995042534178848,angry
71.48379645929644,0.47300327702305744,36.68734217577221,-0.12869901323814337,0.3371822542099727,neutral
110.89605696724882,0.8202234579143157,37.372187154926046,-0.5140638643864068,0.8763308082586594,angry
86.78083438612421,0.6534072386828779,37.0023475338158,0.8343240583887608,0.7345916368754828,happy
63.72334742805371,0.2552017579346355,36.434059672432475,-0.43559245293079574,0.17778902765973215,sad
65.08293822065936,0.2849549121742937,36.11995899132618,-0.738891760446786,0.3812059882647594,sad
63.775131562005825,0.4986242547474682,37.05445031933395,-0.025259718953928173,0.3459016457304793,neutral
66.62885821472734,0.3000343621174931,36.389251098206174,-0.9919584241407007,0.18482370687362862,sad
72.06478556182824,0.3011812364358314,36.22150883212862,-0.8518127205568001,0.37187637415631103,sad
74.73388592979187,0.5122638918889215,36.93204438071705,-0.09274439196179465,0.2312763608806896,neutral
74.04281289280233,0.3787879869863529,36.87680907927221,-0.06106266949646294,0.3799666691374545,neutral
69.75644404712271,0.4344946728313145,36.63195824905786,-0.5273721906833748,0.28732763394151845,sad
83.11542887293052,0.5722720337892786,37.01341110347762,0.8261321018286439,0.6855729946753345,happy
81.96327200617273,0.7640526335632618,36.952778886090805,0.8180422113042799,0.8922067288004425,happy
82.04760965727813,0.6800171550231401,37.03862112145263,0.6270673447600006,0.7831340388919075,happy
78.31063254394884,0.6886091489148697,36.85267156289379,0.6563838510087077,0.765675165802167,happy
90.7514526545808,0.6186133846662283,37.30200185786,0.7647062166338034,0.7603893868603817,happy
72.72245486195598,0.31553854648915713,36.33950663235853,-0.41316290921588295,0.3381969149104018,sad
80.92518007717278,0.6047825074612826,36.74016159866995,0.6658825413729184,0.632086025948599,happy
69.78812129661947,0.3081340460334304,36.30050026831897,-0.43201722748023574,0.2680546775124736,sad
72.2459859682913,0.49694782872650023,36.55282831013544,0.16368808234462406,0.30774035959054286,neutral
72.9263884023379,0.5603832724878123,36.25919248494976,-0.16263681120988177,0.28821443165015675,neutral
87.73782619500378,0.8590616328430212,36.74043050542066,-0.6564310209577122,0.9378563257101518,angry
71.22646780252026,0.4438049266567453,36.47164718149684,0.15878317216941373,0.3040381046503109,neutral
77.14230978755371,0.5491286731813889,36.831272173965715,-0.07329532917298934,0.3714358513997506,neutral
112.8056752671107,0.8646245527364269,37.076474337885124,-0.43368238264958364,0.946113252234692,angry
83.38930212404968,0.7943767443470202,36.686493417149144,0.6333856339957533,0.8529665473629355,happy
71.56263886520276,0.5571192571987063,36.69818268505475,-0.1510264406564236,0.3450371096054782,neutral
69.51561480795921,0.29054943588099824,36.34894961157955,-0.9924354880145446,0.26792670509151484,sad
82.38001713272322,0.5619952107599724,36.99675454819037,0.6442993781275832,0.8038329640458528,happy
83.82292189043389,0.7421980547137906,36.87638629460178,0.7837060788692856,0.6431193061301768,happy
68.6709258708886,0.35563939313145465,36.07520855824779,-0.9322340749532959,0.12615384034954935,sad
85.80781506719994,0.6104300656520643,36.81785826817951,0.7391765646328666,0.6801403915621651,happy
62.289346752843265,0.45074392805621066,36.71649927271604,-0.5162824713977255,0.35312119792201735,sad
98.5944683384471,0.7777038511415897,37.1810898204304,-0.46191121896228304,0.7975312046295097,angry
76.8782366774117,0.4496719504456049,36.65514896824849,0.14655460570053686,0.24310597375826637,neutral
90.84076275889029,0.9322946088557114,36.770812788294485,-0.3308475907757587,0.9613613446789155,angry
96.97545350022955,0.9097248076544856,37.005167520040416,-0.6102485483126407,0.7680191148770532,angry
79.30666030764543,0.49791313177901747,37.06948433543008,0.9907201314042637,0.5442882373305262,happy
74.80249238577527,0.4848517772549036,36.77764852955707,0.18911052915683435,0.3652078103333144,neutral
90.12506144954178,0.9210930202840768,36.96831114183625,-0.6592394007925351,0.9618261518698383,angry
66.09811972890205,0.33589905346184823,36.376025490515424,-0.9723258613985597,0.2701512339758157,sad
74.12551715536507,0.5399970950971025,36.37673787831269,-0.08110487691655313,0.25998382230139694,neutral
64.72181810176573,0.35743754481176077,36.160379187347154,-0.40658298498989565,0.2878528514779415,sad
69.90736092302987,0.5367152337780748,36.570133737615926,-0.1861318933094067,0.31656136701669796,neutral
76.41357135038763,0.5696579984544891,36.454813327003166,-0.11190987944907396,0.2976749257965878,neutral
88.93045320370555,0.7182638340847701,37.000218833987965,0.9515915601129069,0.7287089408193289,happy
82.41043674973105,0.6668733933975716,36.88483527569635,0.6550095099268062,0.6363262799159386,happy
78.50203192204603,0.6052601200604005,36.47738911458726,0.052523021236795475,0.3183394324612651,neutral
92.00782868757663,0.7276337833552111,36.82745241730311,0.9147001340617748,0.8883064825899132,happy
72.98960215757506,0.5061602403392242,36.8102970752081,0.0974375664706239,0.3012532118990406,neutral
101.34800386588014,0.8327601438144104,37.30164104417025,-0.6805716697990363,0.8408925324042127,angry
86.03024758939756,0.634586376109443,36.4864290547128,0.6784390850953572,0.7443120284303073,happy
97.42233684320716,0.6007901777811112,37.13180304897943,0.6197987413974666,0.833326828589205,happy
75.48447199334882,0.4845395461475068,36.549568718881886,0.12103427183192517,0.3144097286738602,neutral
65.45772329985128,0.3442413536115029,36.56586496478563,-0.8292626189422615,0.3454620006244743,sad
82.09081084041489,0.6572480897047576,36.46755615581644,0.9496890098740703,0.6974186321360475,happy
94.55150789910051,0.8027779613312174,37.47014201388547,-0.35887072195257624,0.9012829014227524,angry
81.45324856031966,0.5393166508577507,37.07900766281522,0.9295161536885179,0.8820242045939957,happy
71.43931663593509,0.37098327612990345,36.32460096816659,-0.6008247388131669,0.340106463707022,sad
77.3031191306658,0.45559260521363115,36.63862377026253,-0.03242088392500983,0.35023560956168365,neutral
76.62777868086152,0.5872667376378338,36.7947410937546,0.8584384700020251,0.7585800360498428,happy
105.54072801347759,0.842112949417259,37.104712405736215,-0.48195197679522894,0.973986084272871,angry
83.493723823366,0.6277858085089975,37.16629576147956,0.8119966091705675,0.8316070930181965,happy
71.80901889043392,0.26514513075068735,36.270886114270304,-0.7083997037214382,0.2731599660203653,sad
67.12681074095035,0.2757488920859551,36.609588412350426,-0.7576612814979258,0.12328439341943227,sad
83.32302138613103,0.7200407622630085,36.76587595818467,0.7785678065606328,0.819352136207341,happy
110.33577611910925,0.7397176519965402,37.01024435903606,-0.35517398349121687,0.7036929109048227,angry
96.62489958301069,0.9768517194308586,37.2948916818101,-0.4557974907539316,0.8123658661060363,angry
76.79512207426606,0.4485182658836062,36.66910689622641,0.006895752685732781,0.2757820556117629,neutral
98.01400870465834,0.8050265578737358,37.04769453156387,-0.595185552552384,0.793365248519018,angry
68.53580113891121,0.40983454088273186,36.454374632554,-0.6641869330972361,0.13157775555910373,sad
90.79055424012151,0.6467820994457999,36.67066705709582,0.6110146879477861,0.70218204716418,happy
82.62891852822597,0.7339221390047129,36.890450921497624,-0.5560744014037968,0.7390143347533416,angry
65.78190847741473,0.38484772022553676,36.333236102048794,-0.638234274112323,0.34801220792244625,sad
86.00949779814225,0.5955456831132834,36.8963393031957,0.8129030124595904,0.5673347823676521,happy
86.98622304620726,0.6346590786200857,37.14554417542784,0.7209332997405975,0.6037339589268378,happy
95.21346853327519,0.7442320544044114,36.82132865968501,-0.3846557447399616,0.863448297263556,angry
88.73129853733296,0.5749079881982135,36.947849372822226,0.7776174996808811,0.7504937285684256,happy
99.41739562615054,0.7976735992148544,36.874478433537064,-0.6370884412177751,0.9377564175888757,angry
102.42450051340316,0.8141668416250412,36.781041978357514,-0.7802702335545504,0.842663811246048,angry
81.65776101579284,0.5780953212383053,36.581078833232105,-0.1848073746840586,0.3491720077254024,neutral
80.31473191083928,0.8715301552996085,37.01420193112565,-0.6621162158743216,0.9631271743054567,angry
71.36254092143754,0.5014437861574506,36.6895960623084,-0.07902100868424805,0.29828363550571135,neutral
106.49068864050906,0.9011829865436429,36.918682755509735,-0.6067297465884861,0.8533826386602253,angry
91.81336931183529,0.5917948639930732,36.87868104781707,0.7773823345527616,0.7408467941419118,happy
101.68607881830576,0.8944483572802758,37.122395170313816,-0.6997627422357986,0.7327792630928864,angry
70.90708893542681,0.46027869732656596,36.479543935627376,-0.18768398013582088,0.39430660847811777,neutral
80.75040227155677,0.7869944548379149,36.85171711791596,0.8890827830792913,0.7770129726148431,happy
75.12968290739558,0.415411203891277,36.294344205319604,-0.560169286084004,0.25857343291665913,sad
73.07052465639856,0.3976562522688043,36.502617084019455,-0.8232283621922841,0.104294583300118,sad
91.04633055484369,0.5492305162636671,36.93611664132167,0.8800137091088418,0.5417616518992325,happy
96.01667101747165,0.7843806936441039,37.09399303547985,-0.5962284844837846,0.8221319467376883,angry
70.35161155264144,0.2572081114524838,36.61935068535999,-0.5813462343559423,0.10182662447195173,sad
108.16304602481858,0.6985108266436971,37.15332342684324,-0.7615689623619183,0.8501872804211253,angry
67.31776268322915,0.26910830472208386,36.489479869293355,-0.5998873473914392,0.16333374134984086,sad
64.22248332700123,0.3936459593385393,36.27401894905632,-0.4424631678208877,0.22153080835826994,sad
95.4168707781953,0.8226489811062971,37.143030343083865,-0.6903630190380622,0.7101007534641618,angry
103.41839110733365,0.9588526876670921,36.77279490022023,-0.7385396607673063,0.9665977240796195,angry
94.042517075214,0.9371868429160346,37.15480791693874,-0.48145458145954756,0.8578835381014608,angry
74.44634931357818,0.39216863110785294,36.511889815199005,-0.5176248954684879,0.26575029022236674,sad
90.1317153807487,0.9745678832499366,37.239054394749374,-0.6642264762943788,0.8207339912301006,angry
89.0611989046961,0.6500144945442738,36.89813993577228,0.6187407634110412,0.6104678231283598,happy
68.94855864362762,0.39508054572842033,35.98531582221272,-0.43573089655829644,0.12481463845730606,sad
73.2837922926086,0.48635123000400826,36.54449219203101,-0.09184268544618979,0.368542380432111,neutral
78.43405261378999,0.5075698843946603,36.677529221705925,-0.04907453543747056,0.3872642307938314,neutral
99.48875275329873,0.8712289879519702,36.95431033559711,-0.5530929797715357,0.8162946416366941,angry
98.23058683511066,0.9222784566832545,36.99638547455742,-0.36224438672369197,0.7548421709970701,angry
72.56565565597431,0.44723064914537564,36.91169690870607,-0.15785403109965743,0.35636477266898714,neutral
65.29914288850959,0.49849141666854324,36.68539330403624,-0.15560899016594076,0.32688482905731675,neutral
102.78202997266932,0.8093487841882151,37.063054920295635,-0.4162161857410409,0.8249513295711637,angry
93.10800049883161,0.6064860978174869,37.08675678257447,0.8921985443835161,0.7590852684251685,happy
73.69854848659433,0.548547066568843,37.020450645121386,-0.08187940897126689,0.22732018073023452,neutral
97.60518077030467,0.8030001748022605,37.01414722510301,-0.510412372312639,0.7256024009452974,angry
108.75286533578236,0.8064708798308646,37.05930177348193,-0.7442438938393618,0.8547585708136984,angry
76.19350981040472,0.46825465401287925,36.75834607545068,0.135306143818282,0.3418765934174782,neutral
67.08410865547386,0.339098206090089,35.872238299948016,-0.7574261516470786,0.2592813035236282,sad
72.57010979609102,0.3025777563621932,36.682375303778905,-0.7270486662954478,0.18017578893807862,sad
82.24544408722574,0.680693301716681,36.9039233315388,0.6502200859050613,0.5067790659558324,happy
84.32706185008536,0.7417152115092485,37.034761291760184,-0.6339503173034318,0.8025411116476547,angry
85.98557188291234,0.6770751733344645,37.16389341342809,-0.6141303525468349,0.7004060877146404,angry
99.13715089591913,1.0093002081314817,37.188948243731915,-0.526518374314306,0.9489289360862935,angry
100.37961979904689,0.8321438196292156,37.47246585965052,-0.6009973535227486,0.7908747186499577,angry
97.18448718456477,0.8619945336050713,36.945016453148774,-0.7701417555145553,0.9014926844638089,angry
84.62951033572487,0.5268545416530572,36.71032527534224,-0.1697579837532997,0.2731361496522743,neutral
100.37840064640302,0.9658289148861395,36.81571465486594,-0.3091733380737761,0.8581795542745769,angry
71.24237686479793,0.5790270343284187,36.49698116163443,-0.09603800830286686,0.2690384416988421,neutral
79.97273374885744,0.4550593405982549,36.558914870384164,0.07599989492357734,0.3380193116475687,neutral
68.31157822715268,0.29554599419260974,36.36883570513418,-0.42523952736593773,0.258897917183686,sad
98.18933033667177,0.8381714400125015,37.126923751411695,-0.3356698564925586,0.9282563033543487,angry
70.05893145522934,0.23940690443352464,36.706686740259265,-0.9736600344141969,0.1497249339460468,sad
89.76835839082891,0.6468664634829445,36.73226209525922,0.9979925477300372,0.7108930643015651,happy
97.81975204758083,0.8538369156785237,37.18296096581463,-0.6702291084119549,0.8310987656996862,angry
91.46040548043791,0.8041930668922945,37.233785358863834,-0.622479471774021,0.9094933471682718,angry
100.3157155751641,0.8840709764954429,37.10478694435394,-0.4213448964327806,0.7485014308710886,angry
72.0836833475892,0.5523956484565289,36.65181775098128,0.11253953624576252,0.3920335569457491,neutral
60.27174930150021,0.34968242216135653,36.712451026390085,-0.9927381299343355,0.10271154072378766,sad
89.47288839621878,0.50183353673721,36.802009968967894,0.8058734468485755,0.8233101758223751,happy
70.34302898249796,0.3281640131979702,36.38677347707483,-0.7114659120381945,0.2987302035103204,sad
85.47938894800049,0.27682970207866553,36.85135027928682,-0.9455669786590414,0.10978538450246995,sad
92.84803588781219,0.858041607560653,37.246932913119984,-0.6214394203497486,0.9362647257576338,angry
79.9787521854604,0.40419164101670607,36.92524001743783,0.16089456138489527,0.375471122441052,neutral
73.90521561507046,0.5007136533918217,36.50921211612067,-0.11165888681479644,0.2077859926651335,neutral
62.57271961551892,0.3854210521447291,36.73670929975569,-0.662005214780172,0.22825054939843353,sad
72.89151445833953,0.4597445380056854,36.8915764456354,-0.05877984335987904,0.37881886050665015,neutral
92.78828891488045,0.9382504564855793,37.26549889176583,-0.35555628799818517,0.8633517307147683,angry
87.69488987850549,0.5623324588910816,36.97272637652499,0.7326258796268775,0.8420120806479741,happy
69.47556097634101,0.5692574462606161,36.83543194241316,-0.01599904176768044,0.21901060910653858,neutral
92.44245906459088,0.8117146206387109,37.3394319134155,-0.4531909712631024,0.931336844755566,angry
68.31589613778259,0.41551923510849853,36.27910167824399,-0.8259824838106564,0.37930299126559,sad
94.65833288326242,0.8778141186830669,36.97819285897161,-0.7999941826223169,0.8249697485446876,angry
74.83418230302723,0.3077860490738502,36.283577681241916,-0.9939456359865851,0.23124457798246295,sad
72.6478456861645,0.5608686784875815,36.864111083801276,0.13937015163620992,0.28452583940272186,neutral
63.73030145806153,0.30382373041156346,36.32827813610849,-0.40027364876854343,0.2217253505845183,sad
71.70376463384395,0.4701244902654179,36.98447397233971,0.036255133597855094,0.3322028508494641,neutral
105.48158279653887,0.8096358050332626,36.66290458596478,-0.4857829762905006,0.8445602437823849,angry
85.66546867568393,0.5388074821707709,37.05858697069862,0.8857696656284968,0.8036021130087725,happy
71.56530590463302,0.3980069253239873,36.15884757430889,-0.8918825475231112,0.12947049765672416,sad
67.09496930670193,0.3615035379595701,36.49954861781828,-0.5626113630065102,0.3585072711362036,sad
83.15887362379455,0.6178188488038041,36.711586819687525,0.6475497564708288,0.8058876565905118,happy
76.81605520686708,0.5316805770287916,36.71759376421057,-0.001496498847055383,0.2761035419739789,neutral
77.95455417159023,0.8615274438085982,37.00021205178741,-0.4012263197314003,0.8847735747030163,angry
69.49925475885374,0.27410631266595953,36.32859415983868,-0.5770773939739711,0.3451384426046756,sad
96.4490289873023,0.7849298569624736,36.54432980654692,0.7929057445008769,0.5473969435073602,happy
72.38021615678925,0.512181852351376,36.97735161322623,-0.04137852720401472,0.22634300571581872,neutral
70.90026624224072,0.4005538228775539,36.10216997664768,-0.5101535290209815,0.25045463844392013,sad
79.05967592982063,0.5341784661600238,36.426808857759895,0.028698393257499483,0.36656607535765423,neutral
85.58160614623445,0.904564760686144,37.001921307816524,-0.7901021708263729,0.8172046332957817,angry
82.88743632788979,0.7374846490982525,36.596980931408865,0.7336199862675077,0.7930796202361121,happy
60.84241001138343,0.3798637443778291,36.265275371793315,-0.7999224438423937,0.3032622836510602,sad
93.36642897865526,0.8375281457650666,36.96292817587735,-0.32777570865284833,0.8925203191895674,angry
65.20502636059001,0.36700296834304,36.53429612020138,-0.6393383826254031,0.39710853459951156,sad
77.64569113633338,0.4746462192238247,36.36630968961779,0.19214749637687406,0.2135005093367644,neutral
86.94085128833996,0.6527108914258728,36.63245811521644,0.8328732920370359,0.5817762295798188,happy
86.19665400198741,0.5452429521436944,36.76999521311862,0.6821331754827199,0.693215879023556,happy
78.20465607929569,0.605543631851214,36.536519637782256,0.03814386450344162,0.23442212056455555,neutral
98.04972437634137,0.8433292579780566,37.146423147435264,-0.7539665069587623,0.8797133761451145,angry
75.45848603679995,0.4562050211141946,36.97490669093826,-0.05069607421489644,0.3127319942057525,neutral
89.77637738118725,0.7073144350628403,37.20758638368251,0.7251629576854592,0.6084385015056263,happy
74.46444429373713,0.44965102632766796,36.440795275949725,0.17562283838687487,0.20133642584477757,neutral
77.0283250350382,0.5832158549062317,36.84494477157885,0.07204475417878908,0.28163033817333966,neutral
88.10609273469524,0.6385984295778392,37.04026482740975,0.6881934773893217,0.7902903641456414,happy
68.33490903909366,0.37823029629467997,36.196067132261575,-0.4137958273366339,0.13056793026188104,sad
63.82817910501991,0.4085713173881936,36.470068355845676,-0.5096486131799073,0.25381791827853284,sad
97.08499265944215,0.8512646035289472,37.078311062362765,-0.4933541575563105,0.8913064740687806,angry
63.211458755551305,0.38249807830769433,36.61189610603466,-0.9699888539073327,0.37345638799759495,sad
77.04986606476155,0.46081171672068016,36.56189178953675,-0.09167746878521098,0.2495119540559773,neutral
71.10753855911472,0.40612785573819454,36.79206597463597,0.037921285871115845,0.27444007836504386,neutral
85.55315806277942,0.8826301425900257,37.213132859089875,-0.3885080974791163,0.9798131524398284,angry
82.62910421710177,0.7428175271999664,36.564618305206146,0.9950638369365007,0.6165982963694892,happy
68.4627030774681,0.38416644964055346,36.358137236084126,-0.6493306541455444,0.26149958297671405,sad
82.89802438819187,0.7453831918629358,36.96602852315781,0.9334572536575834,0.6997727079467342,happy
72.47183943606187,0.3769162011198463,36.43684958278882,-0.9615961920348275,0.3474229712041023,sad
70.32792008270516,0.4171437106474706,36.47932600091987,-0.7554202852122065,0.24085766261315883,sad
69.74455416809049,0.4753438588800114,36.988726400693764,0.0620694858097352,0.2520473195970459,neutral
68.21241269461588,0.299805446039058,36.571211844699405,-0.5041071458825426,0.23386036629326312,sad
78.83115894054747,0.44960930506312846,36.47658517150765,-0.10001722144095151,0.30300113194194467,neutral
101.00231448600866,0.7806704313068694,36.976812611805016,-0.39533780085736886,0.9359073199184444,angry
70.84707133450517,0.3542946503146665,35.95613992545049,-0.43532751247979595,0.36289582994269354,sad
82.62651115181471,0.7223182960779888,37.18951738490249,0.9537506188091885,0.6379125680290588,happy
75.424699878986,0.48052992284849005,37.01818098098091,0.04421870200616981,0.23207308122394865,neutral
92.97367003658458,0.605279693043894,36.85555906741542,0.7718434368529453,0.7962504595577482,happy
72.95262839390855,0.7183071703541297,37.08369088878848,0.8059733399653037,0.5645451204221534,happy
80.05865570911595,0.5252106679586384,37.014521621582816,0.6485981564351061,0.7538557025949522,happy
97.44083316230072,0.8584599583555482,36.71819501938216,-0.49612365845217377,0.7736056942498633,angry
89.29248076809166,0.7780711121258218,37.39970882417784,-0.5140438980746997,0.9958740015854204,angry
81.05036987355871,0.538981168143343,36.52401512297219,0.8163620015352323,0.778571922814443,happy
89.69882640425428,0.9018470691728327,37.23254782683573,-0.5122953063569259,0.7066424426417888,angry
81.29090920505753,0.8701469400498895,36.87077882707036,-0.7413980471598833,0.8011619726697256,angry
75.04068760689088,0.5198902725875235,36.758352288506714,0.0715590900311362,0.3545973442611174,neutral
92.02510238636346,0.826025868159457,37.087448845739566,-0.40362094321359365,0.7207137718943799,angry
89.68695574639892,0.6343654621381385,37.04520068651353,0.9526253819763028,0.7925266078813185,happy
80.29677551179543,0.7371148653214741,36.92640418452351,0.9285553451602777,0.8373304671151534,happy
92.28625271477038,0.7961221181879368,37.361047772197715,-0.38970062116170673,0.8213705969212052,angry
116.85327828198231,0.7859969148481882,37.084118856346166,-0.6060869550415344,0.941061297838781,angry
88.72067498548321,0.796156252389839,37.09334083888871,-0.7091383533859218,0.922924461889414,angry
90.88234478288622,0.8653231439555864,36.96006438160113,-0.7629472887125666,0.81264067853995,angry
81.2459734745613,0.6434471313501586,37.040906959820504,0.8826537053870385,0.6497921599872067,happy
80.95906056027427,0.5448533098443566,36.954975008255744,0.08350626209166168,0.20167273637537142,neutral
97.2101512921415,0.8744503384366523,37.46154866637385,-0.7523141988634707,0.7311035742202829,angry
69.44443378330769,0.5698298445790632,36.78292959702096,0.10069879695833617,0.3606004143915674,neutral
71.34324930080297,0.30409956188890974,36.71560750141062,-0.791822404159265,0.21722654569889116,sad
62.49429856011214,0.3598646132815603,36.462261734688575,-0.6417068164058188,0.2962398211083621,sad
75.54910454271315,0.5581100394520376,36.541374930966576,-0.03401151383996873,0.34255553524336624,neutral
79.24325474502156,0.46848437603735094,36.49838890457762,-0.10339974880286662,0.2429825274072792,neutral
69.99491664395292,0.3827801956436713,36.47585617436453,-0.6491991459005051,0.14009517442315542,sad
106.26351920731298,0.8908633670822076,37.357645146406014,-0.4018792747293158,0.7815838118255346,angry
78.94028379644314,0.37659953038059013,36.237397575655926,-0.6827653485409386,0.34777531219480917,sad
88.66994613709284,0.5790678915081592,37.040237265214074,0.8381213063709956,0.6058540107701429,happy
99.29817953080936,0.8922714249494176,37.187472530028685,-0.4066458296463455,0.9320987694686997,angry
74.88857777849066,0.4495722657961896,36.30747486166549,-0.18754036288264359,0.2519152898550099,neutral
72.67696026899064,0.3397953351492206,36.4891077693058,-0.48512776344933795,0.33513171670517483,sad
90.55599678326641,0.6969518662165143,36.841548047619646,0.9984630693995116,0.8301662656495792,happy
71.71938312257319,0.3794974242277471,36.88989195979162,-0.8175818365312002,0.19543133407104163,sad
86.76587720153712,0.8468554169897895,37.06637580389957,-0.40813087446238183,0.8698542073675213,angry
93.34634707951459,0.8077572929149356,37.159897220181044,-0.6455220049659237,0.7397933732802859,angry
76.93663647573182,0.5535705650943745,37.10400982138593,0.04984561924581263,0.37288664937367283,neutral
64.67073295883038,0.34154244121283395,36.66921259534609,-0.5943247614470258,0.14153064799881832,sad
88.99544106094119,0.684990488661826,36.62013876503961,0.9712728392455806,0.8716558080061851,happy
105.61862752796051,0.9580908730608984,36.47071421447594,-0.5529261646810587,0.9583135898509936,angry
61.21104552371062,0.3845904910916864,36.7194745579905,-0.9679912018066614,0.23642930276579835,sad
72.69110998827865,0.33225312742838586,36.29612140271713,-0.613445965809513,0.3922742962434269,sad
68.76720487977136,0.3128757883730808,36.30293883292642,-0.6184358039039735,0.27979063484183136,sad
85.75423358284729,1.0289026920636788,37.055212560584145,-0.572563778598566,0.9057101628800932,angry
61.65992896308312,0.3009869411851245,37.01238939308124,-0.7588676800655619,0.14610731285326137,sad
87.22309686200707,0.722863654521428,36.934292368245316,0.6379633765069385,0.737633112227885,happy
73.79847303792091,0.4963026217195804,36.609668104768076,-0.16617384876110486,0.32136939110802787,neutral
78.24032260763674,0.4461062948515637,36.70834454224314,0.19047478999523348,0.3366907554815018,neutral
112.93769361532762,0.7783555125162932,37.34900216484717,-0.3986798438235352,0.9991713699710808,angry
77.75306693620338,0.4489279688670704,37.02508637183176,0.1763093198758004,0.3551823065614612,neutral
75.03763228769186,0.3241785178056214,36.360706683314376,-0.41479411991255766,0.3450921721815511,sad
73.70067050532272,0.5328178725314645,36.986893373869215,-0.033512776461860266,0.23362362567985917,neutral
96.79991456693035,0.7116081734618522,37.042272436579616,-0.7495109465911195,0.7502473267282322,angry
86.66839529972698,0.6514381765221401,37.00865933281646,0.6878827161565602,0.50820832589173,happy
61.91038186617444,0.31150019669012713,36.14077666715002,-0.5956034751125618,0.11876945266583548,sad
89.25534607010307,0.7550399958273868,36.884780646277605,0.9122224107548855,0.6214495752575361,happy
70.13041552404293,0.4286810538859296,36.8562724444725,-0.004866272582394998,0.2164544648554124,neutral
94.71470905107365,0.8651385583924742,36.85091457945655,-0.6180951794295333,0.7572177962772684,angry
89.91558816488273,0.7782789930435442,37.06283035242365,0.9108197142607024,0.8448811894632755,happy
105.61769006990912,0.8786270678936818,36.464125454261136,-0.47197248901214806,0.8678736563396026,angry
77.93565485335053,0.3287775648428759,36.60716504768351,-0.4841231951130126,0.2220414402855171,sad
90.00276308796714,0.9852142106676766,37.331349522699185,-0.35505813676325676,0.9453568916965088,angry
68.15890784080796,0.4452068294786503,36.72519178307241,-0.7062253227698532,0.2934235745730456,sad
71.48691970530653,0.5480978309777689,36.746518981645565,-0.003693997315055819,0.2813113567616209,neutral
74.12099801662909,0.5190190724108156,36.66183173627133,0.18797061013807637,0.3142520939874195,neutral
81.53507901334251,0.706052361492631,37.14764758812929,0.8292892777798366,0.6350597207996939,happy
71.4920296219578,0.4448853925081788,36.83627190208859,-0.11271698617913112,0.3748143546610371,neutral
105.45756739858841,0.8922322119154318,37.43733126573646,-0.7732427685434784,0.8129590863367895,angry
93.30720506864198,0.640073886250274,36.6632229647895,0.7404877549395124,0.5375106105028066,happy
68.71046122810172,0.37873506308326743,36.54843056087529,-0.6308478080305516,0.32812729350474157,sad
101.99171651344706,0.8079001714786063,37.44708444455211,-0.38622347386297656,0.751212508993744,angry
78.9094601422534,0.6957451366439104,36.824535697976344,0.9094210967459548,0.5493603260822386,happy
83.103228367645,0.5028168143406061,36.59757085353038,-0.02472855470066221,0.36783607899605975,neutral
88.2461439515255,0.7030175428284173,36.77047357728229,0.7862730167049118,0.8093524191128999,happy
79.38235439543003,0.5437978412329825,37.05011583350435,0.6693984201420088,0.651900609167727,happy
82.64963763966719,0.5432077106735443,36.75572383841319,0.14259736110502946,0.367013189091004,neutral
69.29066564193813,0.46800040916112756,36.66675570305797,-0.19233780577949885,0.36537171219455067,neutral
66.76624668950562,0.32657155386008996,36.06530304006478,-0.8006766574316071,0.18813277185231725,sad
72.37326083955955,0.4941885478439021,36.742942636634105,0.04458544449026433,0.33569999365852754,neutral
72.36758212234875,0.2753865606670068,36.432195789435795,-0.7897520499938816,0.373879301432407,sad
85.1340646613861,0.5495629329096045,36.907675530953036,0.04907581637991898,0.3980217692173732,neutral
64.4748125993017,0.328137029731115,36.570041073426246,-0.946606171086192,0.39750882201173554,sad
82.7276952935751,0.6948335856640577,36.86189937880044,0.6247233842756891,0.5369442112445514,happy
70.93185332243421,0.5470628927397398,36.571122614240394,0.16529307216858252,0.23787868357696923,neutral
67.02021885674687,0.6037818771082919,36.62554550314288,0.1004708547816171,0.35077361654198264,neutral
65.22228919212282,0.30641609605815573,36.36086428822461,-0.48102243693087887,0.1748374612879697,sad
105.35106526627524,0.9245753251408307,37.040861178195264,-0.3522185759340807,0.9727525792160757,angry
90.60131136303403,0.8242669987953264,37.51754064683723,-0.32988959721435757,0.8811390975787288,angry
73.25672409133507,0.5114657064217324,37.04253354256772,-0.08482186292960302,0.2985639169065649,neutral
70.07532547467991,0.3177976992143604,36.6304062805619,-0.7659278591869965,0.2065394943261438,sad
107.75518264576995,0.9510965342123735,36.88842100563357,-0.47066932253011656,0.9794664742928443,angry
75.26725953270962,0.5538461412646425,36.55172134467395,0.024231923600419453,0.38853183539332614,neutral
81.64320960775163,0.5233358117002591,36.801273395505255,-0.15821819275993945,0.31537147622654005,neutral
89.8792020126624,0.8301313578870301,36.74385409006723,-0.3521510184003139,0.935050024253577,angry
76.77114210128741,0.5036018430641872,36.65755820601977,0.012916750380581765,0.22065300177500968,neutral
71.38819844241674,0.3895250680330862,36.08653416929509,-0.7458712504048621,0.3380711963616405,sad
97.64843036925085,0.8447220303287352,37.21266388883367,-0.6262406023431227,0.7151048580908059,angry
75.0933180345887,0.4766200329752502,36.484700546318074,0.07550501632454615,0.37954871330194506,neutral
96.54900285211373,0.8425091049008663,37.431449161885546,-0.6245904453324922,0.8087679389677284,angry
95.56494638470718,0.7995048184445296,37.17069717412092,-0.6208326716641632,0.9738677334209727,angry
92.96502479652746,0.8055544521641658,36.774664118291106,-0.3957971305531546,0.947087083224692,angry
89.99839827315984,0.921757955089638,36.96667381664303,-0.5896193991170371,0.8805046492054889,angry
96.57988696468067,0.6509338117269609,36.93543789691654,-0.7193905940124388,0.896922881050197,angry
70.69364488026254,0.3394362372424843,36.312007417518686,-0.8565144727392862,0.25369010406612424,sad
98.84789592817704,0.8643864863630325,37.221853481726214,-0.7615984758427893,0.8063998614955248,angry
76.6378020877025,0.5084345662669716,36.67673539214475,-0.024729313333457903,0.37985207178493796,neutral
66.53840175330856,0.33557256520621476,36.243249295775115,-0.7520964896753684,0.3027468775312221,sad
63.48286791815528,0.3145866130298493,36.493238068469424,-0.9825068883867466,0.3721746833069218,sad
67.98183158453492,0.4400070138910201,36.64154895691124,0.15173208627138962,0.31140810265500707,neutral
63.615347746081724,0.2942608047641742,35.948773538501406,-0.8100479440548093,0.18570987821342938,sad
64.68403275812321,0.36011643982114006,36.72637137981782,-0.5935371572630233,0.22853737115463865,sad
78.79193647942793,0.4932445366404581,36.7508516559482,0.00019092634668727015,0.28675411320360356,neutral
92.39538230982932,1.0380164640004577,36.43391691973139,-0.645765859255258,0.8719126601857047,angry
75.6124902503643,0.5495354126851758,36.8076265929137,0.0786780445746994,0.2648691615390112,neutral
89.15253978830043,0.5895281927587164,37.15589298633155,0.8684372628343904,0.8221720172183917,happy
66.44816810903964,0.30155353258757084,36.23323999967288,-0.531886438910203,0.3992868466754157,sad
83.7294260047708,0.5641181737057802,36.91754796864675,-0.1518449684843644,0.3877059566946261,neutral
94.26700718962263,0.6337215896190742,37.146701098119415,-0.5788738617402205,0.9391633217736288,angry
62.72454745837558,0.340286543401074,36.248841699968324,-0.939852661766274,0.10497774418977937,sad
65.69991419486853,0.3023720938590718,36.39216552587875,-0.5019094102012491,0.3844754613370238,sad
94.56211439808138,0.8201070337388664,36.97318214735155,-0.365795238026533,0.9779391393868555,angry
67.20868059298004,0.3487089407475821,36.486777096000324,-0.43194637889577814,0.33448464375891973,sad
99.70320602466089,0.8428612676622841,37.090607338755134,-0.5058238895084234,0.8193053243299164,angry
112.00401025408507,0.9540250553708474,36.960067021964974,-0.5434084581216106,0.7583342933295065,angry
76.52970624694044,0.5605121750253438,36.64619669071704,0.12225952214533681,0.24486371177070526,neutral
73.51616792171377,0.48917859858620555,36.72835708409206,-0.08506931339643922,0.25594919355381424,neutral
65.48040264312868,0.2046505890339179,36.32503558867564,-0.7993592926067508,0.21837169459567715,sad
60.711961605022466,0.36355189003810623,36.26619907542403,-0.45351839741811206,0.26422445211391776,sad
80.2124735834223,0.5935546112004589,36.630883319979006,0.763382232563393,0.7718788867333382,happy
86.56882961654193,0.7347483401629132,37.115822660798784,0.6986079622551932,0.8904130794400815,happy
72.68439587065427,0.44988914905366373,36.5495129525294,-0.0354784111735075,0.24810631703602976,neutral
91.92990002520726,0.878402527853667,36.861490216113914,-0.7773526781934613,0.8969157578154301,angry
95.77181382242236,0.962114320181286,36.81458204456516,-0.6646780290091172,0.7243688904420018,angry
69.22948413456453,0.2023462449674365,36.64817591440938,-0.69575054556384,0.2913705623658885,sad
90.0807655631043,1.0325321469231075,36.94558958076658,-0.5944047620652545,0.8282459362270804,angry
75.03617683279586,0.6051865958908155,36.67578400771819,-0.028150854441262363,0.2557876152146954,neutral
95.2576850203578,0.9675666029888709,37.17385682164122,-0.7918998013302665,0.9455141274338605,angry
88.93663080914598,0.5908449820047945,37.23814184766425,-0.4095403218069548,0.9374390622668557,angry
62.45970480941486,0.39501992941975317,36.4902450638637,-0.8054023735890892,0.30294512485618136,sad
79.96865322837257,0.6259216749996344,36.894456886750916,0.9772247589627886,0.6295278299609726,happy
73.5141140005538,0.4595890795606682,36.841985825840105,-0.1760226796554767,0.22619474859883482,neutral
69.85001423105183,0.3152755856986168,36.47343403204668,-0.7531752571524464,0.13791592672170014,sad
61.82703777107881,0.296457379065778,36.782283817427945,-0.6711128783631868,0.15239415576889886,sad
103.168215129829,0.8907629036348745,37.41399323010779,-0.5039915786054686,0.7497703073112358,angry
92.06586640716219,0.7881533235543615,37.10012501625841,-0.7550615741319198,0.8802736016977258,angry
69.88160888515591,0.3655607948975744,36.42662138049279,-0.4051278592943248,0.3180516493144713,sad
94.07429862113632,0.8982598000457115,37.17453961649763,-0.403904402599162,0.9029083203618172,angry
80.21635384018798,0.5919384211883186,36.868407679464944,-0.1673330896559615,0.38485741415893227,neutral
80.95355856377854,0.734882576619432,37.246966378245446,0.6064973772837815,0.791511221780259,happy
74.66642551548446,0.34060942619799284,36.83652721671374,0.057961162116942355,0.2576503154334737,neutral
66.4266819132661,0.3041862949718137,36.6710885602211,-0.8473112010290439,0.10386924093685763,sad
104.3253237753255,0.8681273593194249,37.48968030321086,-0.3055822343054178,0.7677183171517382,angry
70.65171049372195,0.48585566397401875,36.57618545269656,-0.1613420662848991,0.2353793901647968,neutral
94.54139843658888,0.8762288912600621,37.07740649222039,-0.6399863417188041,0.8429383813718199,angry
89.88659258032165,0.7673475119045743,36.71089862401145,0.8728766757020394,0.6260957738597803,happy
104.4370349402488,0.7888043807297372,36.90271459290185,-0.5136785734422078,0.7770230488929274,angry
97.41929391469758,0.8499904681152725,37.37083510947783,-0.43487540523521445,0.885751820609751,angry
90.62347928398448,0.701122890414633,36.883886840337524,0.9186034078894834,0.593016532648342,happy
67.19357122583939,0.49730475754971304,36.50353928392454,0.03422549151732074,0.3082748841814877,neutral
79.07342153691307,0.5232673086763323,36.69520453950041,-0.17332244743782046,0.2096184620824071,neutral
70.20635767260843,0.44854321353588994,36.39610626018458,-0.8486128437581878,0.19233127158794475,sad
62.48181064375301,0.35678160043879764,36.602140432917224,-0.7976182981195081,0.3824730558201802,sad
88.7452197226302,0.5781541554633876,37.14600011454383,0.8702651608828291,0.6583748904783799,happy
79.04900485952244,0.7261149778001176,37.063625457249636,0.9160059366239528,0.627193020536134,happy
80.25204726049533,0.8429564424659165,37.1845631218823,-0.7689816181856093,0.8017915801928702,angry
71.0880791578299,0.49991341508871967,36.67273233059711,0.19432212834008233,0.20003730563413263,neutral
102.42277133663718,0.7932783233895607,37.588314784381645,-0.475883265596077,0.7184338870392362,angry
106.07189277685045,0.8033149222147259,37.02580668475858,-0.7097408858037882,0.7787411755363793,angry
73.56837574148386,0.41016309935109735,36.9980758940386,-0.06476623625349545,0.22536480451008378,neutral
83.98799005684327,0.6553867793157881,37.20012995794661,0.6859666125546877,0.5167856293774538,happy
72.54168080540548,0.36062870153161075,36.60539725266395,-0.7927114877659326,0.34090356445789616,sad
77.94384011957273,0.3667059324814998,36.18177419255944,-0.8967483805284241,0.36363077493787443,sad
97.01506128825969,0.8322649136000746,36.812657097446035,-0.5021600879192353,0.7241846215508805,angry
73.68535193935081,0.4011999776139583,36.4134121758629,-0.07399585104930737,0.35828195010139513,neutral
75.04771294960062,0.52457147263601,36.81395207143973,-0.08917230011464015,0.38817603391184086,neutral
80.08438932709079,0.5366836283799625,37.153781928503165,0.7878074661382535,0.6690624135155834,happy
70.17316182735317,0.359338102742412,36.49453261121534,-0.7112332292684578,0.34290251087976686,sad
60.2691894019455,0.4076472275911432,36.4721030429889,-0.7890746439701812,0.28311324859549836,sad
84.68909528580771,0.8059907773650768,37.06324364414229,-0.5002694301706417,0.9707209828332024,angry
76.45700084889195,0.5113229515556723,36.61484223141704,-0.023539779107747044,0.23988231955170702,neutral
76.88442319944996,0.5570732158986126,36.58813401237256,0.021874809915346877,0.36518646171000324,neutral
55.82911807078704,0.2744884877291551,36.377796225278566,-0.7509250362791674,0.10429927176010038,sad
85.60627341551965,0.5598184667775523,36.95854309642837,0.6238348389412575,0.7417437278859085,happy
71.9560451950644,0.3245869824552434,35.96468378287518,-0.6248020241774602,0.10370231381811221,sad
100.19147822525342,0.8086253532955145,36.96295841100769,-0.6066464714780111,0.7153450616861192,angry
92.59282463631136,0.8960026428087214,37.07090233428481,-0.79633292458191,0.7077428178589544,angry
69.43044188886525,0.5847861438905433,37.07945773895462,0.1512134051377828,0.31157473513201467,neutral
88.04182771447418,0.6867028225198534,36.91142727103225,0.7804772765802894,0.6321565894662466,happy
78.69678186396081,0.47560033418963876,36.864193376873686,-0.16912498790941283,0.23397741464381147,neutral
88.22584562686409,0.7021493993729858,36.71533321112624,0.6236423283502618,0.7762905260453052,happy
87.49630015691399,0.7184470884780341,36.47887061163193,0.6307032247554952,0.5016749774511832,happy
84.20532132335609,0.6207070278637963,36.80586772765444,0.8611891687631756,0.7318476388912547,happy
80.80077052253876,0.5055194819553849,36.80148418556666,0.09146251369464109,0.2630727486532235,neutral
61.57158790876662,0.34813437958766824,36.42762634128054,-0.8753299474229852,0.2763091054862638,sad
82.36130887985937,0.7070850715710985,36.890382298533844,0.6290939791114674,0.6122403252951664,happy
89.95097378244922,0.6797329326792654,37.13881904998923,0.9846463228184663,0.7920973337431472,happy
70.53520955456125,0.42363521547860955,36.35957312000506,0.19128826741062332,0.23617838027577967,neutral
70.65283302268867,0.32391955440729886,36.5876631431929,-0.7767278708549807,0.25656529844738296,sad
71.31501955422837,0.4602221466029559,36.784878787572204,-0.03367257279263561,0.3097176830109377,neutral
90.69367387136803,0.7879180914043896,36.93314667217298,0.9075680178284673,0.8976326618582302,happy
72.79946899951884,0.5684049240881907,36.46625179430138,-0.006478984055741099,0.2836779066756667,neutral
67.1103091250403,0.3759931719899906,36.54866242590858,-0.8807115634375582,0.1945031521550274,sad
70.11401974773374,0.5339473493881116,36.53751953021252,-0.18992036207157215,0.27096637110863253,neutral
68.23385715420423,0.3446423559482232,36.636841829192335,-0.7525581637192803,0.1587266819216874,sad
71.72053781986499,0.4868927428066047,37.1883008684339,-0.14672714973299064,0.25226660357707675,neutral
85.81605127513677,0.6241452822967406,36.788931539227335,0.7662056252248264,0.8632060357499898,happy
80.13188995192186,0.6948380054552341,36.92461564033123,0.6697637068445997,0.6886597963002381,happy
71.4422050030418,0.4835758514294733,36.85008931417748,-0.08978537314365953,0.2989042250240816,neutral
61.493384605471775,0.3968104504789975,36.43696206049795,-0.6418328659520964,0.34304832698791077,sad
84.25863908016292,0.9171009715127384,36.893162750089914,-0.7176897433817476,0.754351555255006,angry
70.31611248511355,0.4592312185841939,36.48675301362016,0.022053514701275395,0.3175983258927666,neutral
70.80118519744228,0.3094808152787507,36.54954042302633,-0.6526134120675129,0.10438269913266486,sad
89.74353458746533,0.74358443062953,37.136513145412174,0.9194623121426546,0.8731011756241254,happy
77.6484691659281,0.4035634988625077,36.89788841565767,0.12308712799259186,0.377182799099485,neutral
91.29981751170794,0.5818634813381076,37.10142666729463,0.9519009609177375,0.5196883658163046,happy
58.93383356998477,0.29706947047354004,36.80240682619212,-0.4409812157912988,0.2861113756371163,sad
75.54469153225931,0.5279850236205711,36.73750775688279,-0.07864578254834674,0.356378182599378,neutral
93.79797703382646,0.836242271496586,36.99959807233572,-0.708770979673755,0.9895628915637206,angry
67.22730502885065,0.28135702742594676,36.47029598007044,-0.6973264349983868,0.19365692097073883,sad
64.76527414375192,0.2991719560493825,36.15116497746443,-0.9959111812599232,0.25702215552024155,sad
76.32156193862271,0.3554703799510029,36.415151868639676,-0.777860688589254,0.32538367731213014,sad
91.14903601965352,0.8827079215198993,37.40943112138228,-0.7872151004551327,0.9363910400772795,angry
80.51560679938588,0.4505021103723993,36.692998477998756,-0.1005840716290296,0.2633885243534563,neutral
86.68301026354352,0.4543567841118185,36.559869469131094,0.16472745147443668,0.21950153849277507,neutral
72.41324038506559,0.2932801808646755,36.64595484490439,-0.6996524095415013,0.2937175130053161,sad
63.991474786755134,0.2970024960507641,36.39712910668717,-0.9494467735492172,0.3047957815132597,sad
94.08914159217079,0.9085104202059994,37.24760551531287,-0.327125148887035,0.7938758644086468,angry
89.67878861419345,0.8642333445607897,37.41634152325789,-0.48082471128978416,0.7921436944312634,angry
105.40664564977222,0.8337018297566721,37.551629052665504,-0.375450990020662,0.8150191423174776,angry
87.69572058975075,0.7184858956438841,36.65536061965577,0.8311311886045742,0.623149650109747,happy
93.4725588084925,0.739277351659931,36.86965711328455,0.9318250862732199,0.7837555287297545,happy
64.1735996902833,0.23012505644351708,36.49005332692789,-0.9148034443887492,0.19127255914815874,sad
75.8772385423207,0.48895288692476196,36.514371472344195,0.1545521447840567,0.2094393403394758,neutral
72.54810565709504,0.3311544837795075,36.55181807907768,-0.6222229930368444,0.3590453825107346,sad
62.80955748091856,0.3237716493116474,36.67044053577343,-0.9164475575291776,0.10321458930860769,sad
85.94423178565457,0.5328070010830268,36.82606058880578,0.7850374188420612,0.5133071884677434,happy
73.53960710903735,0.4431131002094304,36.70488146790664,0.1930958163641544,0.24999457817376594,neutral
90.38193769804433,0.6400537087437235,36.44520995815269,0.7642836981566665,0.8270493513217945,happy
95.67481469839697,0.6847811513355319,37.113954290996766,0.7675879095118098,0.6832114466335475,happy
74.09855374945097,0.3898046352999284,36.571723679615204,-0.8442380297749129,0.10049312713373491,sad
91.72355198256479,0.7372714457795218,36.99784102186583,-0.7998864808908723,0.9745004613242582,angry
78.31040790530419,0.4719267821565658,36.86587615871784,0.15047699130782244,0.3445569201243043,neutral
101.30404472735252,0.7703881214517296,37.054624209466084,-0.5438035896339468,0.804649572237589,angry
101.06148632813571,0.930117490042731,37.29265966973754,-0.3410795584532235,0.7324086872474738,angry
63.897710752221656,0.3446756058409726,36.30924150296718,-0.5185589293292054,0.20237333492731618,sad
89.80351070359598,0.6898096311224972,36.96229351265221,0.8686350971755703,0.5126889967264124,happy
70.15174220952376,0.3638679230982338,36.39554420416326,-0.7100607544747389,0.39606878361648934,sad
78.6386061582353,0.4644906525279144,36.65195442674551,0.14516895740439562,0.2534150014912665,neutral
72.58025661559155,0.2789423429927189,36.29657258391025,-0.5086784376877171,0.20119918265372966,sad
69.64335305785407,0.5079871683525372,36.564496585623246,-0.1104301648813642,0.27265455927977994,neutral
84.44506514114133,0.5047088393645027,36.88278606144182,0.6427202816009454,0.881361151752838,happy
79.50277126406766,0.44004313828258645,36.50324121646184,-0.06948713937242143,0.20415160642479285,neutral
72.95399044176104,0.3742500645761614,36.306435563433546,-0.6732214773357186,0.12335695588263089,sad
106.96879730253899,0.8365022257442184,37.05425164454832,-0.5585743627949477,0.7636856925005774,angry
70.59076210303483,0.49178323970573046,36.74241867061484,-0.0863262817153085,0.2577937049842117,neutral
78.68260372645051,0.28681458530104986,36.21317045737843,-0.7316793806701372,0.3489463794151856,sad
71.06979204135406,0.38951892625214257,36.6601053717192,-0.9065360436518979,0.26411360368467335,sad
64.83261003781539,0.3832193767117813,36.26413904612685,-0.41823043665739723,0.3204125710795077,sad
71.70291529073197,0.4801160153192698,36.46319388835549,0.17911187918769195,0.22823981270743698,neutral
95.22376591489089,0.9533866571334532,36.99199959893727,-0.560920538222078,0.9303909934185495,angry
111.33629573593895,0.8195674194071323,37.0172554565966,-0.3309679302159344,0.97529418337133,angry
98.77617759649291,0.9215624173910814,37.57249872433013,-0.33684586153940205,0.8857504132729175,angry
71.41067983372791,0.4118826878755999,36.475953527208176,-0.7707259033240161,0.13968061452954453,sad
68.36181755495399,0.3607271672478482,36.54430580589144,-0.6480929313775308,0.2578247555252209,sad
68.53657957330981,0.32563052918549473,36.50672959907378,-0.7185755514891077,0.34028161646242916,sad
69.6650602355813,0.23275148084590666,36.13696645151436,-0.7525801076351913,0.12168308427195298,sad
66.09950718244839,0.3317247031507367,36.369740155953494,-0.6341123430711297,0.172241144821952,sad
69.0744787691911,0.2796478893228787,36.4429615045754,-0.8610405851416607,0.35467716084282186,sad
69.27592540768242,0.4469353234144259,36.6909070047742,-0.0769283642088206,0.3852119119636531,neutral
94.3778573001717,0.7633347936775656,36.70634636292627,0.777508535636898,0.6129471676170625,happy
72.00112669000674,0.2804889037423268,36.43155228785875,-0.9002623827690047,0.37494674533465433,sad
69.04252410581621,0.3420192087375894,36.93559545523397,-0.6526208078225173,0.1163535782313479,sad
85.32347219548186,0.633177023379689,36.56602646666525,0.6907914157886084,0.7975620749208607,happy
82.81321302298396,0.49356323302360383,36.84575185662876,0.13175406005694984,0.23806739501900953,neutral
78.01251338040368,0.6600134138915267,37.069922397703245,0.9048698348726578,0.8247226873403546,happy
101.05890914130069,0.9026078785363593,37.21424184113337,-0.6303898508041081,0.8633786346132248,angry
80.25161061567914,0.48336714097184136,36.91873952813829,-0.17949461632960073,0.28037525424734794,neutral
80.37396083273624,0.40938327081146386,37.151765424381644,-0.007882296483457674,0.33234076909626936,neutral
64.60846633742402,0.2792366404037906,36.44370680848219,-0.8248532959013156,0.3245826125745498,sad
80.77941691416937,0.6320701584175201,36.427019514921874,0.8452607644412071,0.8222408875080953,happy
88.5575799513437,0.6541837486161298,37.0899045835922,0.8829115647622668,0.600869150998212,happy
68.68738172570572,0.4544671324925899,36.274332770240754,-0.9867484928192921,0.2073883583598294,sad
84.49845179503724,0.7172213357397029,36.99249672481337,0.8202641836946257,0.5612578000335825,happy
94.91193032027682,0.9078146752964769,37.29587158039803,-0.5908544444532571,0.7928238384611332,angry
76.77049675693338,0.47143128737913614,36.7393127095285,0.15895892732863454,0.22387620226763938,neutral
76.44714304904696,0.5542214788692198,36.495410895953306,0.022198912067852572,0.31678385785222707,neutral
72.6880584543053,0.5268814951474939,36.78563724956212,-0.12727293886506452,0.2860693064744401,neutral
72.11597051346443,0.3841595455182656,36.43105996829649,-0.5511903539803586,0.3509592672282711,sad
58.82804346859709,0.37052660072046256,36.576057015796756,-0.7387622059601491,0.3859360343182414,sad
63.26092622435777,0.38027292084102676,36.41417813056441,-0.5070150581326268,0.13041395274095907,sad
88.72777905364089,0.8748887992914556,36.62758767697596,-0.5177917061101263,0.8801749590961407,angry
90.16537492299258,0.7208292958547591,36.936912870509076,0.649642947085511,0.5485659622019888,happy
72.44585861767199,0.2862753558750488,36.475910060922445,-0.5999886088644921,0.28701386978797216,sad
91.18834488913976,0.731208968140489,36.927852993840844,-0.43599387110190135,0.9439442965503955,angry
73.33083157275199,0.5961722897412477,36.54507700599628,-0.024913270026583445,0.25535082639026174,neutral
83.77167362020299,0.7103144264080503,37.1017804110781,0.9345662386319427,0.8449958487593203,happy
63.237823846048,0.3798431090537131,36.353539101252764,-0.9927981836363905,0.26584446271550477,sad
67.08586344698354,0.3272291154344232,36.16324480983629,-0.8922401311359425,0.1844051865561525,sad
103.7968006413147,0.633648669471778,36.94252886190905,-0.7625520789990081,0.7318481060642401,angry
77.87117398049526,0.47322890613333257,36.73292156906163,-0.013498687388865838,0.35838712459275285,neutral
84.7913143381176,0.732428130733871,36.85748427440228,0.7049633505957208,0.6686850470103666,happy
73.00331352579173,0.36618492210074494,36.65804276239885,-0.7898807913860686,0.28516587489833745,sad
61.54824457627829,0.3109421810934443,36.3480399718465,-0.5400424331727691,0.3898822893244558,sad
71.53522947067036,0.4874322467241944,36.42917850718337,-0.4910911010320317,0.3055523539833342,sad
58.8697729463405,0.4310487983124694,36.37738393282275,-0.8308489866416491,0.19541188350835598,sad
71.19945698846597,0.4900657443525519,36.736612044074576,-0.13416029052017012,0.21277595348618059,neutral
86.11629961707844,0.9245947896763733,36.99622492775916,-0.520390934115771,0.854422658127034,angry
75.95795787245112,0.5199824552709484,36.92623025565724,0.07796735191260301,0.202110224490038,neutral
95.72068091892238,0.8599325272777042,37.27744607264592,-0.7369423388122948,0.874516458242043,angry
73.15058990482672,0.5205724163794295,36.42572662636353,0.08769376761765868,0.2543100910354972,neutral
68.83117065994061,0.30041516682798447,36.27342394502304,-0.4547041013698826,0.32812002018624487,sad
78.63924088981429,0.4267698968374688,36.62344496356434,-0.1163851850456311,0.33915899338814914,neutral
79.79874866504598,0.6434912045887349,36.85082424884991,0.7874227978364539,0.5591833336437624,happy
92.22213245478748,0.8874999827452228,37.06576625284765,-0.3070981702748476,0.9515826662601887,angry
97.74041861191351,0.95489339982421,37.043920257280476,-0.3573805606462174,0.726011970278692,angry
81.81781820157663,0.4385838802459555,36.51814797935343,0.19078621845064903,0.2373862858882894,neutral
97.03380981635823,0.8633629600581084,37.20434878268348,-0.6182980340002866,0.9814543517574168,angry
70.00045007656698,0.5281931584462177,36.83397429095174,0.19900725246906997,0.20649021535813517,neutral
96.41080801259595,0.8394264515484502,37.118069741346076,-0.6063884293948966,0.7848296371180296,angry
74.46973729062042,0.4813715578811775,36.41169603460724,0.05154915879527022,0.3280761493288482,neutral
82.38050085828037,0.6026631154230303,36.68112704048997,0.9024768936427122,0.6575020566261627,happy
83.09602784430395,0.6120384164712067,36.98510715497145,0.6921546557543558,0.6156975611278672,happy
83.9554573389568,0.6181643697835615,36.69203869379462,0.7599932073174274,0.5229567374753095,happy
107.5742674853928,0.9137585746170895,37.25903887125986,-0.6717934861505291,0.9801933922433558,angry
68.50586646240637,0.4859098809656638,36.71969966960494,-0.05269995704194677,0.3958063681583335,neutral
103.11463905198943,0.8537657349446309,36.557284607291585,-0.5319223068736321,0.91520882591091,angry
91.41202639788997,0.7284871339927945,36.44231746579273,-0.6069745321740821,0.9900118420055382,angry
71.95514929978951,0.37056979385791805,36.52502977270208,-0.8675724484333488,0.1475344111569718,sad
76.51686262733388,0.4069024932562976,36.722464233093966,-0.012237263204296772,0.37157155670349784,neutral
62.23969169867531,0.3704363467487287,36.76599193395084,-0.41604347018170496,0.16042189276400567,sad
85.5603318758912,0.6161078234125884,36.70675073604935,0.9759697491542836,0.6372106850360097,happy
58.09924770472506,0.32491355475355604,36.3856925575871,-0.8471507755979687,0.20556545030410195,sad
72.42670241694138,0.45139238008986693,36.89646389655109,-0.12627944121996038,0.20787237596394592,neutral
83.245576131855,0.5606942691290026,36.88572162633787,0.7161020421490117,0.7247741014078654,happy
88.62298498221232,0.6777059194096823,36.95271016239096,0.7731359684228689,0.7142169892391192,happy
68.32310515590267,0.2666421831411322,36.412535210032395,-0.7075562181395154,0.38361149488443336,sad
75.35942465165353,0.5005439379101115,36.812213416805186,-0.018870077886269293,0.25573886318570516,neutral
74.20133429545041,0.4146412637234565,36.76491350697483,0.12945823790123634,0.3418003022652759,neutral
84.36948015340143,0.6577374722231758,36.7747369447634,0.6330288632141109,0.5618083319962076,happy
91.09254027017727,0.8354340423926458,37.07951205373423,-0.4435588153276318,0.817872800681468,angry
90.4541133392776,0.709286255123894,36.929301840191684,0.6024735290563586,0.8242734281350368,happy
99.97002281325938,0.995440879915763,37.24744536888359,-0.405899535066647,0.7072123712099313,angry
68.73458138318965,0.4428323718280977,36.303646805781305,-0.5601037731179203,0.39862645387763684,sad
84.61805181866583,0.6396736304767361,36.83792624328374,0.6362237870403682,0.7672013002972056,happy
64.99425931702008,0.4143312905051764,36.27800307569629,-0.8977224930510148,0.21535474411188,sad
94.56341462394342,0.835786939517995,37.46050144941338,-0.631009224765082,0.9116470074019349,angry
85.33702943418902,0.6517647607278058,36.59137635441142,0.7043396983848356,0.5036348139804865,happy
68.27175739273508,0.2828286516439152,36.59441816375129,-0.4764880289023826,0.17324426815207217,sad
80.21373376606294,0.5815785868827378,36.82438916219044,-0.051182572875117044,0.21848990340741334,neutral
70.68580250730479,0.2714535971439116,36.27022956331802,-0.6402416439735676,0.26510538365162534,sad
69.88454470813201,0.3879757443743054,36.341648273548294,-0.4200266674623355,0.23303173085081325,sad
73.64939708162741,0.48247772578818915,36.58501000892263,-0.10787231012684897,0.22128235258056894,neutral
92.53288593956788,0.7241240191918225,36.794730633977984,-0.642183392316424,0.847305928800673,angry
85.42561028648907,0.7616467415983724,36.92442814281481,0.8564099430541419,0.8145326621580162,happy
105.61719601685245,0.9427504834640418,37.34327539025377,-0.4963377916034671,0.7265735018909932,angry
94.97197800715371,0.8300659329644834,37.50163684657208,-0.3926031662381707,0.8252174872018301,angry
71.40973325999853,0.4778788505378215,36.631765083866,0.18132286703294903,0.21453311751623136,neutral
68.92618536413164,0.4955380666728789,36.8079309190508,-0.16417359027347575,0.3430728230457779,neutral
73.59395279240287,0.47882007091359113,36.42687651916197,0.08161258103666275,0.2434905864434472,neutral
93.42932523076064,0.9316881258324886,36.64496304450105,-0.44169685051998453,0.8075984089079378,angry
72.9420555865703,0.5766466685267779,36.70654155125376,0.14332917555154323,0.3689728170821017,neutral
87.34559286419824,0.8898548913804923,37.26155853278943,-0.30352826710854647,0.9333152467217651,angry
61.625042746922325,0.41101414482088583,36.1846641745058,-0.5402527163437727,0.19122839079138515,sad
96.82439500320018,0.8738923558607592,37.14022109574795,-0.5342603768590897,0.8373889643468606,angry
80.38703666586235,0.6795476015442934,37.211376367309335,0.7098663479151621,0.6897739656588696,happy
93.95632532085354,0.6603145891200272,36.93682655460451,0.8857838735543127,0.6778510631655619,happy
86.04141409716371,0.8462103437964451,36.70445580916347,-0.6448823581276477,0.7545290793283582,angry
73.20087358429222,0.507666433106859,37.08843792253876,-0.08081802747325383,0.2910151271040769,neutral
58.316023556338806,0.319851754992392,36.46358167681913,-0.5344736473181841,0.3423871984327057,sad
63.16738299536468,0.4511461644443034,36.39988874084903,-0.5411342547249465,0.17966727940372412,sad
65.1595355521163,0.32371845330073074,36.40648140266803,-0.6166221868160293,0.12443416386734776,sad
58.51788811970164,0.3496208556039479,36.305939371479205,-0.400570301137813,0.16609821803127478,sad
68.50087456241096,0.5039388863933166,36.91078418228129,-0.013095601596998963,0.22134236382047087,neutral
87.65122126537308,0.8354342207555798,37.29277943786551,-0.6421282987579815,0.8864556172102145,angry
74.52813380784005,0.3196263856189846,36.31912760146199,-0.8439711758485396,0.21551741671568853,sad
98.23919901693012,0.606325693513471,37.2789315847642,-0.37089660451148515,0.7511803373864933,angry
95.83633438683,0.8756701208947661,37.058859757594334,-0.7876777976818388,0.9090066963619591,angry
91.7593072817407,0.7386179055315276,37.1681422793009,-0.3603377683187197,0.8542681033797932,angry
90.69567529859879,0.8399860457293469,37.31172052597123,-0.7800260133569529,0.8086880470000615,angry
68.70676763303466,0.3167750659263882,36.453792702824664,-0.7218267553939302,0.3352813897920151,sad
96.70780496792977,0.7388320669253148,37.360228520701845,-0.5373408677746394,0.719816592346648,angry
73.19468380718217,0.3765251287083966,36.567164213744974,-0.8158413562112605,0.11712830137238311,sad
90.2265571505198,0.6745259151470437,36.731135192563386,0.615918850934261,0.7390729342093836,happy
74.98151324438591,0.5185403592770843,36.7780441568637,0.0004160947938413595,0.3145521065910174,neutral
71.04292322675089,0.36554290953974056,36.084264959619404,-0.8845041096185038,0.13056362924186699,sad
93.37027342445357,0.8551384666962661,37.12863219894665,-0.49712313473953285,0.8895640477740655,angry
94.01330475587717,0.5885215723023574,36.91997739088184,0.9026586197409595,0.7329740307553183,happy
74.03613147315194,0.5143396448772098,36.814864098814944,-0.04136377024546811,0.22497401538118456,neutral
67.36608702810794,0.35478679169332816,36.28133502207401,-0.5083025887683686,0.1980216671705901,sad
84.6882267901561,0.6843640744248661,37.04125160738206,0.8862482867887143,0.7747765740014041,happy
65.49974274512724,0.32099918336731575,36.16871683665123,-0.924333914992825,0.13895710402536432,sad
88.13852378740853,0.7451231060317677,36.90497369680326,0.7373203876782963,0.6314282530929177,happy
63.906179463944895,0.44336121021561575,36.648646866095895,-0.5311227467471744,0.3109831683197355,sad
99.01042938890332,0.931995804493101,37.26175259109563,-0.6500307551009683,0.7057503662574933,angry
94.97213195354409,0.7544381648187172,37.171450821698684,-0.4438898974114207,0.7527670850255986,angry
65.51195816718831,0.35667410140375894,36.331734376047294,-0.44731367189149496,0.3928258072598716,sad
74.9537948070934,0.4381739831826664,36.83510199953596,-0.1372958285393443,0.3366858830314541,neutral
94.82298944695229,0.9520781836612553,36.68367273033059,-0.3606267381615351,0.7590001697170922,angry
73.83391475633002,0.5345236343060756,36.75312339863451,-0.1325002246407082,0.393665392019851,neutral
63.07800187065909,0.37923198491345594,35.86595080051464,-0.9573775471579953,0.34549234530259093,sad
82.21004743629902,0.5679291434808914,36.62916424889286,-0.14344657831346394,0.2260640866344672,neutral
100.05904685617207,0.8897292306373885,36.886352391338555,-0.6815752647017269,0.7494802080558193,angry
75.3721184783737,0.5248200058866971,37.11501300786971,0.0708497053930256,0.3365342304925519,neutral
93.17461107620753,0.7509149448772267,36.813016045447654,-0.5876083292379068,0.8025246526977782,angry
68.16800658321995,0.404524236245382,36.63997509675613,-0.412026731585033,0.39568022018584015,sad
88.68177209197657,0.7912234995259105,37.17112294647363,-0.5758267647376832,0.8467716584283324,angry
69.6018428214637,0.25894569653527516,36.28046646334903,-0.5427222277298053,0.3808529692499516,sad
71.18584535350752,0.283089667224781,36.61246673248401,-0.8371414814343681,0.10111072204972506,sad
67.63347421455221,0.30205118782327756,36.574583669466655,-0.5683671066551079,0.10843645188337714,sad
83.05141554903298,0.5205955015858635,36.86648853211975,0.6184785932806515,0.7318386909650696,happy
68.94702950389781,0.38959296551940337,36.28587191395997,-0.40038981971667986,0.16342937739967336,sad
81.9234061834799,0.4582524815856161,36.657897732680055,0.10800849138233148,0.32603501697740833,neutral
84.33410929866159,0.614537803420693,36.730134102834114,0.6400619990027068,0.6086870395592718,happy
90.40965380106016,0.7850655119740323,37.04986986718676,-0.5905353880312906,0.8543685371044896,angry
89.31283984831381,0.8046884327028221,37.3079041965451,-0.7649656521394053,0.7169876672132673,angry
78.50209442871446,0.534756994795218,36.53951456111544,-0.006746141773800229,0.2126366193720453,neutral
62.70247282077307,0.31152188094174377,36.509460534955394,-0.7832703646145129,0.2911906469614072,sad
96.57350831912511,0.7686132119048003,37.341103751404056,-0.627615116550063,0.8170886641638311,angry
86.81271285068219,0.6348827635754838,37.08749549850138,0.8417217679285915,0.752007472247531,happy
69.90583853745301,0.2980456678535312,36.41422111385879,-0.8337133888759841,0.23490309315511604,sad
93.36811621061621,0.7799421131600116,37.38711148913343,-0.5469776537940818,0.7487533195892369,angry
88.07064639725222,0.5891564215013878,36.65478588143674,0.6076396797414904,0.7759164989251465,happy
104.00537445251132,0.8544691151875597,37.02258757150299,-0.5723025473760297,0.8554046046725559,angry
72.1639950177269,0.3923368788765669,36.168982181912135,-0.7889679331926086,0.23205409860915796,sad
82.90048498566205,0.6285059176763902,37.14015179230738,0.7033201716510369,0.8468046427642402,happy
81.73352011070303,0.6542180374132733,36.84245540521079,0.9646911393366531,0.7808330267537986,happy
85.65133309434512,0.5087862841314312,36.33353481500317,0.8263407149642688,0.8667024012474986,happy
75.90270920304185,0.3839229576505919,36.256221916966076,-0.8693650607206587,0.1751020802144158,sad
69.02034351137492,0.368354792086693,36.373280441334444,-0.6801668259431732,0.28946331360284816,sad
67.49068244950985,0.3966873104418996,36.1359619528335,-0.8185625558176467,0.11524077690668268,sad
74.3150441741798,0.535920871173582,36.668450603353705,0.08416872600496472,0.28378472495858376,neutral
66.38245390208182,0.3459560213554437,36.32339116725511,-0.6213297832646592,0.3144695314231866,sad
72.81591371426408,0.2870987652385607,36.54632022043169,-0.5694631704108786,0.33304641017208436,sad
95.15184438868398,0.7742897610113746,37.08286818878562,-0.6896504626073325,0.8599925087376222,angry
92.55093912702945,0.7670347141144003,37.26634223375821,-0.6805011598942243,0.7843853690659102,angry
71.80002762121985,0.4864885840486356,36.48887650561006,-0.09245723483833133,0.3995954911116521,neutral
102.4579710259338,0.8264721220955493,37.16770912895849,-0.7201668253164246,0.9370249749914313,angry
88.9439249156365,0.6684156561198555,36.70756021013567,0.6463040184985298,0.8376743583296327,happy
97.27737507182493,0.9625547796713401,36.9789703763538,-0.5580613677178705,0.9692596979566253,angry
87.44492844324242,0.9530376399666556,37.25103012649619,-0.6914483852650548,0.8626081208999139,angry
91.1663932624003,0.8129408690461971,37.29231140989,-0.3238699608188382,0.7149580439197493,angry
86.90680640679227,0.6429380237117751,36.76419136348828,0.9931440471421682,0.7145881564753893,happy
84.27245608248776,0.907826151598841,37.12794978955085,-0.46702641695976793,0.9467972405441282,angry
89.28047927115003,0.6902542537285309,36.73742419382012,0.9062173478756811,0.5840767874875386,happy
86.81642694941988,0.678470922862278,36.70762302755881,0.6689545448420665,0.848957825341926,happy
71.99087998193936,0.5097402457580317,36.95186942561489,0.03397235759148867,0.2532463002997621,neutral
88.43123986665971,0.6863209826308085,36.99916100420551,0.9915789423418647,0.7007478124098014,happy
77.50586436711035,0.5200894372893858,37.11172034928006,0.12600612667045924,0.2521350315481187,neutral
86.26983980450471,0.6909278297342546,36.82595488162673,0.6515610340293996,0.7879987210509785,happy
76.74784430156157,0.5055082674347271,36.7579648633101,-0.16134376633405145,0.25483280753446,neutral
77.37373503849643,0.5335972303907248,36.776840414401185,-0.149279280349296,0.37331913771910075,neutral
62.95628977301716,0.34358505027634006,36.6308699149531,-0.651207388164968,0.1236789565115237,sad
84.2362771609374,0.6516000256891586,37.04750257872457,0.9801116894445628,0.7142755881824119,happy
80.34506144168893,0.5189946018401742,36.916642564386386,-0.064555508354947,0.2110865977882468,neutral
72.74420854755428,0.41546641861967737,36.50430009082668,-0.0032287903843482846,0.31455450194742185,neutral
96.4351034100965,0.9140443110469396,37.745951712204416,-0.31083459616137615,0.9319503075240876,angry
103.74154330384691,0.7792397541551984,36.969851455579885,-0.5696636041725034,0.7921263230080746,angry
77.93853141890935,0.5184561827168677,36.607475075989676,-0.0806027607700147,0.3344723715864389,neutral
93.37582842708353,0.7383641196195943,36.92302226483148,-0.67826647796662,0.8373293838112402,angry
73.66682045455376,0.5090928958484207,36.46507366460849,-0.004288295579358753,0.25721798440625215,neutral
100.13926555474595,0.7388898392293588,37.175014206377824,-0.4290023044369139,0.7156837309806279,angry
70.77153655478804,0.39812082041415375,36.49177827927238,-0.7426693663631738,0.15669569799135255,sad
82.737597200068,0.6389186165393236,36.86322922136816,0.7972120500635209,0.5327753756152585,happy
75.88188928309073,0.45018639518649006,36.524099905546414,-0.18613971607439317,0.22544497738740216,neutral
90.784568453482,0.720461700069439,37.15642714807203,0.9956501276434934,0.6060189149637133,happy
60.866620523898305,0.3567206263951138,36.34800480226635,-0.4977028214829846,0.35958836776030734,sad
88.91486821154722,0.6970946486669997,37.123244811632354,-0.7243678577686621,0.785402421653939,angry
86.42466534842406,0.6342975081717157,36.77913634374503,0.8482227388093835,0.7553400260522923,happy
63.059070383820966,0.3593429851116034,36.51782363575453,-0.5189044600746909,0.23991237835136459,sad
76.28550527632582,0.4760730849788523,36.80381244472099,-0.13064157351755226,0.3449573949916772,neutral
71.09010145224505,0.5435373322294201,36.88976261929432,-0.14557750622734283,0.3672157801590562,neutral
77.19588766824587,0.5162344290817542,36.68397951300524,-0.11811221842000044,0.31330363311756604,neutral
81.48439472667191,0.6126031809625951,36.93018219272501,0.9345758949504493,0.7047754522727712,happy
58.77495996783251,0.3892795565082651,36.412477479276035,-0.7005348051354361,0.13304268487568993,sad
76.97554224171971,0.31593098824652127,36.59356520480504,-0.9186240303956119,0.14368859401162704,sad
84.89286723136718,0.6480114496394785,36.70890270054576,0.9682512546843103,0.5374531573334517,happy
97.58531714809291,0.8660811984566923,36.99432138507682,-0.598736822254929,0.9760120157637711,angry
72.33208792727277,0.311533270795435,36.39392917562727,-0.8106679153341335,0.33668353718047805,sad
78.17638549983778,0.44678899965913255,36.698031038269924,-0.03961186932465929,0.27014195759841686,neutral
83.5049751895877,0.6143582561052526,37.43855163250474,0.6061242346507622,0.812229090328376,happy
100.79012218305647,0.7778803914484675,37.250843293236834,-0.6166390457031006,0.7317415074569542,angry
66.9995971709666,0.32037490530990387,35.65824067813534,-0.9976240341927144,0.2503488194372471,sad
107.2836831291973,0.9350125832630021,37.006091583558614,-0.4778934920051911,0.89521731530014,angry
106.23155306115781,0.7653918239372057,36.93317881613593,-0.4353945257495735,0.8500871556034539,angry
90.23591979753326,0.7589553345075786,37.19111993196162,-0.4012897230291679,0.9160334000544836,angry
78.82374990305746,0.5069326312736426,36.504724070295985,-0.15375775575539513,0.27772618912142055,neutral
86.55510876228665,0.9727585681435612,37.38059355467579,-0.38185434344877006,0.764638872182719,angry
77.68777150981168,0.21707617840728938,36.36652173215891,-0.45818327590431307,0.11525602709074635,sad
61.17781963878903,0.3354700761328433,36.2811768739024,-0.6170653509756332,0.20500206054195363,sad
82.13998780868432,0.7893473212033,37.01551603606638,0.8427171583285347,0.839787960633465,happy
104.12089849101845,0.8692164675156978,37.41328320619206,-0.418906244402959,0.9140822098790414,angry
79.40004284864192,0.6378459676733644,36.91687763886566,0.6340574546224328,0.6211780671560336,happy
88.37903137036832,0.8918431706370846,37.06799328300419,-0.6401395753300729,0.9604294479601189,angry
90.05081226763578,0.5652521909935186,36.716095506772106,0.6070855402437556,0.7812799139101948,happy
105.14409622377516,0.9722998280432726,37.07973850881957,-0.6088183344691861,0.8329382035968743,angry
102.6097165341102,0.8752195941256683,37.08959767225167,-0.43578875635028097,0.7949363729600373,angry
90.00653268538613,0.6601435578531633,36.956192664233015,0.8308746704893235,0.7590880217682447,happy
73.71837869702412,0.40092267296319867,36.27140152197621,-0.7442213695579445,0.23270063741506467,sad
83.93658414889539,0.6419638425868656,37.013354345236834,0.7866732623323457,0.5210839159413756,happy
84.71081525197988,0.6670634115059138,36.792233030795195,0.6377589903615436,0.5502823626048463,happy
77.01101924050202,0.6379368890292804,36.62798906911648,0.7145119448447763,0.5989851924932585,happy
90.6214268416526,0.7499642543986272,36.99813243132197,0.9472812303115916,0.6656526058316393,happy
76.84507177363743,0.5799160903820517,36.84670956270118,-0.1970568681498342,0.3036411464365042,neutral
76.66102331347099,0.4735685254199911,36.312738838732,0.18200916784466742,0.3839269816056149,neutral
75.1863273756856,0.6168073260045296,36.937840660694846,0.786290231066999,0.5960980073857216,happy
78.18321871059875,0.70081147543876,37.00424291567187,0.8014054045191986,0.5240434224313584,happy
73.93323737780746,0.2881932101984769,36.65086767215146,-0.4386861863446857,0.3736622713747547,sad
107.61077729747663,0.8670292205221702,37.250863256296775,-0.7731514607003467,0.7318737125408681,angry
85.54887193395186,0.6171527913636141,36.90597338465157,0.6986625787379112,0.6838459006931705,happy
69.27758878320688,0.3502170432524761,36.54843899601382,-0.7439257766836485,0.2946205416627203,sad
72.9159922439712,0.5414029407446654,36.914216100080566,0.1962570948688716,0.25557822519755125,neutral
67.061707528519,0.40811542598341,36.376935880042474,-0.670732084442193,0.3388857048828403,sad
72.04943908486936,0.33371347723747763,36.548109073174885,-0.8112474199515601,0.25362657300959923,sad
81.06622436448886,0.6968386793720509,36.78572604814245,0.6502462452624943,0.6244028014683549,happy
72.83009780024072,0.5371825887770086,36.65902466722706,0.10477375029723884,0.3010231111488013,neutral
72.66709241479144,0.26195317816845703,36.45869619057479,-0.7676523710779151,0.33532169968252007,sad
65.46795945849543,0.4294147076027472,36.53025500882374,-0.4352326426559212,0.3644906047526233,sad
75.76170142026115,0.4657115796077341,36.47730839835695,0.18176911212842956,0.3748337842964137,neutral
75.61073379274023,0.3978147501045673,36.864934661170565,-0.41871118565331733,0.24526394180429253,sad
100.34339137455927,0.7255179776971237,37.09976834344246,-0.49969668540640877,0.7187439284073462,angry
82.39288977957682,0.6150195650406145,36.87946627828681,0.7389153897222791,0.6060914090010698,happy
82.58414998061576,0.493792039626659,36.62096203339379,-0.09544107337584205,0.3893197145556678,neutral
101.7902595156466,0.9323015193138784,37.2254212612922,-0.47624010221491847,0.9906833191522874,angry
74.25845183379796,0.3869813072002437,36.54554238677431,-0.5502314293673359,0.31826891062966023,sad
110.50706871674367,1.0371303161255128,37.01647796030617,-0.7949765094725842,0.7584521474966092,angry
74.76978431837638,0.412325432129031,36.63720098073841,-0.08921815275015606,0.21315964355904782,neutral
97.20061473939396,0.7395521035280279,36.99096113962313,-0.3169892704348958,0.7391903144672078,angry
70.65904537190391,0.48643819293335583,36.80982641119313,0.04307425642032442,0.39667744409211453,neutral
75.11536348641324,0.5294250393130597,36.83337446901516,0.1660555281619584,0.3709030871821499,neutral
74.74193185994078,0.38560158604941935,36.437025006862804,-0.5576684658572171,0.2881942411030788,sad
77.74689173323596,0.6098129527301481,37.00728277997827,0.6266639319293225,0.8994243226342515,happy
73.64450021820406,0.5094995430352085,36.89043674868736,-0.10695845514049762,0.22310117323129325,neutral
66.13299489382622,0.3899029936676171,36.16466563418599,-0.46703668209309646,0.23798258538818887,sad
97.24302255062736,0.8567231367239894,36.61659073974758,-0.5404891532107221,0.993778987421355,angry
88.4837957150958,0.6596146735584926,37.483634711012016,0.6577745936620311,0.67682648524723,happy
84.11094007768305,0.5103615877579317,36.694295002864166,0.610358428099794,0.6140846978613328,happy
80.6224607717642,0.5805569507456007,36.789260969372904,0.8307744493379359,0.561936557858982,happy
74.66561428656547,0.5034757811850226,36.443300972865174,0.0990051882329907,0.30995291025320404,neutral
91.3023648117653,0.6653061514730109,36.810735896953126,0.9680152656436211,0.6082734417206924,happy
75.02296578721776,0.540139041795741,36.82915581858073,0.14951787616795226,0.3003640751081022,neutral
69.26864510254256,0.3099045397775021,35.90900529174521,-0.9705109657928938,0.15731864180390748,sad
87.4646623301601,0.8116478629035204,37.32732430658731,-0.5585607329420783,0.8170977337784664,angry
105.68432909888885,0.8235380083181557,36.972459796587444,-0.3396217744726332,0.8744766513549266,angry
88.31435215052315,0.6552919642615657,36.920711988447884,0.7898884508512851,0.6033570591481481,happy
69.08060607824811,0.536217725563284,36.712231291987145,-0.0766591513295205,0.3739082337718437,neutral
65.0223960483201,0.3570889185345717,36.470962674932025,-0.6023285603538018,0.2770512320949232,sad
109.10871182953977,0.9927820031348076,37.10336259115483,-0.7433843883704374,0.8219099215832384,angry
71.50383003602742,0.3866530057936075,36.35880205675244,-0.554023314865554,0.23143349530998858,sad
72.71037891925472,0.5199282032946003,36.52611345039263,0.009868922674248909,0.3278749601085551,neutral
83.93277538660475,0.4556303804946237,36.58534347548461,0.0710726164470793,0.2453468453796723,neutral
84.45712165617819,0.9277645572591777,37.096673841155344,-0.6661657814028512,0.8231796091714799,angry
71.65319810633142,0.5302379612869137,36.6669198715693,-0.1207987878769786,0.2876043592700659,neutral
89.69719509733791,0.6117109741581193,36.7649824842079,0.7671874032055548,0.6004768018417869,happy
68.61951940015008,0.3382687851310573,35.99932525022177,-0.5149853065011557,0.2164175422782871,sad
89.24244663818895,0.6690694977657528,36.98349301796426,0.7328002808470717,0.7977768671350215,happy
64.64556632054597,0.39445513892914885,36.574948816606295,-0.9750135865960118,0.34919072940582685,sad
97.40074472711139,0.8788820116114204,37.342025665944135,-0.6733994183150117,0.8665887475984544,angry
77.29743196916462,0.48173643736962496,37.268177278600305,-0.03964714594883584,0.259478666412398,neutral
93.16850508673775,0.5956887623783461,36.91579280913361,0.9160525494904433,0.5871123207070275,happy
88.0655592685019,0.7706281769045423,37.551208591411,-0.6205656545030707,0.8830130036373254,angry
67.27221650731808,0.3799165086903927,36.055016620811635,-0.5527613565150763,0.2136867729437523,sad
90.45574546267751,0.6296483946136864,36.77022540012646,0.6978161771937197,0.590928828428011,happy
89.1591381107265,0.6353932140145674,36.83746631085353,0.8835600025006329,0.8294977847649199,happy
87.91737535293859,0.9148397999320214,37.70634789735427,-0.3565795485841965,0.9666565295180258,angry
63.82957571989422,0.44536489182132766,36.112781697492984,-0.9462086612585926,0.2012077235071839,sad
90.64827274360154,0.6609816803432541,36.86685611426531,0.604405343334243,0.6666544149655003,happy
74.96538138431798,0.5111640456627685,36.460321575009594,0.17750964813792647,0.20076605810006454,neutral
87.1418984273483,0.8353926497775164,37.28200196195851,-0.4803522636672713,0.956039665960766,angry
71.31714059660548,0.269523950845951,36.26053816986019,-0.6652724898532687,0.19129227754625933,sad
92.05502138585692,0.8161366206646881,37.08216457567742,-0.7684058603627419,0.8794562499815586,angry
78.40498312691764,0.4743732944676725,36.5396944819791,0.11713601810941088,0.3811513581272896,neutral
80.01509095892744,0.371826483390628,36.21939588347108,-0.6931965461223204,0.34200575642907394,sad
70.99842972205808,0.4874013406420755,36.45921237384045,-0.08509692204917295,0.3473589137420394,neutral
88.99903146410078,0.5310406738431622,36.85591661450036,0.8209285989497112,0.7395532379029268,happy
70.68321222042282,0.5306885427894954,36.77509117152545,0.17548772079114522,0.3610186753599053,neutral
67.00703753982185,0.5715962086970376,36.537786969617095,-0.1573795011135548,0.33767152498273156,neutral
92.47127559950671,0.7997211434951396,37.02684234491745,-0.5365914169747934,0.7171297235335529,angry
84.89419284290705,0.9595748129888227,37.4656214271199,-0.39094791583912586,0.9873736227146945,angry
75.71832983785272,0.43788767332253853,36.47488257719361,0.10959803491760362,0.21041448124425396,neutral
90.25746248129344,0.6898556143015642,36.763966119659955,0.8141882298365353,0.8742997046098202,happy
95.09285250158781,0.8374370647525896,37.56335269947496,-0.5398381869043072,0.9925733605851876,angry
63.866611604332846,0.3885051783279228,36.40569318784246,-0.9253394752319469,0.3886587628833974,sad
72.15283533012217,0.5421148663506952,36.70463919571148,0.1616454641918021,0.23130584268314824,neutral
97.17239833961467,0.7926229858213232,37.26653161702431,-0.5043241479733953,0.91575990867873,angry
59.78429867461887,0.33224417172784454,36.14007246602752,-0.7306891806087983,0.2797033132640703,sad
66.92778108083799,0.4059214966465702,36.70959741073494,-0.6385353340831343,0.13217405004875382,sad
80.35576991493616,0.5512260218253743,37.0606309485228,0.9638346780215109,0.7535557847329768,happy
70.24733889223614,0.3334930189677627,36.28634564278489,-0.879620745912056,0.3145410330433527,sad
88.35914818866814,0.6713895069049937,36.64923903458,0.9831917412995562,0.7012290401086436,happy
80.68292347591093,0.7359696319500577,36.658142431641856,0.7913134670044172,0.5722546791765262,happy
63.181788490868165,0.3117906606681077,36.57523478633861,-0.5396599635044662,0.16176619322997982,sad
103.11027256719191,0.8593249879393555,37.63025590038311,-0.5446585077764088,0.8431144675538064,angry
74.08719768199116,0.49146266802508465,36.218752369798025,0.15849449965845325,0.3613415615490123,neutral
68.68662787927614,0.42044607801358613,36.800581468025335,-0.48469504995144386,0.2886619433239916,sad
93.57046442523124,0.9050346377641142,36.94675418218233,-0.3742554091767267,0.8449198735579908,angry
86.04239099899307,0.6919755326839259,37.17369954026099,0.8689307239974564,0.7124804187278385,happy
64.77002007436472,0.38401918692118353,36.3724177496577,-0.9709214605145066,0.16308285337055844,sad
75.54082832425463,0.5516781977532593,36.46669753831183,-0.0872833409962936,0.344396629390329,neutral
75.73525059452702,0.3185672847462715,36.344497276227955,-0.7437325321483996,0.13862633121041665,sad
90.67758990689124,0.8440468941254371,36.60922244764044,-0.4214054401590153,0.791694549050855,angry
90.80329944400486,0.6772539675953816,37.065249884534566,0.6187857689630669,0.7265291520666128,happy
81.66242487327439,0.7028178546010433,37.09989157101907,0.856506283702748,0.6654578258910795,happy
84.58919557071675,0.6557941032649798,36.907356566634846,0.8125359812946437,0.659887820389771,happy
107.18185103599043,0.7931111348357556,36.86547812031039,-0.7621848180827253,0.8731192135677108,angry
66.96328861871606,0.41039970199301934,35.9508659123455,-0.7383718155288526,0.3246016525752973,sad
80.50480468939027,0.6249275117103579,36.92079193579271,0.8884491024459065,0.6410764480678939,happy
95.30290576287729,0.6161468002311195,37.0683561549568,0.7717791588314811,0.688282378926375,happy
78.96797930623055,0.48167560099609674,36.5879535814993,0.07755061412864639,0.23192655135468804,neutral
79.47778948413755,0.5899625522843097,36.87177895933198,0.164630754905221,0.2691240337801579,neutral
100.0677656371378,0.7553591020754575,36.69893776102004,-0.4549870880296727,0.8161549822467803,angry
85.76267184096668,0.7903246298819518,36.934614639371176,-0.6747585266251184,0.9417717527600324,angry
105.84419221045583,0.9132100970095058,37.04095194584589,-0.4299910999208936,0.7929199746838036,angry
97.3974892683729,0.8869139866366815,37.42523537825792,-0.5533292059738097,0.71202072590448,angry
71.79089154175632,0.2830004465212557,36.62137271785207,-0.4498233321385069,0.3990423138036563,sad
74.4422211743662,0.6017936767590897,36.7937956156297,0.1135887402022358,0.27896145657565125,neutral
75.91960643209825,0.4742471988504936,36.82790130252261,-0.1458021924284621,0.28951399010159445,neutral
88.08620433387686,0.7039538164504597,36.90977383666103,0.7935187586331185,0.6961796386943799,happy
67.42832660483397,0.39940675716213736,35.976072104990635,-0.7239296900780048,0.10455225971392651,sad
103.63946177234553,0.9370168340926293,37.27290464378035,-0.7344926906747673,0.8802871584992491,angry
85.2503362426807,0.8016172087755677,37.110307312736225,-0.7932952730639384,0.7058338775258639,angry
72.0246055202355,0.35034821117209686,36.239438393010246,-0.8904249218481394,0.27219255250952257,sad
75.77764083313046,0.5511937331065002,36.50094226664904,-0.08092849657505119,0.20658957364910602,neutral
73.38909328030685,0.733030183182961,37.20806479596398,0.7239388467013119,0.5343177139597958,happy
81.51721953161726,0.49426767432444263,36.58409388448479,-0.07615970196579998,0.26402202820118026,neutral
84.6975297987824,0.5489510076071392,37.03737504464058,0.626796437758339,0.5112765361788889,happy
70.47113041148667,0.3514764120503888,36.22273610192593,-0.936941469871817,0.30652038721280706,sad
88.44716810010961,0.7129068412237423,36.907539314624785,0.9217497656550803,0.5263319373452615,happy
64.71209726757422,0.36708957340594817,36.390731150788085,-0.5294321110272586,0.2751779617593224,sad
75.7755580965465,0.31117318277293143,36.39348995538246,-0.8331138157306535,0.1973519947506842,sad
97.23416743534793,0.8656537846108244,37.42569998262994,-0.4180184018371911,0.7015236438927182,angry
113.18261988091115,0.8762248858859298,37.3381195392382,-0.4654732423415261,0.7378850417753706,angry
92.32336036425318,1.0186242763539342,36.955939449280265,-0.4880202452839929,0.887829430596114,angry
75.36397850459826,0.48517922781726225,36.40760124403463,0.047125277835714574,0.35399472364132023,neutral
81.01327722180511,0.5836907440470734,36.96527931109738,0.803410972709429,0.6273807867223218,happy
74.2025803980748,0.3880253059792071,36.051410493902665,-0.5620665293778413,0.2232798714888275,sad
63.41912675258126,0.49897939283669357,37.0126402919186,-0.14718592924400178,0.3512467179632427,neutral
74.9872398021847,0.3446735447402958,36.076088794246516,-0.46790107631862454,0.2135042745047941,sad
89.65523913350967,0.8280176782677825,37.12600455349076,-0.5719502366687041,0.8193320054593118,angry
86.57418594947596,0.6158656605331526,36.612749227014376,0.9120336094939859,0.8084899261161616,happy
55.14506928622417,0.25122961915446956,36.3415821579378,-0.8471394482028279,0.37435784614061685,sad
93.1330299308112,0.9527232805469029,36.21528556873256,-0.7117940447860569,0.9438198712914038,angry
89.00337614346611,0.7910406135474777,36.6730876542187,-0.4328450055084463,0.8907818730224301,angry
93.24473997755169,0.7694458111243885,37.111956329946175,-0.3330062907436914,0.7550738882065438,angry
105.77821890190111,0.8209508910916729,37.2586408967889,-0.3487330586807123,0.961648345590852,angry
84.4301293831461,0.5673099235329022,36.90610729899907,0.8446622702584057,0.7262989226204584,happy
87.21164155499497,0.6531809912632555,37.20647306616983,0.9871879187079822,0.6020728915096922,happy
73.47360226017463,0.6426522604705464,37.022558148316655,0.6037241163049415,0.6769574962992775,happy
77.42407655541993,0.48316814585689727,36.50426385371813,0.07835262974739399,0.23291562894270057,neutral
83.1895197484759,0.7396150690902223,36.84713570225196,0.9622328550292529,0.5479039865728789,happy
72.49955933194387,0.37701611353687087,36.39385569027905,-0.6787774764169634,0.15073745879325343,sad
72.25715289137736,0.5225247861889017,36.64764834195579,-0.0717348981054271,0.3104676026911006,neutral
78.98906381479166,0.472595604974604,36.357271406186264,0.09794614338651181,0.2159307855240846,neutral
88.68415978621026,0.8243919618919933,36.498732612522446,-0.6225024420930292,0.7962136494952882,angry
71.76535398417717,0.594481721277877,36.617887585015495,-0.1581748540982634,0.3762008169629416,neutral
85.72621975036728,0.6514292017049043,36.60686522853158,0.8179526744117573,0.6134028761083757,happy
81.1844114342237,0.9044508001355107,37.11389673505337,-0.7678736385226945,0.8928329650179595,angry
70.70782551586275,0.2365251067751295,36.3581366766757,-0.6163681471275413,0.1387109226668275,sad
71.45455265592342,0.42743016488435454,36.59339835007271,-0.09732776333989462,0.34278018667931964,neutral
69.05830971649851,0.35147152958387756,36.503328889187195,-0.8180313843607329,0.20877496377840316,sad
63.32110142066752,0.36315073408848736,36.5611281083414,-0.8604591554459029,0.2823087710492824,sad
73.42863611940682,0.4804681734624324,36.73668931524363,-0.12248434799065806,0.24291296401857,neutral
66.34830975198781,0.3391707605117469,36.6986948426946,-0.8869689943990762,0.11687400829455175,sad
95.59487573459049,0.5637221782145804,36.76310165387744,0.6199124006092175,0.6074000304789982,happy
104.02694256915812,0.8528417944622365,36.86626978764844,-0.7359074448504511,0.7368765639996918,angry
58.659888564602866,0.4425527088424883,36.34765980123683,-0.4356160004883317,0.1987963832447513,sad
80.1955518221698,0.6871258342636434,37.09760433470317,0.6936796239152361,0.6078537596876816,happy
79.15791525650138,0.558859248159217,36.72734932947985,-0.007946024144650732,0.2746414738210254,neutral
85.24024918882795,0.7315434380345625,36.963451545046794,0.8076652158298162,0.6192230287179238,happy
64.77711585164161,0.3027068346051837,36.45199159872874,-0.9527813948827606,0.258193268692718,sad
78.28848802327576,0.444198361849526,36.70400359365985,0.11117781098812846,0.36826794380120964,neutral
78.00096091761087,0.29425889063237926,36.63938218975227,-0.9431566511323936,0.3927612588350611,sad
91.51172361697827,0.5877727771773663,37.17652782912073,0.8955713184523819,0.8250450556352688,happy
95.28858040150791,0.6719548257185475,37.03320691467797,0.6999606886547559,0.5262403059780119,happy
94.26457491463827,0.7551315380110133,37.76425095524391,-0.5434149918347179,0.8487072310686141,angry
75.55274419107445,0.5179172255538002,36.46068841427667,-0.030325977701609524,0.289337744348933,neutral
67.28089258071878,0.5079771163498609,36.85872096065192,-0.08045472448525293,0.23859680158780572,neutral
76.63895453107637,0.4554811470869961,36.825522242518495,0.07603014167551908,0.2780752892093908,neutral
85.89091223028926,0.5692572403744083,37.24448285879789,0.6220438559762667,0.8551491727405321,happy
96.39746572495982,0.8232157610044398,36.65151972170201,-0.7032763859940313,0.7631116244589506,angry
75.29178951442313,0.5611487835064167,36.64627456562268,0.10144405259119488,0.39112789234468437,neutral
81.0016817507526,0.5244047690689592,37.05350047915307,-0.09759153077539479,0.3301655900978656,neutral
95.84422805115253,0.8425073790853719,37.58980259002795,-0.5513795760596782,0.7281972788249805,angry
91.79565350198087,0.7316978300922972,37.51806647602438,-0.6873964498918992,0.7771288268185335,angry
86.73056893400627,0.7254509739079231,37.11401969696546,0.933771647962297,0.8332024860804345,happy
96.16747011081748,0.931795861828474,36.96664206334563,-0.7808180693221495,0.9612391517014339,angry
93.47739814691906,0.6992852806549711,36.85612267273412,0.6380374590842918,0.5216846976823972,happy
85.09850968316566,0.6376706547514316,36.320097224026306,0.7614586777973911,0.7714640375307589,happy
87.14556732564556,0.7057233301860026,36.79308090026952,0.6850907864521092,0.7414343150632823,happy
81.13920764909257,0.6221045157482241,36.997234248293175,0.8675013017799255,0.717151252944322,happy
64.78749308319625,0.38418645561102865,36.174307811003175,-0.46975996670116793,0.2684433831210031,sad
78.32440976458264,0.5590494952652836,36.78065491260744,-0.08590226307729339,0.24784221760684377,neutral
64.65848381642778,0.4040934757843928,36.58144472357491,-0.42453262480222365,0.3793270871524045,sad
91.35789538994693,0.745022295597831,37.25833414210471,0.8190464402614989,0.7561933172568849,happy
89.79998850452766,0.7331531623360483,37.039358454492216,-0.5719206294400888,0.8477072783588468,angry
86.15956591281224,0.6079211413131808,37.133183304051045,0.76186149665942,0.6574727543962451,happy
86.62633263219112,0.6814070725634505,37.20566411721367,0.9845338524779225,0.6835878872261395,happy
82.47462805794821,0.6992145602718771,36.79446296111661,0.8815746668138061,0.8782694148203218,happy
73.83806974010427,0.3500953706138454,36.066399458701724,-0.5946135616810668,0.2627726357606741,sad
75.83670660309357,0.56840396752443,36.725180277678994,0.0942082823174325,0.3327583247882888,neutral
69.70415501361438,0.45197396412054935,36.375537262232065,0.13289564268337667,0.2549595621535801,neutral
70.58781360354699,0.49456561417066736,36.624344691084524,0.01691999024843166,0.2296201597254255,neutral
64.38657316699326,0.2669804766552679,36.86103277175083,-0.5594367816815707,0.21133182732986172,sad
66.94896149003426,0.4495685209208452,36.47858270210964,-0.7495310296621225,0.3192037034585171,sad
87.39922379392634,1.01913401743535,37.127760037742725,-0.6128470032968377,0.769394254678688,angry
68.6920271707703,0.39693618081190796,36.155372237118115,-0.8939906114942169,0.27406855965974253,sad
87.17866161109009,0.6890451068282168,36.93833392735935,0.8410045454298914,0.6183290874327453,happy
75.95508286134942,0.48929248446444057,36.86743089726628,-0.10188827801025307,0.2896815682031866,neutral
72.47544663147985,0.5136519054083124,36.52902863949089,0.07242004469217811,0.2745753018404356,neutral
91.42397711917152,0.7133546583851683,36.87312378636398,0.900267605712662,0.6954419703511939,happy
90.04036013912076,0.6549895723978992,36.932470912163296,0.9575890673697717,0.8897397826096123,happy
79.71338698593951,0.5356253928658499,36.81503373049487,0.6658870987771923,0.7756573427921352,happy
94.68307634772621,0.7664482750504877,37.36350907771272,-0.7899736451079957,0.9671408721951669,angry
99.90394572425363,0.8970908367837018,37.282086303267384,-0.4233435340603715,0.9148976030428084,angry
81.22425731136735,0.6840461278010969,36.99271088599973,0.936730145746105,0.6196050718437385,happy
71.58582263846901,0.28274927580346654,36.227790065566886,-0.6143187699027506,0.30784035958897266,sad
80.83474257285097,0.47664032678622853,36.595142786114565,0.18972198524419098,0.39726563471202525,neutral
71.16074397741983,0.5769165219526277,36.79610373562165,0.1858761915313844,0.21471267084315315,neutral
105.25159485186799,1.0180290623988255,37.09864514034341,-0.663857169645933,0.7508189498894735,angry
81.86106416860684,0.543359370641387,36.60052912571719,-0.17105709690346937,0.3762210296713132,neutral
96.46019019294538,0.9274631999849905,37.072789523843966,-0.3776041310670443,0.969268658035948,angry
79.66641686819065,0.7017176298415256,37.15606646077435,0.7421158572877276,0.5196643316620193,happy
73.5853176628535,0.49925193675299634,36.645744880030435,-0.025131180175929135,0.25589388824592973,neutral
64.80676180378524,0.3632127381803669,36.39193321795719,-0.6675649699238735,0.37924985925274224,sad
75.65354281983275,0.4524263742032139,37.03727269554839,-0.014924867324869195,0.3612991892210491,neutral
64.81288043559637,0.3853115487383535,36.44559823274181,-0.8748088521049414,0.29958185087107325,sad
70.40523000053307,0.3034019188901247,36.455138799450594,-0.40615804137263745,0.2132162874924329,sad
66.34808101895034,0.3767103931187337,36.2546516190236,-0.8184157956179112,0.2987115579738261,sad
91.58427829809949,0.6341508288058317,36.90993206676332,0.82601300999038,0.767873588985309,happy
89.9835068711976,0.6823583725117943,36.6534847890769,0.6350870566879857,0.6566148398406517,happy
80.89057628791046,0.507117962146793,36.787062961925024,-0.06450003831419712,0.2939956869315589,neutral
73.00505460015918,0.309890029598241,36.170568097797656,-0.7994707976439313,0.10772272292416486,sad
104.39722416703647,0.9061766089454365,37.281358447892224,-0.48376389879426135,0.7864887413662769,angry
74.57978849429674,0.39304429377845745,36.670812512777346,0.16968737393706407,0.20487819862201936,neutral
77.6431307595925,0.6029307742506371,36.92347527264386,0.9735805354330873,0.581365200879326,happy
77.06075945677392,0.46134851451986486,36.52585444567126,-0.1848719453791859,0.224610424718065,neutral
78.91555829831766,0.7299734351319941,36.90845596631863,0.9377609372762129,0.5956892854663431,happy
83.4308259978897,0.7314068687152901,37.00601607002161,-0.5420270607372883,0.7760481259771571,angry
82.1468716585936,0.6642516567854715,36.99258748093888,0.8163944942112334,0.7861068330036978,happy
68.66919290903634,0.4067973922971911,36.36920046696043,-0.43354312844178133,0.20078384601368016,sad
77.61359646433938,0.5325896112358595,36.93925578450712,0.6143064972059741,0.7112906430908628,happy
93.3594190949428,1.0290682529416688,36.86526146300778,-0.45406804591957783,0.814920810917952,angry
60.740581622491256,0.32551524149258804,36.27253426921199,-0.5918573476937301,0.35273709583552415,sad
76.59216623787255,0.49884747219572667,36.95571503358788,-0.1526153179622073,0.20272796916717623,neutral
61.610758414684334,0.38726391650381725,36.409184098489554,-0.9188552852520991,0.2712974713977936,sad
103.79507207165321,0.8091646234586759,37.00572053157664,-0.7016557208843934,0.7165997161490038,angry
75.1622337394874,0.4868447614487396,36.362287006910506,-0.126825871486315,0.2860110690382549,neutral
69.73428397785544,0.6145955633409343,37.07349240083227,0.06151116918246252,0.27741000238697744,neutral
69.5566968747892,0.4098016050292748,36.62290718855577,0.005033561253004193,0.31283895835974906,neutral
86.17045680728883,0.6147312522278624,37.012130503915756,0.7576334594040127,0.6266409739309652,happy
79.978321021585,0.5136133692202999,36.62965856872395,0.08311359134499302,0.29660237110967574,neutral
93.69736315202293,0.843033221908548,37.56996863735525,-0.6711521759054102,0.9654780240534899,angry
73.43447806293403,0.31615191645412477,36.37340973035806,-0.9732032701726607,0.19286779045392205,sad
81.44975454449171,0.47717513507658194,36.95688741055548,-0.003113526685013246,0.3761301154929156,neutral
65.61590587784929,0.4317507560415401,36.593121069757224,-0.5386118828628224,0.23403095034047566,sad
92.95862926127775,0.6348433761724679,36.712151691863596,0.8591348154432905,0.7848287968991723,happy
74.79948253630786,0.4937003249949905,36.90624342674767,-0.15767985623034406,0.32570880617577225,neutral
69.25484120686771,0.5196557328029017,36.619089016488324,0.10770022369663468,0.31934459802124343,neutral
74.74945158172278,0.47360438036568436,36.637852045344715,0.19928898024362024,0.37776850234770637,neutral
71.76454810214314,0.5694882066973178,36.43095806583828,0.16050368311862534,0.232784052409389,neutral
78.86398550670853,0.7410451669586237,37.10227036158421,0.930581460981992,0.8655060013215194,happy
99.80621591708847,0.8277032860624282,37.16606764326545,-0.7807042190309331,0.9636643437738557,angry
88.22038537229224,0.6607723778036999,36.86129290268069,0.7036861335087946,0.5075710562045854,happy
67.38067945911592,0.28954006443801966,36.411348336659366,-0.44696399832900324,0.32724071521693093,sad
72.15526445619477,0.3187081922383132,36.67823079708435,-0.731671755523729,0.19291876652539902,sad
77.5323560293063,0.5334811316190142,36.8330044938888,-0.018695290989656138,0.35843798765504903,neutral
87.06022081073824,0.5939677241518981,36.94028097331247,0.8239421520137908,0.884447307208656,happy
100.3662468620275,0.8322720244491968,36.73975459136877,-0.3457812260638676,0.7313440950261874,angry
62.851900629143685,0.28458897287452634,36.270252639063884,-0.5073529828010555,0.12770375168362968,sad
94.01035421396122,1.0159022946242626,36.90342398671542,-0.6893810900966582,0.9031221137975344,angry
101.61815544786546,0.8002404687057876,37.334441338590786,-0.6969014603723989,0.7749561388234989,angry
71.1639041326367,0.4806062109068765,36.96121444077433,-0.10796620325701,0.2812164265119542,neutral
77.209007851249,0.7493250302925115,36.96980822901274,0.9404015067188997,0.8108816989403409,happy
76.09591547517155,0.47990145139715185,36.885948044962234,0.18921813980566443,0.395946866954772,neutral
76.0989738920956,0.47761914219562984,36.57561549773886,-0.011356571703563079,0.3421975882927366,neutral
72.15944096827937,0.3428170235051441,36.36698388699939,-0.42384018490476005,0.3079508080761538,sad
81.80467195274183,0.7364768725885328,36.99913960423273,0.7311084823364875,0.8440294075959172,happy
70.60036490731063,0.4993333576481769,36.63145868927735,-0.0666528647533749,0.28982468278605017,neutral
65.39173293147175,0.3317385293142754,36.330894425345456,-0.8012750186028871,0.18474961798628936,sad
68.86391311179123,0.4195127663755995,36.757469282885964,-0.7781573134763867,0.2458172625708043,sad
103.65218276113589,0.8006677502421222,37.22365044404125,-0.5760281798961484,0.8591419561593376,angry
97.10395830987933,1.017898588324034,36.753647652045466,-0.3119608337637406,0.8596913091544498,angry
84.12483730853262,0.7058046383718091,36.8020309429091,0.6990258032567138,0.8229382484801475,happy
76.25831018965044,0.4742414550453991,36.67469622060921,0.12046860131812992,0.32087614381656165,neutral
85.61563998645478,0.8244447535351594,37.469534928475134,-0.73727910777474,0.9359449102887718,angry
73.06618943717493,0.30148080091243734,36.74551040852413,-0.8317220654772086,0.3193308949010687,sad
76.38446181261979,0.5595623148695339,36.692175073289334,-0.15685869417507636,0.25246098627688796,neutral
84.43055403616489,0.6244026042228636,37.000854149607676,0.9113487618181965,0.7434286372695897,happy
92.31561976695862,0.6412938224406317,36.819449470658604,0.8462904213780691,0.7763805465071824,happy
89.5458549434011,0.7978554097541033,37.008973444652696,-0.44823582990923483,0.893456813028918,angry
76.9262843303825,0.3718756121149011,36.3310304466138,-0.5312458277302887,0.20977583062407265,sad
90.21645577438007,0.9542072317428985,37.13441548521701,-0.7484266195608196,0.9829062128937208,angry
74.98356498316032,0.594024461411778,36.84693702392766,-0.007963943103981436,0.2982814526865337,neutral
94.06928068499083,0.4871546908182562,36.828308898632635,0.74527564948649,0.5209074670246386,happy
105.73102765508858,0.9470190011409944,36.94369724273772,-0.470324848450375,0.9729180513802591,angry
81.37533399298933,0.704890249144745,36.72039455473511,0.6161300958883803,0.5379073884138376,happy
90.30432368487804,0.7571110087893422,37.10312624775636,-0.6976430262024493,0.8004455034140353,angry
76.0432220826572,0.5451330144691243,36.634640531420146,-0.04200389178038702,0.26700171399153916,neutral
64.62381495557685,0.28909456960248087,36.495449840535386,-0.586600009006859,0.2701036976260517,sad
80.97098817776414,0.48096182980690977,36.44610694679744,0.17477970156347816,0.2754503971431391,neutral
83.22294304612863,0.7541096717656259,36.890412241531024,0.9499757622410685,0.8243312453449083,happy
99.62643571008576,0.6843056093935627,37.34833362540194,-0.5467250000457264,0.8688490711643808,angry
65.50636849963088,0.31650396777807577,36.19965051345805,-0.651009200396196,0.3926351572404855,sad
91.65739260429514,0.9062512157788839,37.72460762093038,-0.6985032204044015,0.8355607133956833,angry
81.375060804216,0.627069616086562,36.578672965076464,0.9636929505846006,0.5407018114004063,happy
66.13663863563413,0.3736278699691911,36.24380605856797,-0.5935948923510902,0.10732806488218997,sad
94.53065368186992,0.6161677448640206,37.1793108979495,0.6162383941209494,0.6563011938268016,happy
86.83901662389205,0.9352301017807682,37.03548862109721,-0.6740926489954342,0.9943088467345229,angry
79.60526010454406,0.6050879650932378,36.206619168625565,0.9606022477805213,0.5138959789779126,happy
92.66009121693915,0.9544321941012133,36.705123645728186,-0.4519842965054432,0.8027425657558912,angry
62.42187543755031,0.34920102785580426,36.46288008414543,-0.9018725879055164,0.11009491701970799,sad
89.06305151946638,0.6256289822227881,36.88501468877631,0.7342228806786628,0.8904080630097977,happy
78.36899293903913,0.5302487922764838,36.6310125348537,0.16132045095550374,0.334455765894816,neutral
76.09973426407157,0.5250585632244334,36.702219044063916,0.0772838168875471,0.2141832382877139,neutral
91.26832793576489,0.6554456603596522,36.70481013382807,0.6081121259578323,0.6917663194508408,happy
71.31082403888684,0.3024523308452764,36.539186420188166,-0.9758019033690922,0.16034096277711318,sad
70.49842918069078,0.4129928095451562,36.364008659639346,-0.9528027650114448,0.15156211076177406,sad
99.56628575079762,0.7618580509648181,37.096255556592595,-0.45188928193936384,0.7618221339811525,angry
63.34236975605186,0.38410688331694876,36.64177552084322,-0.6648265978802863,0.3710853609396132,sad
102.14734118187609,0.9048232067768774,37.45050233147978,-0.3984621788311276,0.8295415302357736,angry
60.21100651764489,0.3132617152629607,36.301480441044795,-0.6352243895005949,0.2727355632668235,sad
71.05100082179617,0.4352511305682538,36.7440735097676,-0.012896707616968206,0.3936145005819357,neutral
98.64266290547235,0.8442639363860672,37.09022922176602,-0.4187144436042236,0.9500132873294991,angry
103.87864567726112,0.8702989837419867,36.651730900521905,-0.7741571600444341,0.747560847549977,angry
73.36100517385782,0.5508818462726837,36.89595344338827,0.18714494046528524,0.37259420546642885,neutral
104.27379895393065,0.6872600912391261,36.78943769213272,-0.42822786518135275,0.8742211419392055,angry
62.81634351235179,0.30198508617423236,36.151022056101475,-0.7955887458551191,0.19719378241302987,sad
75.00339620985851,0.545631016127022,36.784343386600625,-0.09682419728523978,0.29830284516636535,neutral
70.78471367909185,0.5513209727435989,36.81939593470351,0.10668209519872596,0.3939113750446371,neutral
94.72862662646527,0.9234425174943989,37.271766767409034,-0.4479478196141816,0.8769187108229397,angry
100.9062813019516,0.8006636430044762,36.73981593717564,-0.37500620341549484,0.953886200945938,angry
62.76424488415454,0.2780639949471565,36.35494747150173,-0.9977682035091645,0.1724518680568184,sad
95.02983167053361,0.8427046602421031,37.28351697796397,-0.3223786158563282,0.9663173193679963,angry
78.0614153576642,0.5757357306247202,36.782134917083965,-0.14005488044537936,0.31436575423653823,neutral
71.7499574913091,0.3619886910032315,36.679702471090344,-0.8389961252352055,0.3093915372770841,sad
83.00299981919727,0.5967745451148709,36.821277683593394,0.6796329251311831,0.7350812913365906,happy
74.91652294775115,0.4128130148525018,36.43991328392566,-0.06647403531630505,0.3455412740121934,neutral
73.64858373099683,0.4210186273722412,36.58173971066069,-0.11726515575335661,0.3308046155317521,neutral
87.812979742142,0.5422439609686993,36.68538437431396,0.7113861163661384,0.8585891429037182,happy
81.04369424346599,0.6118438939003087,37.26335112591502,0.9779939142223373,0.5566445402471597,happy
87.24018098024253,0.6224003264953133,37.03090058975614,0.8742412266179498,0.8035555400561787,happy
64.00904887409399,0.3296954435554218,36.08226237392448,-0.6878915580599443,0.1884793407411593,sad
69.30412800317195,0.37403729137781455,36.451320295628605,-0.5308284298167089,0.14669439782847726,sad
95.06647703463926,0.7155239317555212,37.0553873405863,0.6365931831718589,0.7055503339112934,happy
68.44761025380326,0.35336017263551056,36.20612124932583,-0.7440725808339544,0.14178900682213025,sad
78.83068344770682,0.5989305888983669,36.54463486768479,0.7237296897432892,0.6122542319506064,happy
74.25322671674388,0.4041008619582458,36.33381709445418,-0.7839027080717251,0.39046237831100994,sad
86.23760864168536,0.6864482647495869,36.68409342956679,0.8850405629193572,0.7752122075807926,happy
83.6480441227788,0.5726727059603646,36.55531040144513,0.742590668339115,0.5651104404101475,happy
74.51587695328715,0.44201896942301006,36.6489099137237,-0.029437577403210874,0.3074833877199614,neutral
76.14560150472613,0.5946737529044014,37.01649612586492,0.18745546612011021,0.2189815819532156,neutral
85.15744914733804,0.964744773548166,37.171188648346394,-0.5293323086493664,0.7971686657741137,angry
89.26720901198597,0.7364962451768621,36.8546532379945,0.9437331278895007,0.7379330855550016,happy
75.77186340907474,0.5706190335546351,36.71270801010047,-0.05053988145080632,0.2776242913536994,neutral
72.71810390427773,0.4906347910102555,36.30545569436058,-0.08471892245998447,0.25139834706218955,neutral
89.33493336267313,0.7068193900129286,36.96638368954157,0.7941122868440793,0.7168133380388808,happy
58.072310927199574,0.3434800942403635,36.14597025147916,-0.8808096083913165,0.18421292273937823,sad
66.90646820995721,0.36022580014056127,36.300940785823784,-0.8963079691261286,0.203351768018219,sad
72.8846436615165,0.4779862050222117,36.56667748340383,-0.19254136543408684,0.3609283394669355,neutral
92.78200597050663,0.8776893863038178,37.22300357014173,-0.5434613908159751,0.9012241601415321,angry
98.09328944899188,0.7970080685031059,37.51692105157679,-0.7956654550774345,0.9782551047123473,angry
90.43833115907293,0.6703182563782485,36.469344785591275,0.8621532797853813,0.6673452153715173,happy
99.9011850731627,0.8938048277296811,37.09150919353144,-0.4846819047351748,0.7238559139889496,angry
79.19685941346717,0.5436076552842027,36.76480728854131,-0.032747360082550914,0.38220313999584404,neutral
89.40762285489384,0.6609722436310139,36.947821858456166,0.9036112192204812,0.7045924187153533,happy
67.73780846733565,0.35053181341743406,36.13279942151301,-0.49094936414169343,0.1061204832064619,sad
65.12456106603557,0.40577558457143637,36.30756185683043,-0.7196551933546977,0.1720254105809932,sad
77.00751939958,0.6438019049791891,36.80922171676937,0.7156772607863479,0.8235910998454834,happy
95.05106562493168,0.903519137448306,37.02443907849148,-0.6106788082979531,0.8254392048912793,angry
78.29915248004903,0.5131264006161662,36.35912665834075,-0.020340718907114974,0.28802415419698724,neutral
83.20876903342774,0.9793896454506572,37.40345696767361,-0.3196359558858785,0.8498647486802747,angry
71.42398456169198,0.30812971373422543,35.97862217707478,-0.6776984070375827,0.16106065674454145,sad
74.9181304578454,0.5312022629574901,36.79620124079085,-0.18981092330595717,0.21272179923530016,neutral
62.86507187304016,0.34963637025001465,36.174705375050685,-0.8714942483562479,0.11802195050649475,sad
85.3442316675981,0.49959487929959084,36.6381884061271,0.16176057460678095,0.39977985740923444,neutral
87.48062059137168,0.88087760740551,36.80583876402499,-0.6315390434616273,0.8756457814945107,angry
69.61890918140101,0.5524248165744396,36.80783356883062,-0.19020789367472002,0.3581405807492228,neutral
80.05060261197596,0.35059683900906935,36.33848865296375,-0.6365443063846168,0.38886114820054296,sad
74.34181957768456,0.5403466775015032,36.28264964220266,0.05100246168070649,0.35688162332364076,neutral
82.18540135985968,0.6522500202875193,36.554845775037485,0.8976197804914311,0.7012876828731849,happy
70.93534242381509,0.2891708096604422,36.76499994436983,-0.5002410109642511,0.3228164491559253,sad
95.35775624413832,0.8571280613363101,37.402373623411194,-0.4542472270932028,0.9650049103066312,angry
87.6773644351,0.7163926676190887,37.112065613806415,0.9770410801938988,0.832876460923023,happy
101.5738177372246,0.7420059489710982,36.98620027379596,-0.6220158045838817,0.7852312447682299,angry
86.83657083992239,0.6208780697744393,36.985743320333775,0.71267174178981,0.6922680449220306,happy
68.04600828843226,0.4345917418762292,36.70904754255274,-0.748744605710407,0.22955310769360893,sad
74.81616281847226,0.3807159170080989,36.5527886689484,-0.5752715828580788,0.3243770953934252,sad
74.86350897016818,0.4646223857352947,36.59224193908466,0.18313412177940125,0.3709234926303671,neutral
80.73432025427317,0.46561277671563656,37.01399760515093,-0.15457418360898495,0.3612023420976969,neutral
91.17522396064714,0.8957700574086712,37.248982836759794,-0.7364094053915566,0.8195677672432382,angry
82.22966101285544,0.6491996258357337,37.2693731830925,0.7356658130100135,0.5444253213126619,happy
69.58956232549588,0.3156730623423115,36.63267521103271,-0.9141511627496116,0.357366755573872,sad
66.84796044795266,0.2895809834486538,36.33350166123602,-0.9297729563762043,0.15547780563184524,sad
94.77044805886442,0.9071624552841735,37.17590106782093,-0.771105901490068,0.7421960017701,angry
69.49414857553359,0.4440042572148708,36.70006093386975,-0.006556397299333494,0.23156614523622462,neutral
82.82286691220764,0.5952352254248605,37.070633061282635,0.7923144672718909,0.8968063877587342,happy
63.8493329470977,0.39813560480318916,36.423536351940356,-0.9067940184939899,0.2999840159782855,sad
84.43926107516151,0.9384571660674634,37.02160897175736,-0.6268669746060348,0.8963863580546388,angry
75.65725119120219,0.4869034817581626,36.61653239202414,-0.1052748290184923,0.3254634156715929,neutral
58.39534082052643,0.3316107736714472,36.54050666278677,-0.6098218155558954,0.1987017188986699,sad
69.40442012569494,0.40756445942688735,36.43590871157255,-0.9950408212324849,0.3339881381621179,sad
82.46744776607959,0.6502772896647212,36.78171123609211,0.8336899155326872,0.8680787944297096,happy
78.28015509114942,0.5808882527157843,36.86125053982771,0.6330668151946169,0.5504678360594947,happy
85.11788122215256,0.6636553847795822,37.007495740921286,0.7756116975921792,0.5179524065890873,happy
82.76111168576641,0.8889930918186042,36.924545580202704,0.7680289181008657,0.7431830810734437,happy
67.92650265435499,0.35557998584507566,36.87432071603355,-0.5097387201984311,0.35830264639240417,sad
70.77416897984321,0.39021878986251657,36.310842033229505,-0.728773734052119,0.3075540639837905,sad
70.47862719211481,0.3361555322115598,36.265655842148384,-0.7758602283765517,0.1642900216968636,sad
85.47535718446538,0.7093742220048052,36.878116698949796,0.7597304585566041,0.5738855638279533,happy
64.62431247719901,0.3360323362293337,36.399298854648265,-0.9159731127194626,0.19662417259487974,sad
68.21364065252978,0.3847018202738361,36.21708228392129,-0.7968840191638986,0.10615348090701686,sad
65.65994857498501,0.43039575305595784,36.67069072952424,-0.6171980588702511,0.28861641610767463,sad
83.85174218144242,0.5712165018415505,36.85029092609744,0.9898713643228465,0.7415495647304761,happy
86.15471038703345,0.7186184066905179,37.41313031496713,0.6152811135029564,0.7460859586387656,happy
82.21818047045001,0.5009267034909186,36.6185621991556,-0.15668425740683328,0.28417544994864125,neutral
101.91976887681753,0.8900733863268686,36.85441893193081,-0.49527735133636064,0.8930656368962252,angry
75.70743203259302,0.4792841552674188,36.96290213990635,0.1857533675136151,0.22290905991729648,neutral
64.56861187783004,0.34002781420559725,36.48711758333837,-0.48163851552402714,0.33445693885992017,sad
95.22619126582794,0.8721363539081988,36.9239798268736,-0.7149348363081955,0.9285661836672258,angry
60.29688606305004,0.2864225739553858,36.16938313365204,-0.6130562056810498,0.35544533479419826,sad
73.70246991154127,0.31815785449050676,36.502714665600365,-0.6072602852658411,0.38622817447069024,sad
79.28360197102731,0.7188829017033136,37.24585793514479,0.8945119595133686,0.7285358113812308,happy
108.44612093447194,0.8926246629165416,36.71634231236502,-0.6673434465020793,0.7504692529611049,angry
81.23619431454945,0.5602909210358021,36.51264095300812,0.05750824324049786,0.26656367221833444,neutral
100.38885775284515,0.9084527522197863,37.65461000882576,-0.6132401678841295,0.910584160035942,angry
88.84082456185362,0.7290570283224851,37.23374266809094,-0.6981413033611668,0.8021154513032647,angry
89.50468793299993,0.8694511659449501,37.350968860570624,-0.7763377349317894,0.7123683441997181,angry
66.94042638023572,0.4761561769678082,37.035423174037376,0.052013831016975265,0.26811518748422375,neutral
79.313180290243,0.6270164716833219,36.96327567251246,0.9710014205186303,0.6833132865545093,happy
91.7576633968528,0.749358407098693,37.319784581009884,-0.3642271596459368,0.8454976853732499,angry
80.56569341414497,0.5017251782615829,36.51922391747529,-0.18340027824571542,0.2563019241544751,neutral
66.40987084792715,0.40306281292560586,36.313322086662765,-0.7274375653837448,0.31586752397963047,sad
81.837370126983,0.5325634783988676,36.65786601463897,-0.030067705342675527,0.28341064074058414,neutral
79.57704458865203,0.6441268695712192,36.82326314898474,0.8285280061732411,0.881249845003186,happy
66.95902116217522,0.37314811803528913,36.50412928494581,-0.5733222891981461,0.18869149953389086,sad
93.82638712159627,0.8077604782587509,37.4382672900416,-0.5478096478506167,0.8392995234385459,angry
69.54215433594473,0.34197754715948386,36.593703265997,-0.8402599032893192,0.25435808097467216,sad
92.43418991451252,0.6664846732122782,37.175656907882455,-0.4296100664196638,0.9352561537696239,angry
102.16545807942245,0.9184431959402501,37.26450694472913,-0.5794419179508332,0.9200865487863841,angry
88.91348436123332,0.6690565707729171,36.88854591783558,0.6903525651734304,0.7448634635772916,happy
78.90135272441748,0.5132295312290708,36.67368723089732,0.1643515619225775,0.3628601967343176,neutral
62.886875070642986,0.4093230518665162,36.02171522163002,-0.5247981243218824,0.1972940991626742,sad
65.37592745552428,0.29514650806026743,36.34200137061102,-0.8406343254001512,0.3113058869416391,sad
63.74114120203275,0.3967348612479695,37.124326261466045,-0.0696439426425429,0.29513100618498345,neutral
76.49475871945995,0.2922232643058562,36.0778593167785,-0.7613626146263666,0.22843407092417253,sad
97.2879668468896,0.831280194356275,37.315892839783956,-0.31911876082726565,0.8247358186207548,angry
97.71707167524923,0.8633839120436426,37.1575006965764,-0.4551959904997961,0.9037741003972823,angry
59.81375907017667,0.36406152461093017,36.697919881889526,-0.6034157076101945,0.19687032057337034,sad
87.72949558557661,0.6377967543060692,37.375808718279416,0.6125446275218354,0.5681076548514377,happy
72.20630343163606,0.26148779120122567,36.18260494926988,-0.755701420919725,0.22275899313569497,sad
64.99249106589113,0.37719415071818896,36.62405258411011,-0.6154875181506401,0.19311942858875347,sad
87.36376070899614,0.6612454958247181,37.03245259643192,0.8637960232498336,0.6607174681333455,happy
79.38628613859265,0.6034405507244138,36.540641977553854,0.8139616345530577,0.6394036599128342,happy
84.86100448070451,0.5802165127768727,36.71342737764128,0.9421632648417152,0.5127539180834368,happy
104.59811687476734,0.981840223204536,37.66269377607724,-0.33267402364638976,0.7025707632432222,angry
103.0335599224276,0.696612089119176,36.73221839865662,-0.7430273652777283,0.9028425365804371,angry
69.14488069595969,0.3490567552098058,36.25438058869954,-0.40945556991901055,0.3495274422406741,sad
70.79523882813527,0.5218366277782418,36.7802414326966,-0.1626850461112126,0.34775560578371956,neutral
75.07783164840117,0.4395697218187597,36.89758199954635,-0.14957782745571865,0.3750419608896051,neutral
66.86229338751257,0.44918168262180097,36.40237608690356,-0.5248560769466579,0.2749055942332409,sad
91.99955780115697,0.6681528469703781,36.56717677040455,0.7805692014419882,0.5987852896647283,happy
72.41616073338669,0.39364664337877286,36.885238562936614,-0.8401734151419857,0.3698359253661506,sad
119.88931990687293,0.8697668149679701,36.69194431481887,-0.7398297798784741,0.7295611801503221,angry
73.6179145029951,0.4958703712324355,36.85399374626705,0.09379481612896146,0.27343476288625845,neutral
60.522318711603056,0.40799588259302966,36.353949995025125,-0.991114683320425,0.35231349475376816,sad
87.9603904948139,0.8444497306447737,37.573002942497425,-0.34255692493924805,0.8467589553941847,angry
69.28098123096524,0.263795181920341,36.331514281321084,-0.569814835867871,0.36300526403819455,sad
90.80147064960022,0.599914091016034,37.124299842369986,0.6968783568052569,0.5676230996534823,happy
80.56095223783262,0.5898224604106583,36.82891594570256,0.7323179979124173,0.5714651221356412,happy
92.40453432042798,0.6470683961524452,36.88126753502214,0.7120536475101519,0.5584067622368433,happy
71.42451928249783,0.2958957870836232,36.24539015499759,-0.9540335414433321,0.3431549459759117,sad
77.90464463961419,0.5177669097795068,36.33814645708235,-0.19051345587768376,0.21595782472680009,neutral
91.54389219382168,0.653768155209957,36.98525623613592,0.8437214875826029,0.6869429153326447,happy
102.08039629903347,0.8552750074742389,36.71817025314556,-0.5255791222032631,0.8614979116029736,angry
94.67623701521563,0.6056228098916037,36.88621204075905,0.8164646236402634,0.5353947582796056,happy
85.09287972581487,0.6474393972086209,36.5524390768307,0.9386137972493621,0.702066284609093,happy
87.73199563337624,0.6038470178214563,37.108789352796634,0.7588968525867341,0.6074802943017072,happy
84.91129461055073,0.742713783808875,36.709090137835105,0.7471388724571204,0.722105329043176,happy
92.47562205098238,0.64744287552225,36.869587343667746,0.6999504840661911,0.7464869585176557,happy
76.88835340252253,0.4404062647904375,37.088705776224444,-0.12706592656871218,0.38846018758024137,neutral
66.32082250206682,0.36793142892809516,36.345236518672706,-0.7737328092793333,0.37191744470864785,sad
99.86725823103279,0.7871439823297326,37.47461683103426,-0.6943685415309018,0.889803110452408,angry
93.33692608971299,0.7039319333999108,37.16015837984971,0.9536829407317274,0.6888466976932963,happy
87.66663411560882,0.8957956244924081,37.1992616674706,-0.47440114395232685,0.9568855384140287,angry
69.02468753502328,0.5167242605805756,36.58860029422742,0.08214507635867274,0.30264314835591044,neutral
101.1463403852418,0.8670848959751396,37.04917086654257,-0.45661610220141524,0.8560248049649751,angry
107.57247830476177,0.8820461417142229,37.23595742660081,-0.6773476414704594,0.884568460840061,angry
77.13059550592746,0.46849285849288264,36.81480838617681,-0.17997418916268226,0.37472676452694004,neutral
86.38125709878877,0.48453505870533675,36.82227517351287,-0.17731201857930487,0.20589527042488953,neutral
96.55876324519446,0.9037393985753498,36.67122001132633,-0.6120308122983533,0.8604618267276265,angry
75.66786911643142,0.5101195228654567,36.45398939451751,-0.1717980177726971,0.31600769758018454,neutral
103.82076672676841,0.9125621910059302,36.87209567446153,-0.6109844688834025,0.7024324590658639,angry
87.46683900960926,0.8591940600823137,36.49937686661783,-0.7098220158591741,0.952454717218637,angry
99.27753701459682,0.7807992285591325,36.97066335676518,-0.5964131307005625,0.7696820094371501,angry
85.64240266459217,0.6085149414280027,36.95084117888484,0.6210568450508644,0.5237235579204387,happy
91.35546109032211,0.788196631052621,37.08550900008293,-0.5009087772289988,0.7793212893788936,angry
70.59715205257095,0.28580680589967145,36.59530889503076,-0.9642925344616153,0.18199866299976722,sad
83.22580532262396,0.529726306348398,36.516074612312494,-0.08374281227738756,0.2594985339985337,neutral
93.66967403493669,0.6970090290255821,36.850715882633104,0.7825231646632693,0.6543250087037158,happy
93.35339004248098,0.8006579710784234,36.76300105390821,-0.5620468362633997,0.7133710122137892,angry
79.6065559952472,0.6629468361526304,36.978421376699885,0.9550249833650732,0.6132067863535078,happy
73.1292958726815,0.5170017304602869,36.641143877487735,-0.09749803044437098,0.27603899959503553,neutral
86.1077261195053,0.6093439934557523,36.50357665019117,0.7830582464134161,0.6034727095205714,happy
58.39121975633673,0.23772070512174182,36.43908064425666,-0.7209788051615964,0.30696880099400825,sad
65.4428876001079,0.30400938620648554,36.74612027150694,-0.7621862968195151,0.12335174593315422,sad
73.58231088179913,0.3913471730232598,36.09759873758768,-0.5174078043416965,0.36977509209446946,sad
95.95835197785,0.6238318847416,36.75103498030907,-0.44478764180661007,0.7507995572220825,angry
78.76901765672831,0.47419416790642827,37.124911245965805,-0.0018729412264364975,0.2855383576066922,neutral
110.95591715795953,0.7943608568722074,37.108874551851486,-0.32496542236329695,0.7538335712742559,angry
69.8758346216203,0.2734329693020916,36.55762436093869,-0.9038145762906586,0.2633593878713525,sad
82.83907091475137,0.5945270749149472,36.79627966966099,0.6971873833818283,0.7569235823164073,happy
70.97337795917498,0.23105019796233878,36.534009934363105,-0.8065969251514338,0.2831181599932161,sad
91.32128747926433,0.9148503048532801,36.95863846702314,-0.31053517649150486,0.7517171405007147,angry
74.11524513853027,0.6369794613995533,37.01780483398514,0.937883666830345,0.6673533350853086,happy
106.4426658676391,0.9297615769265416,36.92732301851777,-0.7653849371271841,0.7631159663482372,angry
96.1563673866672,0.8154835484352092,36.56997819621996,-0.6329317940619134,0.7322083355352003,angry
85.92092652263476,0.6732888925759655,36.84882061119964,-0.6450099317822651,0.9797629378257939,angry
91.3220793092594,0.785019077481523,36.90930569318674,0.8347281780294254,0.8331116284093179,happy
68.9288036271984,0.5248292095417804,36.95299693299851,-0.19572320395459944,0.28784210218637496,neutral
78.88666706993358,0.5656891088285904,36.69690567185466,-0.039137447262413,0.22047889255863531,neutral
71.23564545071173,0.2993074051527024,36.66657164874144,-0.9053778272443048,0.1756807268802538,sad
88.53678408593485,0.7920076774540166,36.876113528820675,-0.5261940079285954,0.743354567172085,angry
83.7038805910726,0.5702556379867868,36.90381626621582,0.7820061753857791,0.8068672561377408,happy
81.16664100404185,0.5739976602452915,36.905959233024284,0.8955968252624975,0.6587551912899676,happy
92.39465469126277,0.6571900482200548,36.88880522841163,0.7433157854495529,0.8311314428264771,happy
68.76820321524664,0.4273100724626864,36.69359448616827,0.09489107089993071,0.33994261543086746,neutral
70.38384048271581,0.3905978497795,36.49238928577768,-0.13393080019262088,0.3842867258048907,neutral
79.08974372771264,0.46222505584330253,36.67960266908127,-0.044137031084753836,0.34832060394744174,neutral
104.49913595972808,0.8724460739347819,36.728500830900174,-0.30273712580848333,0.9869712572356479,angry
73.37451701673974,0.4679683884932019,36.763483654700764,0.06592310343209784,0.2572361741595815,neutral
103.85259834915779,0.8843868920838471,36.95218761015766,-0.4660377632019577,0.7280403810713331,angry
98.9344392648766,0.9704049630886664,36.82999934790447,-0.4088020956777705,0.8592251807164426,angry
97.41476694446368,0.6927878602255508,37.254320298152116,-0.5607081337836133,0.9097318616199093,angry
75.06139115127613,0.5323643282023016,36.71823927387429,-0.12177174115939078,0.3283351420322992,neutral
64.68727949862729,0.27368386142847456,36.331448301382636,-0.639848180239897,0.1354163521780156,sad
72.50717082567684,0.3982663333580563,36.540867241970815,-0.726808953962843,0.30942230154359474,sad
80.27557883708074,0.7805583836798599,36.68222598552147,0.8052954288385836,0.7348716512542787,happy
74.09058448205381,0.5050226475226057,36.28647388918233,-0.19040982104938733,0.26260507094031627,neutral
65.5355179457205,0.4490031330947975,36.58856111141226,0.0639283370773579,0.26381499446414525,neutral
66.39368165369962,0.42599760029571493,35.97284003025304,-0.8614350012407533,0.32305076073372263,sad
85.81647491581145,0.8145111018580318,37.10756853862383,-0.46405399218181376,0.9734854616510284,angry
60.86330905463321,0.24746000720029257,36.263537785558576,-0.6670540997047547,0.15641232777663575,sad
80.09863251992586,0.7795033131035491,36.88603503524688,0.6069722182008184,0.7935581483598373,happy
86.78170278264953,0.8926226567458099,36.89861832937237,-0.4149554843729591,0.8386985492377848,angry
64.39006706112231,0.3920867089523422,36.30630292122834,-0.6671804940500106,0.27258387845642507,sad
71.12899148602514,0.4898949203034082,37.03054979116338,0.1131736690959469,0.3492509788700411,neutral
68.3943651161903,0.4388225565404633,36.12250220712164,-0.5390759393155056,0.22755681507209752,sad
81.46850736507191,0.5222447947504942,36.87014387889213,-0.09385210675186242,0.3375925680237418,neutral
73.77997008380413,0.4191192920185267,36.132042794311424,-0.5322541306832382,0.2725624879188403,sad
74.23205650522877,0.30470899102885785,36.23768929130475,-0.40499616830099316,0.15922112011916278,sad
89.4151838926544,0.7388515801804295,36.73588468888282,0.9281985778631421,0.5178827725675448,happy
91.59164943969562,0.6000154417412475,37.135683863512746,0.6702505862272009,0.668550776485542,happy
103.97641794164565,1.0878460228296227,36.87431888635534,-0.34700542467539897,0.7123750970415191,angry
74.17647279182452,0.5034446808361427,36.842437983700655,0.10735997157951194,0.21784131176339278,neutral
95.61694689802916,0.8387083989210967,36.97674083184324,-0.5559514920635864,0.9136088071163354,angry
75.3611253510107,0.5105004154011294,36.82303279685572,-0.034105678988002486,0.38607023542661356,neutral
58.50341422603421,0.3336038446302211,36.04749540382989,-0.8461074860757074,0.2781252257221539,sad
64.80298075582016,0.29991890672548005,36.417391940407434,-0.503035861110407,0.1755560087037127,sad
99.74800809495022,0.8203261191080159,36.65361317527954,-0.47567717046896857,0.9164661647780383,angry
85.06786829692102,0.5781824627763456,37.02145780302034,0.7975948720573964,0.8166560288732252,happy
58.550156005438254,0.4193676181005864,36.567734209777036,-0.63782074006416,0.37492665675026016,sad
71.15443929642278,0.5410461439554854,36.51769800626463,0.12440614997282773,0.3717972782064234,neutral
74.06818495858383,0.33287364808563025,36.60955224827748,-0.5108761734606101,0.1254186049870954,sad
99.56801187818182,0.8586387136580182,37.751714790787446,-0.4770242344439775,0.9918683168163085,angry
88.59629855792808,0.6850877425402209,36.480849337380796,0.6617972944824152,0.660128592994912,happy
83.93387940546371,0.7026889699752946,36.907504652318636,0.9224066018412276,0.7771887175094669,happy
78.14649208513532,0.7336380296238939,36.75926049076093,0.8848752774696458,0.7319119370277664,happy
71.20475304166699,0.31020148130747505,36.43837790900433,-0.9650993447674452,0.21167358855582144,sad
87.55339959679526,0.7623628275933205,36.94952087525587,0.985755702662904,0.5868896396604326,happy
103.91304446106963,0.9076895616700682,37.17988852530497,-0.39805764563237334,0.755212310446434,angry
90.56729088277068,0.8018964573571867,37.29545530274137,-0.3155385631406288,0.8719830066259611,angry
71.3004773026519,0.3470583572934239,36.35581365501208,-0.9107270296905082,0.26751534327106663,sad
86.40120552854845,0.6433775074247121,36.946900449405376,0.8319287092400298,0.6480357120279884,happy
100.15983505932479,0.770008376620152,37.64840065390252,-0.3307658938170938,0.7367557427611281,angry
88.72686146000899,0.6329953587676463,36.98268707774362,0.6081908333448791,0.7087500441494308,happy
75.65591343564232,0.5875919557101847,36.913940853885855,0.7780074734901421,0.8998020758834067,happy
81.42775445354101,0.7232708154060216,36.965960245468004,0.9592576682660628,0.8810661712393466,happy
95.324911290246,0.8445363882167888,36.854377969275184,-0.4614362557130491,0.9623515885114231,angry
79.8380117518341,0.692509013078539,36.68699179920148,0.9654678389770878,0.6881135745052946,happy
83.9415020508047,0.793793568887925,36.929564147807305,0.7548522035884593,0.6005230748568627,happy
67.50032922236919,0.47048674132686646,36.87226450204278,0.11668646703370861,0.39553488282574156,neutral
71.1874824074762,0.31980070703920616,36.9427239555058,-0.6700126081696816,0.24753718978710046,sad
77.520618345873,0.5750742907786999,36.5897239333547,-0.0652829555671573,0.3135656222344632,neutral
88.65933263720015,0.7443938249810158,37.04031184948414,-0.557327551432791,0.9490531728998762,angry
88.44532936988463,0.8731329318191962,37.55133593496962,-0.5805456298968806,0.9859501530313501,angry
72.34541995752636,0.2552808902037046,36.525927520605116,-0.823966194650213,0.11002539841151784,sad
68.76446074172867,0.31148558220217576,36.39558963974863,-0.4563345516117773,0.35050707651150825,sad
71.30798981641975,0.28299375521726067,36.30286425108499,-0.775815508919981,0.199873628869421,sad
85.91658772998207,0.6711758196543652,36.86157450587677,0.9757340062971948,0.6474070631353523,happy
76.82069214610173,0.5223006255364269,36.75995444712043,0.09161349713179762,0.3855620123295393,neutral
95.64682643043939,0.8222435640052078,37.46891735965239,-0.5853393290161819,0.9898168398295597,angry
57.80851735118863,0.3155444101139105,36.49353802077177,-0.45266222680024004,0.36783878187696584,sad
90.43511634034267,0.7823954172953074,37.21185119588396,-0.49186475539540425,0.980844431353907,angry
68.02183099201926,0.3880054015407345,36.340058881294425,-0.8250898431092846,0.2688134630026609,sad
75.90727635701617,0.5004420886177442,36.58668739660488,-0.1533588134284797,0.27355741709611275,neutral
110.90527016865337,0.8360281643454698,37.440042032707005,-0.34811636930044676,0.822954301935505,angry
73.45349420704778,0.45585161063701496,36.79506322717897,0.1659015605351839,0.30738465228402345,neutral
65.68948022207672,0.3544303195362374,36.30153624100419,-0.8620231507593795,0.14444017660491493,sad
87.49681123218456,0.6262199603849967,36.98812145139399,0.9273610589991294,0.896149771831545,happy
69.33831931605604,0.2792237966543146,36.59557445444223,-0.41023304702786734,0.1822408501575815,sad
79.39893706417807,0.5934340486974083,36.778938793690024,-0.19153105450584862,0.2696026707526986,neutral
74.07024578588354,0.47426041502501715,36.69934512418884,0.0449245155361587,0.3432347753912861,neutral
61.31970985060761,0.4035283154240433,36.362306192649875,-0.4128529630843757,0.3896326662216132,sad
79.80311945390261,0.9777917834577299,37.26117245082106,-0.6793966126859885,0.7504423257684241,angry
73.9640618762631,0.623322318628894,36.4302925074295,-0.006997763447154665,0.2682205427604916,neutral
91.99180348048493,0.6889673564885315,37.13320438335407,-0.7161892180797078,0.7788642105967978,angry
85.40371849049905,0.9054137627402185,37.3956700137665,-0.3420361269481095,0.9874368386438839,angry
78.23581064543428,0.5162379119766771,36.816113537407126,-0.17081266682972493,0.36422522089703596,neutral
71.51594934754515,0.5974997790208659,36.66363254732767,-0.023948921381469424,0.22466116106428496,neutral
74.44539851122117,0.5434222155297965,37.085562599487716,0.021371824465490963,0.20637135250565203,neutral
64.83072680861389,0.34040359647954493,36.4282403624978,-0.7118475993483072,0.15322949567487948,sad
85.72578183448003,0.6420506204646684,36.888829563469436,0.9182327346169131,0.6668220944930823,happy
71.11466922714345,0.40129343119679206,36.67381886230501,0.12418784682783718,0.36561190854657527,neutral
87.42720353008401,0.9104194399192458,37.050768569356194,-0.737193648239849,0.8255340369148684,angry
90.24255120017924,0.6392908841326643,36.820111343625854,0.6909963563476249,0.6902482457233036,happy
67.84080271681631,0.3292541860939836,36.70039059303772,-0.624013790012945,0.31827800299142306,sad
102.12400534806582,0.6620300598378583,37.215383084075164,-0.6334572259530635,0.744257150253204,angry
92.93827293054332,0.8451122136345854,37.11737290317991,-0.7318831742271372,0.8891202778107998,angry
83.01282779707738,0.5111411316929251,36.683897696499486,0.09745147144029864,0.397161364201685,neutral
89.0259135595237,0.799662346172211,36.92332330790675,-0.5393661230879672,0.7516299557949586,angry
74.0658618256666,0.5564748670821541,36.96508470313876,-0.008761192472711399,0.3010452955603348,neutral
89.19542421213744,0.5954663316985317,36.83103697386654,0.8281549301470124,0.8625416844382585,happy
95.15395794963005,1.0030516045178408,37.229401115247676,-0.6542111416200347,0.7848842704111993,angry
80.7951581968447,0.6524033371998185,36.82750019942358,0.8827162017587258,0.8161629903531953,happy
75.9344007225988,0.5611493677679203,37.16771592874354,0.8590677424483304,0.6806967014061768,happy
67.9593554070933,0.5719646741917734,36.784979629981166,-0.06693080538787047,0.36628332438606226,neutral
85.37885075642404,0.7843817187222035,36.572020437783955,-0.43690893252676943,0.8529797486222945,angry
85.38963726050157,0.6808247795714539,36.79580628975378,0.993665983793286,0.5079605934960312,happy
70.6075222470135,0.33913561282615523,36.167710278002794,-0.4632860578534165,0.15527952285122312,sad
100.11355799545335,0.8699069663001103,36.95743670179298,-0.4599451507833614,0.900724005058685,angry
84.22349274445833,0.6152880978678966,36.985775821866184,0.9116375773527081,0.787613335515955,happy
91.01831943028037,0.647317331501184,37.06375319416976,0.8494968981998164,0.8320731866470776,happy
86.86823340297347,0.7424481097398254,36.898399193502144,0.8995309854415949,0.7668853166967631,happy
85.45069830036664,0.6379252775921781,36.712569768433134,0.6394629506931236,0.7476372381084478,happy
68.86610081483249,0.32577828133242615,36.439147209554,-0.7875882171807933,0.34627289022118485,sad
101.8135937508042,0.8233210975224243,37.32131408021649,-0.7772567292638628,0.9536878900345056,angry
72.51782180062247,0.5430239560533798,36.56657947504587,0.08538477934659994,0.20071550892000628,neutral
93.54043785718122,0.8723452673418004,37.05479165390029,-0.6452592104025665,0.9929239667152168,angry
88.01304907517287,0.6394012502362304,37.21322080900373,0.632134746627795,0.8160665547573849,happy
74.5638129479063,0.5367979676968119,36.96926254204497,0.9822485519125425,0.5114524775342612,happy
65.05711276174878,0.3961351159262313,36.04375521711963,-0.6319327164592059,0.2061408491931927,sad
70.15297319551325,0.3060017823988795,36.50234619285398,-0.5281795684229813,0.175017027553046,sad
64.4202501630325,0.397103797054975,36.70079130672433,-0.4188918658700812,0.2366413512188103,sad
72.5496258042399,0.4929145639149088,36.87556520624783,-0.004763095894009639,0.38548456729655245,neutral
84.04384303354014,0.30949090984702154,36.270661174683475,-0.5409081034908718,0.24110417761394015,sad
80.51377942665013,0.5934267939226303,36.85023045620179,0.8535116158173002,0.8520525413734568,happy
68.79767081519798,0.44655858846851776,36.298048927752674,-0.06468576311603638,0.3616155335401251,neutral
81.60795400827564,0.7029922445537784,36.849475026239475,0.8012913381544471,0.6859136823750003,happy
107.26301982011414,0.9464286057008702,37.202075120476145,-0.5827883703183976,0.8039298546912748,angry
101.41669332974058,0.8249017021552122,37.03508689792633,-0.312197515705444,0.9604971890951104,angry
74.92589215320598,0.4177141857663168,36.673844510246525,0.1795909376478384,0.36950012407526833,neutral
104.61186731285542,1.0265175183907738,37.119912395653486,-0.5486800975122323,0.8475433966967367,angry
85.43605553443044,0.6763576585472751,37.23538459869151,0.7581620042118831,0.8271182723917676,happy
70.3466413017954,0.586508590249281,36.984512065768506,-0.13841034810246838,0.35874348515704246,neutral
71.32620470967693,0.46931986179883334,36.276897705781074,-0.1370905863694427,0.3285503827919094,neutral
72.85890738878926,0.3389635621520817,36.13346431179496,-0.639384473506786,0.19821300403461978,sad
80.14858945525526,0.558597831948509,37.03073378032281,0.7505553985766443,0.6186483447335673,happy
98.2541604262504,0.8683275804969891,36.93151308455915,-0.5640313171223529,0.9723671801238498,angry
64.50511529375328,0.42327891448726906,36.1767260649788,-0.5063499911409262,0.37931770926616004,sad
93.52800370410831,0.9231261731379227,36.853238455265924,-0.6028708822521274,0.9031245915853324,angry
77.18529114944631,0.7007572549341559,36.829985985084356,0.7158950402115557,0.607804248487319,happy
71.85582703413961,0.3424873987991671,36.39187739573586,-0.6856040995211997,0.25151734008112264,sad
77.59809814398761,0.35989637745494835,36.801898318329116,-0.49566798594924155,0.30479346468793944,sad
62.78170324986475,0.3240681001257712,36.743672799152776,-0.8232106581624997,0.1150056462706559,sad
89.09591246340293,0.9174955533082123,36.904344200449366,-0.4967370664747332,0.7311190493627482,angry
74.3606323112745,0.5085704897951753,36.81741958526006,-0.07126134591947189,0.24929558191534726,neutral
76.74996806348439,0.5648127854610865,36.49770403979669,0.003793095137565816,0.3494348341079301,neutral
73.43727869340346,0.30678573690297317,36.62712411709829,-0.5222198884194018,0.22951984715285478,sad
86.56310152822914,0.7098527777902355,36.88826148406743,0.9231727378250877,0.5668529669254351,happy
84.48546668454668,0.7900075384319735,36.74344859822412,0.7976502964565082,0.7481115268403371,happy
73.50310149982987,0.524484838729658,36.72777312343767,0.19685058854091048,0.21792274479906454,neutral
88.09102122591976,0.751768816598532,36.804007071457555,0.8330215348167976,0.5284027120890354,happy
90.58317067838071,0.6663524917024117,36.57989740414699,0.9182826740379351,0.6343146334011345,happy
80.87573859993691,0.6591686790437925,36.72870866955085,0.7916162902698455,0.5418217832604098,happy
87.21547627136285,0.7562812729161752,37.39254868584033,-0.5527051109950931,0.7633791196926304,angry
105.56317639224298,0.6891826676347149,36.76901222894511,-0.512140347334398,0.8750158696983243,angry
93.67604366596107,0.7969635345792281,36.634110989926796,-0.7955840782886328,0.7571149813182916,angry
100.51682203417651,0.9130345001996842,37.21534088027003,-0.5829644590920098,0.9785566225127289,angry
71.88857096716555,0.43828622579360993,36.42632740384217,-0.11004996327772165,0.25430895373368784,neutral
93.75143502713652,0.8619024507845844,37.05718592379377,-0.595080760945203,0.9972404067837813,angry
78.79732085398132,0.6441485690940587,36.682431393641686,0.951132867156049,0.692749353577996,happy
72.16850730351011,0.4366904490193587,37.05076504896995,-0.09839154036177492,0.3719457567004465,neutral
87.79084099018841,0.806924677630159,37.002888542599415,-0.5180983044441779,0.7631895166822903,angry
85.78926765505229,0.6958663539959633,36.951399489117165,0.7615026441913386,0.5830997092048762,happy
90.34101627897951,0.5628697458316033,36.83934826351578,0.9721910367854673,0.7376485865996752,happy
76.94636271894022,0.5390539490607636,36.70411249408597,0.1497186240888697,0.2269050984578369,neutral
83.85707595836583,0.6499213787785936,36.9353414702453,0.6095106809207544,0.6587647695946781,happy
80.27891642861594,0.6564839311564247,37.14857251257166,0.6833307787440159,0.709875364837391,happy
61.11679883999638,0.43512423597274613,36.61576755020568,-0.491458571138503,0.3080852913348637,sad
62.217438982970684,0.3905665159460709,36.56503674491067,-0.8406734891180552,0.2715609068115197,sad
76.54967369403427,0.642745289233403,36.532019667151246,0.8750008371217664,0.6881153906812704,happy
86.25498361837705,0.6663705570706473,37.132998176512785,0.7529458391666843,0.8738232290173127,happy
68.04523748408342,0.5157944368352266,36.85115841621119,0.08592427685251103,0.34604883325405145,neutral
70.62103305361254,0.45596201936144753,36.13501679611551,-0.9164873183452078,0.10101635439479174,sad
74.43034607483418,0.4645933704443366,36.3677442502536,0.09108380736289506,0.21471009579525585,neutral
93.17531599258231,0.8729818011221941,37.33592887643901,-0.7059000091600689,0.7855833990822639,angry
83.79664221249875,0.5905912590856435,37.01035859082706,0.7234265990355668,0.896757393257058,happy
73.25639516067804,0.5107214465206223,36.66560270091837,0.12378928384617377,0.3935719848162832,neutral
72.63583731474019,0.5197114196259399,36.664270560464395,0.13311001249093962,0.26526405146431853,neutral
90.85135689541495,0.7870742326753719,37.183093083306,-0.5224907378973545,0.7861637713382085,angry
64.41633628088917,0.287184878325238,36.4206081228972,-0.7805370886221868,0.3848806441100896,sad
70.95524352424675,0.3526341227155041,36.08530057519711,-0.4673091310210008,0.30812737610472263,sad
70.5856772830223,0.312619895293788,36.47750857129571,-0.6683017863445604,0.10750454556725625,sad
68.09851381738936,0.38018566202720977,36.680300069310434,-0.7814786664102904,0.16297954950204535,sad
73.05856228683008,0.5193671967876534,36.20373017950275,0.044526954821232534,0.20889543776063202,neutral
74.25862435737247,0.3699712490235334,36.98598555806642,0.03184435969131355,0.37543098007423886,neutral
95.43621628872248,0.7453552582298726,37.322915867442724,-0.6393244499051394,0.9173827580764952,angry
71.17928160680184,0.5208547662211623,36.50307326259641,-0.1269393525024911,0.3501047961393498,neutral
80.61866325409439,0.7093460716890524,37.058201764969915,0.6470398466394807,0.8793237521721466,happy
61.503246136347926,0.3155931468924205,36.88652726480435,-0.581012005635664,0.2301090799320879,sad
73.70146858255649,0.5274349949930335,36.910011606224124,-0.13434090377639918,0.2885018962658458,neutral
70.87808532100613,0.3501530058369286,36.51692459049735,-0.44981275058889847,0.3120295845584894,sad
90.66277728541603,0.7512448573460676,36.96831278635016,0.9451154182685563,0.7036333226759807,happy
83.84965649013903,0.7223540441945238,36.795732771506565,0.6522793014993252,0.5693492627030032,happy
79.14628111286889,0.7067573106614122,36.68213801435022,0.8102744223678024,0.8788676766823038,happy
107.37881634734093,0.779443138858626,36.739321303499324,-0.411804315673637,0.8787780436350201,angry
79.47010176916652,0.553637997792283,36.72780357893163,0.9795455383579186,0.7541828718475561,happy
89.01098637669654,0.7736461520286472,37.260222081128404,-0.5851273094621667,0.8482128600807199,angry
63.50058691477152,0.3394725750130983,36.504033619789205,-0.695677637939309,0.20290464295017901,sad
90.30687668314593,0.6556894017313748,37.13576868880513,0.6915769344557781,0.5486491562720377,happy
95.40203842208345,0.893333121961275,36.603605001619854,-0.4140177828250583,0.7115276936917175,angry
80.2235507772007,0.5547724742254475,36.6829829668698,-0.0833692921696939,0.22576261475259762,neutral
76.56425800086323,0.45938339325153266,36.68819682877786,0.14293112941342118,0.22089459716318727,neutral
94.25670059745539,0.6812087212660473,36.555548613208494,0.8834914319619598,0.5537724331342936,happy
80.28253625001699,0.957594742086209,36.84703100536846,-0.4635410878565118,0.8297342078815642,angry
94.2683610958935,0.8629471578434081,37.50859579966194,-0.6156896737508557,0.7197526493525963,angry
78.44911764821214,0.5439688042205824,36.83476269061271,-0.037959149181151786,0.39239878197336453,neutral
82.4507109047668,0.6010279433908345,36.858124877337616,0.754916469470132,0.7400810188370323,happy
80.86169768337713,0.5266233027333972,36.45104968020577,0.0926431777474096,0.2513795612089127,neutral
88.39460162721248,0.7390930275644768,36.58419197777641,0.6611548462591993,0.5264674886900723,happy
77.38659161893806,0.5533447309323628,36.98842122335363,-0.002097104165678265,0.2599947816309065,neutral
85.94261046432395,0.4743729975053447,36.74624671799229,0.9368664120245532,0.5920001810193599,happy
104.33306189142951,0.8269246263177941,36.844787669820974,-0.4900168542685831,0.8606844345622995,angry
63.725621878711394,0.47317784660661294,36.37821870097233,-0.8350549975106556,0.3150393150098112,sad
55.11685116569722,0.321416483636165,36.279954853977884,-0.8464115446942017,0.10960541599583529,sad
99.7479159027282,0.9017523618605252,36.928889899478456,-0.5834598981989345,0.7576125980677012,angry
90.3219297076699,0.6690120257335747,36.87119680766318,0.6971205999305101,0.6295075902671865,happy
94.96093791563241,0.7590687293226209,36.78134717715996,-0.4599207266205607,0.7174401373080486,angry
86.03448528332953,0.7858424318573666,36.765447154553655,-0.78368788929681,0.9837493513347608,angry
86.00342587525083,0.7631931447165178,36.74591504017242,0.8228263730735669,0.8411824454694996,happy
75.2984969460691,0.3185510133527071,36.174420181593526,-0.452296685083615,0.1277666337583085,sad
73.32562556811092,0.47783408488073253,36.45223699637515,0.17862553719149749,0.2493234845381348,neutral
79.6168595691659,0.4482918393919329,36.867274005851485,0.02444789671509734,0.2600450908495317,neutral
64.005325731716,0.30089902513945477,36.26265352088653,-0.977330219161243,0.1129041893140166,sad
88.87575303662832,0.605660193504745,36.940412095735326,0.6699784054764119,0.7385541673612916,happy
91.7830232177434,0.899711226923064,37.04882940796997,-0.45067150995938,0.7771531408073281,angry
71.89538213696827,0.35822008730781557,36.478264034387045,-0.8665881884738114,0.26343599620906155,sad
83.25855659959313,0.3935777983144071,36.46543411057556,-0.5943663969920481,0.2070951076420339,sad
76.95963970562232,0.483157351761143,36.549280902327844,0.14426075495504675,0.3043646449899905,neutral
73.28738250129169,0.6387970458788519,37.03517412044606,0.9812064704161771,0.78111315086639,happy
91.19627880533034,0.8668323771177056,37.069759526952524,-0.753273043665561,0.9120458335030431,angry
79.86543047360435,0.5796012449288042,36.58245240613602,0.11950873164585141,0.38903795222540133,neutral
70.56552619553325,0.4618981508912109,36.33583456066588,-0.9265968544227152,0.3827208594270971,sad
98.61126144133677,0.7374361175200843,36.67348422985047,-0.7165808827895828,0.706925644165531,angry
90.5058883498103,0.6582906093962992,36.952632996173925,0.7797372210007286,0.6689168451343327,happy
70.94436581496167,0.5261661891364294,36.53988193153038,0.10199149325966528,0.21779510717386769,neutral
62.066266972441895,0.382202681427811,36.35240840081188,-0.8653162783428383,0.265609712751955,sad
82.50244790150246,0.6337045599730187,37.0454660569806,0.618220062386141,0.6200908446165545,happy
75.11624834957725,0.48520710797970706,36.53598174369399,-0.17553129793362252,0.23118378718129118,neutral
99.93432002147614,0.9682496980879587,36.72940080325106,-0.4407792626322294,0.8176088604410774,angry
73.59651830760296,0.5119740867880939,36.848860763307194,0.09666432379052725,0.3468936771750646,neutral
73.30625356802261,0.3320433488851461,35.99108874941248,-0.8112894566745369,0.310056268249137,sad
74.46710098980691,0.4794258477378519,37.052872263245995,-0.19035526426944088,0.3795527155038376,neutral
70.25655016513869,0.440622341661248,36.81578196361383,-0.18784103407538955,0.2867245173803348,neutral
87.13274189758988,0.6190209258739066,37.03180276722775,0.9799595935323931,0.5459316126885478,happy
84.2681279552526,0.612843966484358,36.65694548475462,0.8536911995254459,0.5072631862428315,happy
74.784548140927,0.4169205158108091,36.40387098818499,-0.7536900157824697,0.35983862568769487,sad
101.527797887239,0.9446839282065284,36.808834162871904,-0.5184009537759194,0.748668871328949,angry
72.03085005391833,0.28877367032685214,36.64443390886356,-0.9270695435614537,0.13492085534972378,sad
65.10674057095585,0.3317854952053794,36.805018216698386,-0.7919439568479588,0.3587213056879268,sad
92.03749290092196,0.8812845526196198,36.98825101699638,-0.6802025585173044,0.8864153824221487,angry
93.05557491205978,0.7379338207589577,37.13754267682769,0.7008780645711673,0.6299002435868808,happy
74.99622074224234,0.4844783710744134,36.89606985390776,-0.10981704530493652,0.21297984344634496,neutral
82.18671882948966,0.8653691413662935,37.12360173835104,-0.45326654701798647,0.9821204116786557,angry
69.31151254267827,0.4587209479173205,36.54166826830898,-0.06983801506816514,0.239888067402644,neutral
72.79709192894857,0.5190413209172627,36.96854437227024,0.06852140523740652,0.39803835785033437,neutral
100.80900554235718,0.855619511073729,37.37808531465259,-0.38281106817179616,0.8054904920013546,angry
78.38056841994694,0.45290924892763346,36.76162549286723,-0.09392764994787087,0.3670491095476005,neutral
90.13499484921063,0.929583348215938,37.69141167369474,-0.3902596391496891,0.9284165995314841,angry
69.21574885806807,0.31466654479634293,36.54391989952498,-0.9851144019744605,0.21513217910668717,sad
88.8460834644757,0.6138291769977686,36.84513957144072,0.6209968735812119,0.6709691209477746,happy
67.36203361846582,0.3140427755006387,36.380559265948044,-0.7591338704439977,0.3294543679659951,sad
62.60749330210944,0.3963134382061293,36.564383959009355,-0.9937817665916937,0.29094121256502914,sad
73.045623367602,0.5235695631382495,36.95437990908479,-0.15576546241441813,0.3255465471124531,neutral
94.71672322014771,0.8106708797817651,37.66022491211959,-0.4645205494782239,0.7057955210603021,angry
58.47327588170573,0.34614176123943674,36.41755623996997,-0.7444788634701138,0.15615193447808412,sad
85.66000382771281,0.646353387511356,36.63952673618708,0.8382722543292461,0.8883901319440242,happy
78.55474997663697,0.6737130713596257,36.874320346816475,0.6099503528058422,0.6507342244064662,happy
82.85961901318443,0.6435582822115398,36.93721054088205,0.7352574152896785,0.6003569505415405,happy
80.21039124649965,0.5154765965152119,36.840342011595425,-0.1182133119209698,0.3865363804721005,neutral
75.99424412950877,0.36014769671409824,36.54644883737791,-0.8524969973916894,0.3600365794450726,sad
90.86005370690253,0.7013874435065074,36.592458438293995,0.9266981117890726,0.804539862481157,happy
70.24583277617366,0.3092249618345159,36.4557623911109,-0.8666253677022673,0.11602412897486458,sad
78.27406424180965,0.4631122376583559,36.30991755966852,0.08284824557775239,0.3175338102946521,neutral
77.35037883995192,0.6403375064682432,36.811463220913836,0.7226396306099502,0.8337111596221822,happy
99.44910448009156,0.7605181212630694,37.26071387349074,-0.5835744466021646,0.7593012810622807,angry
72.29499713328521,0.41644761348757076,36.20336826335525,-0.43299653019479123,0.39630133817004765,sad
62.76595463609216,0.19292927293517267,36.558751628619824,-0.4290518143360783,0.3834506359062213,sad
72.36158707943436,0.4113661219069049,36.46881466290563,-0.5367086011041308,0.35818052495808717,sad
88.64265851094734,0.8383720462148891,37.186849371608695,-0.5787054883377707,0.734391983075712,angry
72.38555576765977,0.29471473245496876,36.35553610122446,-0.6982635532357485,0.23893541018513514,sad
70.9403961456458,0.36416890012008807,36.34922818457098,-0.7578863400956624,0.21956311430961478,sad
82.25618531623566,0.5041493596827121,36.69382984723495,-0.1538289757182929,0.2875861527694742,neutral
92.1256259329352,0.6679748280127307,36.854305491238094,0.7571043675698876,0.5017495929132038,happy
81.83824225156897,0.4466333888507604,36.66906849227506,-0.05565335920794498,0.20349362605580054,neutral
94.57908283894363,0.7431544784238844,36.93273512900857,-0.4354932893535157,0.8259016876471805,angry
72.5716602580207,0.4793019797240354,36.77834058112428,-0.1739461994224156,0.2868437192336835,neutral
69.33786428284728,0.49506395527721636,36.86528446483835,0.09772148693494642,0.2933934818327596,neutral
73.77558029344623,0.5483915196752769,36.50545728181258,-0.19258072171023702,0.3449408550297116,neutral
77.4005069749984,0.6075358420874504,36.89505628867534,0.9270129663832483,0.89595686489595,happy
103.70712528399883,0.7244092857965094,37.614963702810016,-0.7366391645236615,0.9199072644590974,angry
89.09938036880033,0.8898951929708435,36.61437557725956,-0.7263630957508367,0.8357693510306747,angry
69.90804714028894,0.4012073186566808,36.59916918504206,-0.49279766649615175,0.1890835287860716,sad
67.85579534660442,0.31345671899081395,36.37150308368564,-0.9407385691607493,0.22477495987981483,sad
78.08291965405509,0.5876221024904071,36.37838012824224,-0.09340111999486189,0.352507022410804,neutral
88.6350965367704,0.6533109120190109,37.038933824823715,0.9325296285140998,0.6460182773904454,happy
93.50096382441478,0.7077379839313538,36.735072887219225,0.7319877255778775,0.8232672988755103,happy
74.48829444523824,0.7431110057595806,36.87017323378742,0.8031136747804484,0.6983360124416096,happy
71.4591781870536,0.3355218564276443,36.56847873803807,-0.5767861981867477,0.2252423668234499,sad
83.27374136208432,0.5211162398724938,36.47427309712416,-0.19001163982634753,0.27990129505211286,neutral
69.83921985463996,0.5704072617306859,36.6651558995359,0.024382599798858484,0.2285200107659381,neutral
84.11594676305668,0.866956642160125,36.925444919694606,-0.6318156440581452,0.9016253171818189,angry
79.34316878213355,0.711124242757091,37.09574414304155,0.7606520833331074,0.8319830036624729,happy
76.62887443272308,0.45517072296764044,36.81468949867108,0.0439474939942151,0.3452212136738837,neutral
63.160640549320505,0.35944219899917607,36.086091850733986,-0.9573993522967659,0.2626613166157945,sad
72.82234405973011,0.415145500952972,36.48913899147919,-0.03963891096834957,0.3522221176970516,neutral
89.7412323181891,0.7280924907870374,36.82451190194284,0.9860562802950744,0.6958821576791991,happy
63.49919383245099,0.3848619023195156,36.330495011496225,-0.5942597589757135,0.20227492275762715,sad
63.99635512331821,0.33517016508903097,36.39662592525838,-0.698329773536817,0.28636004338125465,sad
99.58648026395234,0.935308151295619,37.17380925917338,-0.6092128060872412,0.9220107834952531,angry
79.83086702363802,0.47579182917111285,37.01972833378107,0.0028950220830228357,0.3608045579038262,neutral
64.29407141774992,0.42661901912938105,36.48410734118081,-0.9336524877588044,0.35150134617801565,sad
90.62866909987429,0.944353009047071,36.93853605007364,-0.47733459358523916,0.8640361374484851,angry
70.16106917485156,0.5417131378944768,36.80436967440518,-0.15139553218493354,0.36201386164584554,neutral
81.90520091117335,0.821529288011208,36.980738983560606,-0.7391168112002173,0.9595572433319186,angry
95.82424002124131,0.8956756555683097,36.8963992947517,-0.39388023069562644,0.9037386494004586,angry
84.32691695968293,0.8608165508457563,37.06855942236133,-0.6415572239138647,0.8006583074049695,angry
74.42089714480069,0.6900470145810691,36.823784709110654,0.7728099198534967,0.8233458760707266,happy
90.17159708200911,0.5294528862728599,36.92071169449946,0.9233529724957797,0.7082108451236655,happy
84.58383644864672,0.6326432054870478,36.80400637077025,0.9125960973034288,0.5606351647609278,happy
85.49409610589792,0.6931055343747955,36.89105591463147,0.8006519235692376,0.5093148317770327,happy
81.39955369638949,0.9211642904863702,37.442785261835525,-0.46811663193915004,0.824260166291393,angry
95.55385877931423,0.9399450753044805,37.239658720776205,-0.6395593004816784,0.8438623375318685,angry
85.17160998415527,0.669084346002359,36.96844511588487,0.8059919242593379,0.55229389578314,happy
96.95414919174831,0.8371951585113377,37.00372607716441,-0.7726063765375432,0.9109915920590135,angry
71.85664148666463,0.46993225914645126,36.933716923039086,-0.13315996489374643,0.20667864097317148,neutral
85.9855916756135,0.6631346498054977,36.9905831518698,0.7448913455754641,0.586984833436555,happy
98.5105496419981,0.836305650416288,37.083471901512,-0.34109872989520823,0.741892699062875,angry
76.8355912807931,0.5655971311466028,36.43538969496667,-0.08918176148663104,0.29281405708624736,neutral
84.28087288106991,0.5361596488014366,36.672474423548515,0.1643007250952589,0.3431352960245154,neutral
98.05888551028973,0.9140995563728839,37.251979129593735,-0.7386447780349095,0.94673532729102,angry
76.94025928586498,0.583209602739195,36.60478748844443,-0.09217532269901621,0.220033865247466,neutral
108.98671936661182,0.873658883383191,36.853587154301835,-0.6093671404554764,0.8502816075249683,angry
71.59892287921278,0.5268716295694015,36.72594460973668,0.19950001375652676,0.2743720230666189,neutral
100.05662713373508,0.6709036950209153,37.37333975822432,-0.3244438995118668,0.7231095999952342,angry
62.567067456319805,0.3049919886063168,36.31731025930564,-0.8602166727531766,0.3716468432473977,sad
61.944462554063996,0.33448656541926497,36.43958248197924,-0.7814289992231005,0.12409493438357352,sad
63.17082461638229,0.35076982684389474,36.07960499752606,-0.837293328573278,0.3842807504823167,sad
86.61824720744312,0.6162383681171475,36.87600737422654,0.8936017402398417,0.5692873524747603,happy
80.45901546116178,0.5913146683999435,36.657468573475334,0.7857065681143759,0.8708699350943956,happy
95.36010110218727,0.8874604703789052,37.18554202676185,-0.5215219350696323,0.8983353782036574,angry
67.88739259233647,0.37395895797057466,36.4290048344945,-0.40195973782337113,0.21257233974907447,sad
79.9422340827342,0.4221806903563947,36.10984431720617,-0.6087640744032252,0.1403977484153371,sad
81.35973910225363,0.5914890821067186,36.68082583784025,0.6484325192965851,0.8458636455559567,happy
96.71387442869967,0.9520164589145956,36.947359575142656,-0.5516613632111362,0.822206443488835,angry
83.0568541815535,0.4642086358003101,36.64036709329345,0.8834316500259997,0.7493727173773443,happy
92.7178860942879,0.6333688460390005,36.56507438227795,0.9977724010171054,0.5153229867358645,happy
89.05001057109547,0.6176084346402564,36.83859033181498,0.8133352459570289,0.8431980890909434,happy
76.96292883024145,0.5751365348769855,36.57682387041541,0.17770281585826053,0.30345735355358533,neutral
93.26304569848689,0.8629770333796979,36.858875795002604,-0.6756540952644325,0.8295150655079833,angry
80.04898133128845,0.5495206279374794,36.98664259499557,0.185803822396662,0.23024866762939322,neutral
95.48133083416168,0.8603998580641276,36.834240931786574,-0.3710212723012459,0.9034181130363026,angry
73.23760407054881,0.40045414913022104,36.451886659343636,-0.5563934002268172,0.2979235055219897,sad
65.73475122805127,0.4049407035338601,36.49777094018258,-0.9966087370952892,0.3975991027044554,sad
86.14786340240923,1.0253388949126296,36.921088108962515,-0.6610902526473097,0.9001655831780376,angry
89.78709973912761,0.6185764128880896,36.81877792859532,0.6962140346063788,0.7062187976300569,happy
79.71008397529818,0.46615084368549087,36.52834840642934,-0.02792565328859481,0.3173266625946033,neutral
75.59346876654551,0.5286395681104813,36.80446772609444,-0.08380735775642255,0.2679429087672169,neutral
98.49418385972484,0.822848345565511,37.24810609074279,-0.5690967329901901,0.9997272303391933,angry
64.89314189529014,0.3032703052550764,36.41551707789728,-0.6467866153983903,0.33351868430596354,sad
65.78406686349265,0.33684237734528083,36.17411275727771,-0.7441355228245408,0.2580243557290139,sad
109.03414730578754,0.8042839516276599,37.341542826486915,-0.31323672408137415,0.7863813244514245,angry
77.44364960179121,0.5021450416867888,36.720684089318816,-0.03706736406096303,0.3128678446364347,neutral
96.00355281864836,0.9028274443650145,37.28688653144662,-0.3446937463136974,0.7044490487295123,angry
80.8487291885007,0.3188390350159287,36.403260563405624,-0.5286293475888137,0.31798142931329887,sad
85.39057555826052,0.5343499107677828,36.69957921507391,0.8497699708737569,0.8302434690030376,happy
72.27914151091079,0.47883197218626217,36.7725249382871,-0.1975666756340163,0.29426088035130166,neutral
64.55277731245329,0.32050423018750335,36.466207780563444,-0.8536965401824358,0.18936289945683804,sad
73.80952419856452,0.4342053699060697,36.25080184391571,-0.9614057816600285,0.3387097098014462,sad
75.00012694717753,0.6235819325162563,36.864404050233475,0.9582876698992006,0.7767274344500203,happy
73.36322208578622,0.41311059864464533,36.21670675724153,-0.7587949170094832,0.3871950553871657,sad
95.42465498527713,0.8404272878021479,37.478570183930124,-0.5850586209375761,0.7033084252806701,angry
76.76522086209428,0.5354624612544157,36.754261037257244,-0.1478686541641231,0.22295919339963283,neutral
89.49798196167804,0.6736478141152392,36.97158553999697,0.6923761436882935,0.5393750196003964,happy
76.13626082825809,0.4762037594232278,36.3142246034408,0.14266120632252488,0.31872264331387684,neutral
65.29151763121777,0.38117628994129293,36.76108336928395,-0.9535085215297051,0.14878848889471513,sad
74.58968856756486,0.3207218984136649,36.77608257108196,-0.4657607265516689,0.37476719042101103,sad
75.6590048660094,0.4820150582013335,36.597483979250654,0.1438110820989959,0.3849225064665944,neutral
89.11823550443304,0.8180978329735104,37.217752807956394,-0.7901339521657974,0.7352659784876313,angry
80.5990757374039,0.6704504189483159,36.9560471892005,0.8713854196308642,0.8816063216476748,happy
73.28860767087886,0.49341719118693234,36.685117158415295,0.03564653753106489,0.37962351672071226,neutral
84.64906871891293,0.7225469477551381,36.87421907024592,0.6400126684268614,0.6030960245246074,happy
71.97645380485332,0.2936585130016377,36.337149875840026,-0.49507691938519793,0.22932461394504716,sad
72.61309080276774,0.3913419315354557,36.37919815445506,-0.7192780518196411,0.18251207768222003,sad
75.46601575948945,0.7487460273315629,36.99292650235992,0.8895690684772262,0.6647150956831027,happy
74.71831160688252,0.5189441893901418,36.66671079810602,-0.07322188454576581,0.3308612643068112,neutral
103.14327780005972,0.9261425328258899,37.46442445882831,-0.7423543700581999,0.9782928116525784,angry
68.64616216013539,0.37684037346124516,36.1500870176152,-0.9563906106461111,0.35101321617503856,sad
66.75705270707178,0.38020737835078666,36.60389830460573,-0.5160624207217581,0.18895285004263934,sad
73.95857936672411,0.2664406333551683,36.81803696495321,-0.8144386727246862,0.2507195583530607,sad
72.76576810939588,0.3154529599228053,36.2457673574563,-0.8819259198449203,0.29277397474136224,sad
99.68031278339052,0.8370350318370541,37.39879435287786,-0.4367793209462917,0.7286608622908711,angry
73.49835504735742,0.48715354838409414,36.77268746461529,0.15965811537800656,0.345321604236255,neutral
79.04565116608556,0.41887737614732873,36.40875230568798,-0.737753150345515,0.1371641695886686,sad
61.0199746707978,0.3681816616580766,36.328191283399946,-0.8862427058939844,0.1095367448665413,sad
93.04317483324256,0.8177037252801674,37.30728725876489,-0.5681097013195386,0.8245234387023397,angry
93.95204060725034,0.7193193953520345,37.15167947305011,-0.4690252067600534,0.8323737629293532,angry
86.94029584210448,0.6815680967526195,37.19452605013261,0.850235833387901,0.5206883530218613,happy
70.81720900625704,0.3226586923447327,36.08038890161422,-0.5527285518957878,0.29025702307635737,sad
92.3111371869335,0.7548847105557321,37.21044016241237,-0.7113953100893803,0.961910680457841,angry
74.42187014258836,0.47828260260900723,36.6657111951046,0.07478242769111632,0.25785648488839263,neutral
63.17329730236641,0.31880242918793655,36.055229956237994,-0.888427932765384,0.13331573331343283,sad
96.23916190295648,0.8795691836720013,37.03763567365747,-0.6272898999116008,0.9258790198014585,angry
69.8723202034858,0.38356350683526763,36.54920479059656,-0.7906030388188534,0.23615597670551572,sad
65.77219884631229,0.30354552597047557,36.09058287749316,-0.6524393022548804,0.273608523615294,sad
75.4064000532181,0.6140130115149464,36.553244543438524,-0.09098753238391728,0.25483477150229333,neutral
76.85746317537742,0.5612138729677866,36.73843495841264,-0.019126925855322302,0.35491006549473836,neutral
80.61000525381014,0.800944474221051,36.82386107524098,0.611305880419991,0.5059641056619232,happy
89.4230927838171,0.7270668766436806,37.05265765262058,0.6291668047708021,0.8213036286715807,happy
74.44702268270775,0.4908084709839939,36.55662514585751,-0.13841025953372643,0.2753639212295942,neutral
87.29094214930723,0.7367580793394911,36.556778557445774,0.6417386453302242,0.5300634261352339,happy
92.12697392602368,0.9501877089838406,37.384113893581215,-0.7810010813476289,0.8816587824673816,angry
96.62922219998612,0.9574544355884318,37.116139602387264,-0.4980763174093643,0.8312149727478969,angry
103.4442911260822,0.9299427712187607,37.36370160827366,-0.49297819651371827,0.8530787938661948,angry
100.65464520981715,0.8468807250891179,37.10068609742299,-0.712187609335581,0.8975867526889283,angry
87.5095987902025,0.6627519439398472,37.07837552691405,0.7407307588347246,0.5930378547855402,happy
100.1186555074319,0.736592517930503,37.38294447113024,-0.554143713254964,0.7383228290628067,angry
68.33596828047848,0.3169835369124313,36.46048622915522,-0.8029887557135691,0.12258167230108116,sad
80.32146274265375,0.6445457676332098,36.675055138358495,0.7862474779351849,0.6866483005355387,happy
68.89566437097915,0.4149429762866379,36.77481241762621,0.045973671166858965,0.39543754782648366,neutral
73.07904033669344,0.49014851371004525,36.718292813404794,0.04765885441967602,0.30591764052765796,neutral
65.9683619458437,0.3419160036392752,36.35598929852566,-0.41795402865399944,0.3003580666719042,sad
82.27005428466495,0.5623086305860735,37.04679699731325,0.9826910511657851,0.619786685179034,happy
75.90928224235395,0.6463631660369455,36.956269669497914,0.9053562713765438,0.5399052016152535,happy
72.03237065069108,0.4953987103835887,36.79338845438638,0.05934923028722455,0.31396509546642676,neutral
65.34390393500135,0.2998727183805239,36.643898604513325,-0.765549791374544,0.3222428094198233,sad
77.22338373098192,0.5073661250478291,36.46210818530012,0.0914569294867601,0.32914206894912745,neutral
77.45301619594159,0.54938642579623,36.54487872771248,0.1056050502662883,0.2584890921994792,neutral
72.35517617655383,0.3364909994883795,36.74115868668915,-0.4664571174839047,0.16294797492716842,sad
69.75923967839962,0.49887010834775486,36.897959869185506,0.03967025408423114,0.21913374208564254,neutral
72.41823590533456,0.4495697341145383,36.47858719708197,-0.012584781913724308,0.39783584665356664,neutral
87.9405460402784,0.8969646027675628,37.101637164451134,-0.7138019283507737,0.9158991776790135,angry
75.49514818711322,0.505217361590059,36.630290405708124,-0.015200197054316744,0.20247766438075118,neutral
101.97511614702,0.8447889331416889,37.21207939060754,-0.3153251927900874,0.7420970559303478,angry
72.647562808818,0.5096342871152544,36.81141367182833,0.08024552736301555,0.3309264051834191,neutral
76.91135470437582,0.6572154755071594,36.90479600380312,0.9529586139065456,0.8826255714244676,happy
101.34912574568757,0.8913404021591893,37.5172264585827,-0.6999918693670868,0.9919840454900224,angry
71.84241432311913,0.4422552981917064,36.44338560205392,0.06476709206317055,0.29339988390664407,neutral
71.65691409070075,0.5165332142551071,36.75181514742287,0.18201130490637046,0.29934122593935253,neutral
60.45320704716693,0.37862357058898677,36.53019313575589,-0.912824972820531,0.23914891954498965,sad
60.14009289600194,0.328352257696762,36.2883132629166,-0.7015713133544341,0.14443327746670692,sad
83.85233468832588,0.5561257006725338,36.72251812743977,0.936355590684594,0.5200576092287241,happy
85.4486848007596,0.6917435009910569,37.09126320789161,0.6058895567445326,0.7992216276352465,happy
92.39821347971078,0.37543198238671605,36.95675760556762,0.782442159806885,0.5822517902129125,happy
85.42289110058728,0.6550637294606831,36.98750425846159,0.9842951355597885,0.5479824830992768,happy
77.68802463497082,0.3565894579105668,36.42988249698418,-0.7839293707065977,0.280037181981849,sad
94.8808629012716,0.8107468272161793,36.61916875207655,0.8162117004355742,0.5759147109738305,happy
101.89659861011125,0.9158145941259315,37.18382931409933,-0.6930191345796024,0.9916126282529871,angry
70.26711041846788,0.38723845654932204,36.49175071800644,-0.5794182072531278,0.38070651326428784,sad
82.51833032832526,0.5986949289221292,36.62495615397322,0.13289031220175146,0.2917536579913186,neutral
90.74381198189273,0.653947088483219,36.682100561569044,0.6252067115501483,0.6697455154725388,happy
87.65687215035955,0.504950541873246,36.85901350515168,0.6725990513083364,0.5977808841026648,happy
68.16234995353987,0.29534391251092085,36.47132901589503,-0.9069041326369903,0.27300199532776037,sad
87.56537583015832,0.9084199802986359,37.00718016761898,-0.4091388670060202,0.7046245498229617,angry
86.44953641331045,0.748890652697813,36.761972733616474,0.8919662518050311,0.848455260064862,happy
83.81937825012255,0.6865764536509673,36.76937252201401,0.9960439134939668,0.8111166321678762,happy
77.80774521392945,0.27971805830259827,36.13451393855307,-0.5459849360343798,0.23617983469106854,sad
62.20510274633771,0.29159565239460755,36.60273341717337,-0.8018133967618921,0.30445436063270137,sad
69.54115224253077,0.40229474484071087,36.68614046929676,0.11818196424883276,0.27759729601906447,neutral
64.59915711846226,0.30859097180632455,36.53713127850274,-0.7639387063378839,0.11924057567121499,sad
76.1851117148698,0.7071573094304385,37.28125418883204,0.6375855181641531,0.7484296353881735,happy
75.61972392475278,0.5778052218763542,36.74934609021739,0.13603086387508967,0.3613429536089455,neutral
102.4823522149953,0.7510380277982446,37.18446964027745,-0.6875807126410127,0.8404652788263907,angry
68.79406995834212,0.3689849838708556,36.337706561020156,-0.8071886165108648,0.39686944247134204,sad
80.23325719342522,0.5529472075043813,37.06581306403315,0.7366838748520913,0.6858075459246875,happy
96.98062599519686,0.8317147687099032,37.08866458163499,-0.5041655897032481,0.7037973485452487,angry
62.38585122902406,0.31266202742275984,36.465229632131575,-0.8001560223682351,0.26956354598717147,sad
67.39335230190817,0.36279885732093853,36.17614995155587,-0.6029409071635625,0.3163407560797131,sad
102.6726400391196,0.9742943168356555,36.73508099121058,-0.5924277480658562,0.9397870017712644,angry
89.51021952691433,0.7268054930770278,37.176161317691,0.9444520972179125,0.6945703340104287,happy
79.92769617590395,0.654673587781192,37.12164771221998,0.9140368815699962,0.6175347822487842,happy
107.89084633476757,0.7925717428516772,37.29896595308531,-0.46090870770546605,0.9706582355148028,angry
77.79365218429709,0.514572118553942,36.808774316517685,-0.14765458962264855,0.33190606380599613,neutral
92.95834466003244,0.8452842773184837,37.11175859100213,-0.7391240011761608,0.8783421564737857,angry
81.08570998708954,0.6321557946443387,36.725170532262894,0.6641378575620662,0.5341867205949925,happy
96.08757217194974,0.9050607768617931,37.23693474468439,-0.6917547163669413,0.7790718852755802,angry
76.42752028999615,0.5974290729524361,36.46911755668741,-0.00414231527239356,0.2781751698071657,neutral
100.06698649532929,0.7893201877141482,37.06685161134467,-0.784271402376987,0.9086426812567232,angry
77.65828142711152,0.5303249120134662,36.60821405911203,0.0302998556815392,0.2770030742711235,neutral
83.51068183101047,0.490096318492532,36.96012508021119,0.041457809802395135,0.3791040240761652,neutral
65.33027821999192,0.3712754974892643,36.57792984647287,-0.4081822589818713,0.2566070252993046,sad
90.14010887944066,0.7463820120323095,37.05256173791466,0.9438575642261584,0.8762546203224972,happy
88.9341704005125,0.8361934185977244,37.09346553268051,-0.5003542088899293,0.7236547091711876,angry
90.98753813344976,0.8110695049448584,37.097448599902265,-0.7679022570010929,0.8613769093803657,angry
73.55562257385654,0.48144187647397335,36.60214808434565,0.08587669356590277,0.3135677492678612,neutral
71.88692833243,0.40562820510374165,36.55032479220927,-0.4048440290151335,0.20361899861907884,sad
91.0135281396189,0.8702203175249157,37.24835721841389,-0.5085235253177399,0.7208564620759585,angry
92.01524317939784,0.8202830383129851,36.65600443825953,-0.6546748353173159,0.7700737249365599,angry
95.07029318274775,0.9148467192063421,36.95777370776103,-0.44056796355809463,0.9628098614563796,angry
77.71495110457145,0.60128445182845,37.29847313276919,0.7386311951503117,0.8343696292111253,happy
84.70735736968278,0.5635109697242285,36.99823056417956,0.8234293686833064,0.6520029456963008,happy
69.62649995035439,0.5598589265730957,36.545791568571765,-0.08226073339384876,0.352661615436026,neutral
82.5780471592858,0.6092742786489762,36.86629959189429,0.9550836927009239,0.6009790078439439,happy
79.7457548774156,0.6651861029317023,37.030958252333626,0.6691689990509044,0.773102769893408,happy
71.2288854050661,0.5374651151647992,36.706582892932296,0.07825570321725478,0.22368031682830058,neutral
96.87485320794227,0.869639894543545,37.03620320712143,-0.332047207340092,0.7410895371427884,angry
86.44912419437429,0.6185057927659031,37.03415929378367,0.7905304455675454,0.5199930860310207,happy
78.22681926504765,0.4537484676380692,36.6070382439588,-0.13295429754134824,0.3323781109401801,neutral
89.06079734394906,0.8540834342670597,37.19268938971972,-0.7137754332134658,0.7062224028418602,angry
90.53262462509457,0.681556863543226,36.9419372127149,0.9245812121654762,0.8314154303708198,happy
70.61310539742463,0.4664007624254662,36.927222216072735,0.07397469929652367,0.3927550364414457,neutral
57.64574996033605,0.27178975493265156,36.362570239071815,-0.646813798170363,0.37695280853689905,sad
105.67215121029795,0.8793971731244732,37.28154533024883,-0.5418168407257316,0.7284312674776058,angry
80.06396681421172,0.8147278249111315,36.82088728620399,-0.7858575358545101,0.7411203827621344,angry
77.54542031553113,0.5423565438678182,36.82533472242067,0.06793333552651543,0.3334723594983616,neutral
73.37515802991602,0.3055254129755776,36.31106199456942,-0.6276644827486009,0.22596087726109207,sad
76.62900859158826,0.6150353968764968,36.72491101426725,0.9291922501257162,0.7346357602217958,happy
91.5465993494802,0.8148920007617463,36.81523462309591,-0.5660809934376425,0.8258169513905168,angry
71.57092379031464,0.42279205452345764,36.311785496437565,-0.9275876169028163,0.2883395943109114,sad
92.445498585485,0.8722500391628883,36.693526993156375,-0.4004948143238207,0.7108764686324581,angry
76.90558995369652,0.3174294104996793,36.48594671617801,-0.9025238716979002,0.2802001803116817,sad
95.13305929390145,0.8950328528228068,37.07313877955144,-0.38810119228248297,0.8443153382428954,angry
85.56529537793416,0.797237473244051,36.85210039010422,-0.4278891635953463,0.9295205723131111,angry
55.110344038627545,0.3233770507965801,36.53161351511137,-0.8058023313785199,0.24439311356748802,sad
71.1545465946061,0.42083515450930975,36.35605604902654,-0.6956563010698816,0.3987536805148819,sad
89.05850149782285,0.8878252055942266,36.419386464752016,-0.7265759154632869,0.8653094058040471,angry
88.80800491470097,0.6186393353571938,36.97646354640855,0.840182274910058,0.5401604573502404,happy
73.16832697962462,0.47840887252875286,36.477459080998706,-0.032990877556987874,0.2601182245561837,neutral
99.7143470696851,0.7678593104776963,37.08726920563408,-0.5385208612158865,0.7719435011706643,angry
98.94169949285508,0.7564547787930824,37.06246304199564,-0.5751363458381091,0.783547601007216,angry
84.62489810126766,0.56548797339948,36.76537249991789,0.9209673148714813,0.7681611564065456,happy
100.65754940976373,0.5057861016948311,36.968384322117856,0.6831553416419989,0.8201299437625957,happy
97.28908277513518,0.7848493043951693,37.48090045342291,-0.5343659975195821,0.9485818400946351,angry
90.3593101711564,0.9012021294707463,37.18910314588359,-0.6144129396554435,0.7226064688686675,angry
85.40629806193607,0.565485441218167,36.746864658635985,-0.07890824912411715,0.25921892338267427,neutral
78.06398539924159,0.5119456620220694,36.973976651990476,-0.004575535766063371,0.22278763662559709,neutral
66.20760179534837,0.34010815715814413,36.28094697772066,-0.940068209201436,0.26850166212986726,sad
70.08063339757814,0.30819025746479145,36.3468343268706,-0.7037206625705523,0.362199403483925,sad
86.4623294493079,0.7493217555739672,37.1929880846776,-0.7266845924862093,0.9725832213398816,angry
92.80988433366898,0.9663799628296471,37.57019028655066,-0.39343986368929035,0.935892865813084,angry
71.8640233181865,0.25934190269510815,36.24963888050187,-0.5412024668624531,0.17317976914306488,sad
83.82083202957587,0.9712892944284034,36.72311176384164,-0.7720172213689965,0.851938335630124,angry
104.41277365751176,0.9240204433023852,37.05969098690063,-0.49337939710033085,0.8201181563150957,angry
76.07225919179457,0.6137120075605681,36.767035096820145,0.12027712036669247,0.29042044115286286,neutral
76.04396292876963,0.5712290035633314,36.66093432894863,-0.053316540843102445,0.3243434370407685,neutral
73.44488302715679,0.4733581865610038,36.53614670716213,-0.08694975761940277,0.3346841600493741,neutral
79.82300977081071,0.6948772125929328,37.033748680524276,0.6757131459872984,0.7413379861247014,happy
76.70900523718481,0.3674129110757066,36.61009165606139,-0.8246022904944199,0.22622806233293824,sad
69.79202895877948,0.31984960999631346,36.63796239337337,-0.72853930292947,0.3929629319033692,sad
84.83380137200567,0.4760722866641141,36.803132126016685,-0.17569229264150366,0.24742961464730046,neutral
70.20209882791382,0.3531680525054275,36.46586871387629,-0.5679531035931986,0.14825604944478576,sad
80.40530341406779,0.5933200684923792,37.01667444625428,0.8045947076835334,0.5373040480723327,happy
78.0314478737455,0.4863067603296478,36.628993918571304,0.11136824461428158,0.3086421974277609,neutral
64.41986687894467,0.37955452656626104,36.36871814424144,-0.5842545090591515,0.36028565985673977,sad
98.41047406824845,0.6037678088506244,37.155038780898884,0.9247951876183671,0.5775700897279096,happy
70.55120989794575,0.3631987154718079,36.14322922262827,-0.6176171041430054,0.32182537409975975,sad
84.72295744105327,0.6399255838974893,36.7125207100988,0.8254466342393201,0.8246735598649788,happy
63.86070132440683,0.35607392896645285,36.46280452049722,-0.6706367928887951,0.1010532552731952,sad
77.05678594395204,0.4836388848302452,36.76682047954485,-0.09588672113399062,0.2951154819436933,neutral
89.95870443853588,0.884132464847398,37.59695164119052,-0.5779278988899402,0.8903319823505057,angry
94.68293163423267,0.7979578708036488,36.88824661580957,0.683073638159039,0.8647167761466409,happy
86.05178569685681,0.666711654770395,36.64523253497316,0.9925313164553771,0.7073260460810089,happy
68.5986192499859,0.38895923803207066,36.22752759515804,-0.7772846583124037,0.3115060104606435,sad
73.36266799878898,0.5434114626749788,36.56867709371077,-0.08471296681765322,0.23886527077475486,neutral
74.30821330061869,0.5057275594115088,36.727053681820536,-0.0925012218840927,0.3059156833028501,neutral
73.02431890500372,0.662759615647651,36.63716009407538,0.9802201487775025,0.750159051952165,happy
72.59895662025002,0.29521040504665447,36.24919215061144,-0.8852326072618615,0.35689005810914354,sad
61.52851467455046,0.2999590269508191,36.54810950716473,-0.9975391297418997,0.20288053475101162,sad
87.70251260285549,0.7512415323355944,36.712775680412435,0.9902493481929285,0.8450004163572366,happy
89.01442624173737,0.8139407778157799,36.59957349956862,-0.6975893764620729,0.7904274735395675,angry
64.90379904350031,0.41593820391478536,36.64199424700059,-0.9890802447093684,0.3406534298573417,sad
86.18187146068803,0.6142939396296715,36.77979797587362,0.8102524112001479,0.5365002277128981,happy
82.02783269367154,0.49203993025104703,36.43069666239491,0.0619245200121431,0.3369708958357832,neutral
97.07718325328355,0.8211015845668501,37.130622731343614,-0.7667917977592826,0.8655484672670755,angry
79.65001054745322,0.61856137381927,36.842429271083816,0.969952977307077,0.8391033192523105,happy
78.99346847548387,0.5211202541415961,36.46357015023964,-0.03521612804168045,0.3307599018667233,neutral
62.40406833919315,0.41789700778254263,36.281457599262716,-0.7232376801086371,0.24175919059327025,sad
71.4621621584305,0.3112865038797972,36.35526668563931,-0.9326363450026542,0.3180221695687959,sad
73.41603734041205,0.4472215431045221,36.80922693611746,0.12658562375673543,0.26007796079199424,neutral
86.11121193477972,0.5629539029373136,36.75632939223387,0.6249270900196743,0.5718113169974667,happy
78.19434281057377,0.43401000196099104,36.489821553520265,0.10336989028301674,0.24112098380782668,neutral
90.31976968611609,0.6265399802855265,36.87293315321538,0.7582679656385264,0.5754395725086368,happy
80.6793484935763,0.6015224333821765,36.89783560486923,0.09034123373535802,0.35805654707456835,neutral
87.37874527938627,0.7123267467035533,37.061986898500166,0.7676800029082937,0.6189202396902558,happy
72.92326025449802,0.4453372004777402,36.9103839325976,0.1717394098763967,0.2672072661655197,neutral
69.03994831462478,0.32892088442798534,36.60901122904624,-0.9563896533984262,0.2706456195299485,sad
66.80293912157734,0.32266648787550295,36.24576494150997,-0.6509286842832848,0.12986441155266462,sad
104.1194829377473,0.8514792047157724,37.42817204461242,-0.3417658256669718,0.8884250429714307,angry
71.60379379636727,0.3633776588162378,36.47877669919517,-0.9527746497144609,0.24590503453284862,sad
102.21864433551801,0.9385169416649657,36.7874459935263,-0.38018530621550406,0.8081134364669709,angry
73.14947634510484,0.4841673849746303,36.401619507461376,0.02815048013952945,0.25010168717716696,neutral
64.24643419059684,0.4121218643262845,36.34866099437512,-0.9852017870211935,0.30259705804214987,sad
69.73534993287264,0.5423024857462346,36.98882244062625,0.1751643813697374,0.30584901139189463,neutral
64.42615735595217,0.37278234550442974,36.24135576055859,-0.5645446747280347,0.30227096848845975,sad
63.577358850356525,0.36548637204955825,36.41193303712931,-0.810656015092015,0.3973256014406079,sad
82.58352088710372,0.7738036606627818,36.92956501647129,-0.6671268119066693,0.7284491316532303,angry
67.57712221325991,0.3270069529505904,36.29654555992959,-0.8273082319743097,0.17452168157405645,sad
91.49876779588028,0.8102375447467273,36.86171062381123,-0.7137740800617673,0.8803925091444113,angry
62.737241053265635,0.36494144007059315,36.14771823259928,-0.7316250760764231,0.33704974477928495,sad
77.54646286175478,0.5376181710672645,36.75294505612449,0.6937622977633036,0.7130059479026081,happy
76.85951688326418,0.554479646682996,36.73629444337173,0.16463184050088758,0.2758890773761903,neutral
72.915073768645,0.4647122218886401,36.647878333533214,0.006720237876249591,0.24268957626520848,neutral
66.47787010597578,0.371941921837822,36.57821299389249,-0.8936837125095771,0.23928112148918812,sad
62.811235360304146,0.2530804469368892,36.425393816015955,-0.7242477964723337,0.1559673736586847,sad
73.83658452356265,0.4901274484221202,36.49346899674066,-0.025081593133243985,0.3464196511602263,neutral
74.26435393060507,0.44358292148671086,36.95449666616975,0.028564557217693715,0.2894759645276135,neutral
78.07503214888365,0.40805675829761157,36.84809792008211,0.13290470826899242,0.2918637010197264,neutral
78.78365895680355,0.657226916108936,36.50602064131188,0.9452107792598494,0.6666680332825482,happy
66.85250792128343,0.3749355454924905,36.27207581221226,-0.9667948008697282,0.3429614857123984,sad
69.42110262023002,0.40904744923487263,37.07370543761462,0.015979290888553738,0.23951691716566367,neutral
80.69456428014692,0.44204760617797345,36.8453704998141,0.14168813718629297,0.2204801231925798,neutral
94.37946552041612,0.7668502715255217,36.88292981705001,-0.6092794589471956,0.8068500895943329,angry
74.37231564905976,0.39079844466558467,36.599173918476126,-0.528479885976469,0.2667613289189516,sad
96.8424085466269,0.8109978387070532,36.611731650856925,0.9597357636073612,0.8879702294263774,happy
84.1322796373913,0.6825660227521625,37.31827581547823,0.6317886663417979,0.6976322872816481,happy
86.97385200150099,0.7121529173253601,36.58341516745651,0.674066018166481,0.7507665117255582,happy
81.08777643160784,0.7455084321483507,37.14162330263392,0.975211250945787,0.789599949647825,happy
74.26054651380568,0.5737955609858673,37.460274597927,0.6183408073498806,0.5029009712060578,happy
100.25362938910287,0.7294297581667879,36.9956803257061,-0.5172496343222492,0.908219822456787,angry
94.57834029232761,0.6423261904658599,36.92657173653345,0.9361446021541275,0.5486226518073076,happy
71.40274965501791,0.3990054647627529,36.41736233323208,-0.5786719789550052,0.24305284117463796,sad
93.88668027306434,0.6849691235774442,37.076888487476346,0.9479036998270753,0.8187646262970519,happy
83.24104355928492,0.6201852645613533,37.01949053524336,0.6815513370486397,0.8611308046907287,happy
82.3764782067245,0.3793275914858262,36.79160311029798,0.1839712482334006,0.2670098341876965,neutral
72.97728635478583,0.31212790774419535,36.69983226833452,-0.8757566947658539,0.21311064903795363,sad
64.53584641042929,0.3686826702810574,36.347484868136874,-0.7674509995379002,0.2728688235333803,sad
70.80473349050041,0.4069642315111429,36.87883134850019,-0.9606454812012177,0.3115239784551376,sad
94.13743610949888,0.8111646904716721,36.82263111379007,-0.42356527774821473,0.8973335221714536,angry
83.67544107601753,0.550556775208953,36.877419144173025,0.810849568711079,0.6862527686236548,happy
93.22641390502753,0.786549226910885,36.802313549815835,-0.564374641688236,0.7080311757109383,angry
85.97289029383465,0.7209228962069107,37.01098588588316,0.6137328684571413,0.893025680234171,happy
65.08871310127478,0.35627726396498816,36.36368821568095,-0.4050953870328988,0.25935963827245345,sad
67.92233075982291,0.26889535109147655,36.383492554877975,-0.6030612590959568,0.30657496179364696,sad
99.60077644609093,0.7819547688397253,37.46363461522194,-0.3361338601084981,0.7283371153806157,angry
86.00994229513545,0.6797944082645768,36.90729735326824,0.612938115167559,0.7587713364392987,happy
59.79409630566277,0.3545291961740748,36.55052770689585,-0.5221925347122106,0.19979635027151538,sad
76.63457144315242,0.4826429014917785,36.609916329172115,-0.11735516772760968,0.30176816962610137,neutral
92.15196165341993,0.9123756945743595,37.08496137514872,-0.6713290059052339,0.7809500359873283,angry
96.15896335040073,0.8842818636597674,36.92599594486201,-0.3628514614625188,0.7178918753886314,angry
97.59543026133618,0.7169980398291126,36.725752752783926,-0.6486223146910235,0.8381991234132111,angry
83.49951651957291,0.7199359541988027,36.615178365798286,0.6178841098219586,0.6072035934740894,happy
72.15225532026105,0.5342357427024946,36.48460909182441,0.03302067855384011,0.3105881496378504,neutral
93.03620259891153,0.9090753528730598,37.184015019872234,-0.4358193486316388,0.9690487134522121,angry
90.52380264426682,0.7507272747592154,36.99991557043182,-0.42050677977825873,0.7272696704423643,angry
80.82168555226107,0.41088152831786473,36.52557119062003,-0.006438602791263431,0.36281097446240185,neutral
90.64301696061088,0.632837930470403,36.59631686023426,0.9813019422883337,0.8401811671135162,happy
71.85626612161118,0.42500178426446544,36.586279167534045,-0.606660459425816,0.27773295562272293,sad
69.79812834071606,0.5252753878795898,36.69609703944966,0.06885947477296284,0.23074900639915719,neutral
105.124496964023,0.8175963314238979,37.08234604741963,-0.5973652148836317,0.9716728176989706,angry
75.94476184602199,0.478247369988207,36.40439954893917,0.16815593260001477,0.3758369835558196,neutral
86.56977843385312,0.6027086001025308,36.57370978659708,0.6229693917608979,0.7558647936186165,happy
91.14760221376272,0.6409858021651029,36.6179470943652,0.7966453379361322,0.5073736838802968,happy
96.38720588806181,0.9268154681412393,36.896857858156785,-0.3571262331405839,0.7894771469129453,angry
87.45133857662485,0.7838907771787305,37.001942597163996,-0.5553638870511959,0.9240164805052187,angry
73.01532211193377,0.4840775754834612,36.899856976685996,0.11578203561286737,0.3347489260096036,neutral
75.94896939966151,0.5627372418668827,36.950305773842786,0.1391696649113644,0.35036527768525066,neutral
63.704068510697745,0.3136493565781544,36.26019364781411,-0.7275627971659715,0.24782812719972705,sad
76.23007552500243,0.561873229586677,37.01566853549946,0.08767862420546185,0.32856070175657526,neutral
68.2063746967152,0.35076990605555686,36.53574791064412,-0.6719578312096792,0.26708452558847895,sad
68.58728305651516,0.43625971923635615,36.609484006011364,-0.17178628190507125,0.3545608985723481,neutral
85.47158260639216,0.5468881282995086,36.569649794465896,0.62890966801648,0.7978563185380825,happy
86.2950402679187,0.6318864911689335,36.80058950263286,0.9889039206966843,0.7234064612643301,happy
65.23728235828324,0.357609989065804,36.390397373371826,-0.5815163008145199,0.1156730991087892,sad
102.12351130570637,0.9680952079783843,37.11566362319466,-0.7103233203677242,0.8719668872668731,angry
78.93602876465721,0.4393041243843259,36.86874805489531,0.7454225175470691,0.8978988205449854,happy
73.51174427747881,0.31434038478169335,36.44526084154903,-0.4318795615024211,0.1875171661541083,sad
104.81676125158705,0.8014007229261121,37.57083352741725,-0.4212619203700825,0.7798155767318035,angry
83.68092240676296,0.8187620002444888,37.43274963728243,-0.7243293706542335,0.9355995073416352,angry
79.71912142381106,0.5987458400290122,36.69061738073124,0.9623476425239887,0.8596094908853467,happy
72.32551154409813,0.5822677476135373,36.652967024349785,-0.11133446276504469,0.24398490960787486,neutral
64.40225407476755,0.5169610239662539,36.84334512097612,0.05251572493309237,0.21993232271108812,neutral
80.44094943096502,0.6671113570948217,36.88052379881731,0.9156295931526774,0.7896035168646216,happy
79.67879060545236,0.6345955726782962,36.67816410802261,0.8627230086095556,0.8140968086745433,happy
93.13904353560953,0.9516070420203917,37.423751787484605,-0.752533995217191,0.7956555426809747,angry
79.46291288807622,0.4921827366489109,36.62317659882158,0.03091202758819364,0.33527791388168693,neutral
63.93009922657435,0.3154761144216789,36.28068741408307,-0.6551465856067574,0.19843104275254653,sad
84.94230696937933,0.5854480077805764,37.00810403786979,0.9750797064776368,0.5566410302451954,happy
88.14334890791096,0.6464943580800474,37.19434177967238,0.6346349432717401,0.7369781763161657,happy
80.90996307138805,0.7569896310912204,37.09358235801961,0.7026951098531247,0.5961058702448708,happy
95.53590140760392,0.8387855045111314,37.262350628955616,-0.5156154487385614,0.9371978578136833,angry
63.69649265444005,0.29819206290090416,36.32026161999421,-0.5083992255816289,0.33545611370673656,sad
105.35241587833308,0.9192539720933895,37.370329239442135,-0.6745979337495518,0.7758501349495484,angry
70.01967684836609,0.5234633901251817,36.87745523799152,0.19106708707962416,0.3189711002926046,neutral
80.709833483528,0.7498785299228956,36.87466782369384,0.6508816477351124,0.6583764383255897,happy
90.2616897002321,0.47065519215802376,36.99091954145599,0.7858134338632389,0.6696622436476067,happy
83.7371196747865,0.5439910156321316,37.00974009527898,0.7035993818112398,0.6953352575981275,happy
92.89531273116822,0.5605059725137638,36.91182753122893,0.6570387514654373,0.5749276370845501,happy
72.21585969068045,0.38100928587848193,36.55315201046167,-0.14524787212326895,0.3375202857841467,neutral
81.30328608183757,0.7796721923149378,36.74332127570854,0.6112406734470577,0.8918455556395765,happy
100.00012828497712,0.7882984466658015,36.974272587490496,-0.5868595468727327,0.7393043663300843,angry
64.94917164756122,0.3796417085316537,36.74487227186684,-0.9038239157075028,0.1631807477897525,sad
68.94820626264958,0.5034314099966378,36.91243826152544,-0.03669329042942965,0.26193611287029117,neutral
89.3130835125578,0.7551807249116333,37.014916043476546,-0.34804899685813934,0.7133032637687017,angry
85.00148277137275,0.6014930096828149,37.105217488192,0.8572714467479583,0.8528849647269254,happy
90.1964149913197,0.8002300932136545,37.03839152198581,-0.6595113830602433,0.8238858688301034,angry
97.97634498259065,1.0176552263968293,36.985411101813575,-0.7482512482032162,0.7760518566775043,angry
67.27621835720406,0.2919489990779331,36.080251663316766,-0.5899835230759823,0.31727223604402377,sad
73.45019126533268,0.5915371912415631,36.798639137697975,0.03869554511196319,0.2245480109349241,neutral
70.62448308542955,0.4816786659683455,36.70968529144302,0.08815252434655774,0.34038218038638857,neutral
63.35806772946504,0.38450291699043326,36.35975690442158,-0.9782486094911231,0.35683906610591376,sad
99.55669145746367,0.9829748106598217,37.11550579448918,-0.4207957349543586,0.8003971861373503,angry
80.08322571482648,0.6431857821775088,37.05575486159555,0.6692501756660623,0.5191244254809919,happy
88.51287396978194,0.7459293118443312,36.99393029724838,0.8939985753178292,0.5247445697533175,happy
94.40435487752539,0.7098595266568093,37.382208186735866,-0.3528859786298766,0.721058983422314,angry
71.75248000388238,0.33086363803346136,36.6251345073368,-0.8284434642076071,0.3751664635426535,sad
77.33132949164909,0.6173366722277048,36.752619729553636,0.6373969446335959,0.5843511362429409,happy
84.43248195272153,0.6734420297384884,36.97677357202253,0.8811597131293658,0.534697309049341,happy
83.3022345789151,0.6180090326103462,36.945082028525995,0.7607680747970706,0.7586389135209881,happy
56.70381493219301,0.3552780547694955,36.12716195457049,-0.8663355158390698,0.2960300257743401,sad
78.68362817857547,0.35621880611504647,36.71962217915035,-0.877439468059888,0.2635707154976723,sad
72.23762476479855,0.38982507214130624,36.17079491450344,-0.6349694699100847,0.11205960737736298,sad
76.20575135119739,0.33840379989431885,36.36404877338472,-0.49436852587631885,0.1775518756443436,sad
82.45649706036846,0.5245528666927233,36.878249560876455,-0.14697223866194614,0.33194562808097683,neutral
87.38177677850807,0.6614746844515401,36.75146816684552,0.6757390894519435,0.6444971176164042,happy
93.60739939319839,0.8451095392801703,36.74094482212119,-0.6564984472454007,0.9731414878513852,angry
69.32380394133664,0.36265927175702956,36.2632156949301,-0.7078355720564511,0.3371245750957631,sad
72.29875380505455,0.3821904515976696,36.57745468127949,-0.797890001838774,0.13120517553853064,sad
102.58528631212327,0.8042457163041253,37.30383104170225,-0.6246488362846363,0.7650273133965955,angry
88.67444871747661,0.42239757720550836,36.672952472871856,0.0422613087286387,0.2978898397371079,neutral
78.77893628321313,0.6522880364107004,36.90530143587506,0.6979242960243603,0.7297478896956056,happy
73.18583668631251,0.36340720534049337,35.973232542400325,-0.6688592689028966,0.3499665314114502,sad
77.02324553870677,0.6112953188634637,36.688370713741115,0.6311480257225465,0.5766797084646538,happy
103.43521752955637,0.9423984183358313,36.88347781069854,-0.5256615624253016,0.7598762487400295,angry
62.01058554044422,0.3485991188833,36.64140064775051,-0.506478388651917,0.22180376085646578,sad
67.04674625906055,0.35918619759388354,36.37510038637875,-0.6701168443763832,0.36897440078919663,sad
72.82593646471591,0.34691119688647193,36.432685564077225,-0.5207772556944167,0.16319367929066103,sad
77.68093936236704,0.4793368540536651,36.583705608340445,-0.07191680633801717,0.27661256242689347,neutral
73.23078082611688,0.2843027751645015,36.45290827522041,-0.5196258061523108,0.39164695286042506,sad
63.41545851959879,0.3921404922856871,36.50987830573955,-0.9344866021578913,0.15345892803643785,sad
93.20768407297251,0.6418458153158276,36.99784236493286,0.7680538216732402,0.8875606868456152,happy
86.35358542265651,0.41036873837823606,36.300462371302885,-0.05202799816395101,0.36538478179337225,neutral
69.46783609754976,0.5501252227441019,36.56076030553917,-0.08131748433204017,0.31255401416030637,neutral
87.20696076234714,0.8901141093402805,37.06602549740862,-0.5889882170151565,0.7318081569866136,angry
58.39362800971693,0.3020322519675938,36.163600895620434,-0.7890831750418719,0.11899577409169629,sad
83.65862487396758,0.6330161726140119,36.87339486480715,0.8061939637549169,0.553353797417136,happy
70.78380601873272,0.545972120821252,36.921218504570675,-0.1544152074567391,0.33137864693093694,neutral
75.53629813961223,0.581331819186673,36.504108175559125,0.1035737624908214,0.22364763514525265,neutral
63.827795327527966,0.3298583285762598,36.36613422857699,-0.5879072704046224,0.27034782741987523,sad
70.17834259320746,0.4329131180304394,36.41144309002201,-0.6875000761314566,0.27712111769617187,sad
84.2078019519111,0.79109017981152,36.99185606071923,-0.7216829094047407,0.8918172657709005,angry
82.88892707542205,0.6311595114982378,36.753835209803896,0.9361970033662987,0.8329541462863428,happy
73.47719289258201,0.33191415060913676,36.435733955043816,-0.7021813765202158,0.24181206959088677,sad
91.73364695560662,0.8205195830275118,37.42203182213493,-0.7800804545809702,0.9986696982999645,angry
75.3242073905996,0.5379072444605338,36.62530938880391,-0.061133264130282944,0.3123796206002853,neutral
90.44815360471144,0.9070355247561163,36.30631276546663,-0.4458045724825824,0.7269134128159102,angry
73.73060617822152,0.5225027335592574,36.58208420081278,0.0895981536578952,0.31300355378122213,neutral
96.62360251617315,0.760418943627768,36.775895745231594,-0.6667700891767527,0.8212576402560041,angry
81.14782147971448,0.6300368087279439,37.09150355552866,0.6476400230437422,0.5321772800837337,happy
101.895595194595,0.8783349695762698,36.55362806603643,-0.3808544030729431,0.9942855392057857,angry
74.2286071799714,0.4857408469743161,36.70037582675926,-0.6893556057373227,0.10263242651857535,sad
79.86494631447944,0.7322536101282402,37.27161538190699,0.7260286506852928,0.6399409470814654,happy
92.46713874929473,0.6553076051686307,36.54618245359283,0.6701819880787764,0.8224838620689733,happy
92.51425468539313,0.8320434637598743,37.57110775447633,-0.7123057073900281,0.8539637975295244,angry
72.46403416615706,0.5648648766962773,36.68412477199594,0.12685091286805794,0.3831984002724155,neutral
72.42013978858206,0.5434297122944007,37.05374102463101,-0.10988444325498228,0.23325487367642167,neutral
97.30923814719273,0.8501173897153688,36.615552460954625,-0.5888240636496328,0.7515503670750748,angry
102.49082113052982,0.9385383427215522,37.88888446934641,-0.4286841265934283,0.7741905396483169,angry
87.56829984435392,0.6696649947863479,37.0617977218458,0.8757360462530417,0.7670428918908012,happy
69.34470981374635,0.43440477718067816,36.4124973537563,-0.5776883889202925,0.3494172523201238,sad
94.86736559557798,0.9069868213450694,37.24528638925217,-0.7977591533372357,0.8503698180035224,angry
67.56665529875443,0.3224960883896203,36.36318014245525,-0.739614490527823,0.24946350601367315,sad
70.9563390095914,0.4845892035919585,36.63065002179835,-0.11822145317373481,0.2477401609397957,neutral
76.02923641654692,0.5643199042915232,37.05468946788038,-0.19212427520969957,0.3380755143262847,neutral
96.39699482662662,0.8542432627416358,37.050625012282836,-0.5088147184208258,0.9960710999305766,angry
72.49889601663156,0.26519725802402194,36.80669181569445,-0.5557212094331618,0.23226432928557406,sad
87.42950008992281,0.6653516239192439,36.90705907814904,0.7489867791302693,0.6830506530357764,happy
71.05785775149879,0.394839874130265,36.57002867983164,-0.5675978060505208,0.22657166686579616,sad
93.65325150840991,0.5862213975690926,36.833124578659735,0.7826047026887161,0.6086778464677037,happy
98.71322188259862,0.7254300191386376,37.002956506613984,-0.7798593709168643,0.9481375726836387,angry
84.77142496660072,0.7134748986672801,36.98117005333858,0.6302578722629398,0.6851322628795231,happy
78.11746605751124,0.5363496057524398,36.81168969677459,0.17530183108606828,0.20248194301203193,neutral
84.41116900076864,0.7064079047297341,36.90880519151236,0.9300155642493446,0.8375539862662529,happy
91.43654227029458,0.6062860383254023,37.2349377810502,-0.5243793409386912,0.7620018813367228,angry
62.739351184949655,0.367468177674119,36.468419896311474,-0.5112952191216811,0.2935248075900359,sad
89.3092210353,0.7015927978747137,36.96034533284412,0.6042031992398351,0.8046705141784994,happy
91.58402736142098,0.7052839720045695,36.90987946938308,0.6126460045084968,0.8093568898515089,happy
69.56867230743936,0.5504177091595241,36.7408021361309,-0.11700906893741166,0.25242621008908567,neutral
101.0888539808781,0.8589585546097006,36.98582521382662,-0.3969440911707976,0.831339859382432,angry
72.7732181245029,0.5161484192535932,36.48317428647125,-0.17680053821718858,0.3089603956551954,neutral
95.50464298625884,0.6740108372149423,36.917671598231216,0.6789153234868274,0.8804362718268306,happy
67.69025937254192,0.25759093702703734,36.17424258068108,-0.994680233119826,0.20342805618078869,sad
70.37473642942676,0.3069278285267857,36.41949778780474,-0.40248614249310266,0.3691889765599884,sad
79.94059398148292,0.42666946237288267,36.31184987147688,-0.04334721761847318,0.360752138976096,neutral
88.64247963137636,0.7612223337365412,37.04085097399079,-0.38443051778230874,0.804609368608491,angry
85.05523496219445,0.5684675705366395,36.6860320607769,0.944172267235417,0.7128053914653454,happy
76.80369234303033,0.4898415735507661,36.66786934272679,0.0961219163023927,0.35400609374030334,neutral
65.20959197843067,0.34133963880894685,36.469837445570946,-0.6244389314683294,0.3766976734662799,sad
69.56967672482676,0.36527619831133096,36.35522254892876,-0.403983486967154,0.12600356834524923,sad
77.74978259693671,0.3576662589631129,36.3516305019993,-0.47122719549901837,0.26815948164864895,sad
70.71112273929985,0.498093271558768,36.6578930119294,-0.1706463933391966,0.2810451565858668,neutral
82.17356237193006,0.6717843368711407,36.76082538588346,0.7421846561022581,0.5942068911166142,happy
65.1049648006904,0.35923794063942205,36.32665278429659,-0.7655784695871344,0.3298239997354664,sad
74.5227399240695,0.3858923691319372,36.24207686868252,-0.9910252032439387,0.11651438889826435,sad
103.21373742921693,0.8472342219611344,36.97218513553262,-0.35735858545154986,0.8084770799260929,angry
92.57925003850269,0.8796778046774892,37.0582180371085,-0.37053730573465354,0.7662474747633448,angry
90.79625213937234,0.897794362842311,37.09062730706879,-0.5831360585520111,0.9356880412863993,angry
80.13915896925482,0.5463750605397973,36.40020050803048,0.8059895139928421,0.7329446862960065,happy
70.78130800000297,0.49064172260680694,36.955252797574715,0.00947773289787529,0.39648947140941493,neutral
79.96571980750893,0.531981878705767,36.92717138899582,-0.10823520350615748,0.3290274081638517,neutral
76.90767565608823,0.29030228889773835,36.158466729419615,-0.6410836728892639,0.15506887243597262,sad
73.23427135908659,0.5464919761986221,37.098725756503704,0.10181173553069667,0.23477843501294898,neutral
96.97603062922074,0.790652547119322,37.00455720083149,-0.4195962292844615,0.9552341147892046,angry
59.778127793814306,0.4513287706805633,36.20008589754266,-0.7589704481887674,0.23752151590915863,sad
75.53673656916042,0.4973994609591477,36.55631535206303,0.13106845422767766,0.2902430626556793,neutral
74.62041184939298,0.29394686093297806,36.30124392990353,-0.7679378590709908,0.32967701913731806,sad
68.59857800143035,0.5585559532368786,36.72150500008616,-0.06316199769622971,0.26705766341589415,neutral
73.63628445825938,0.4831467587160212,36.66093385842721,-0.11892471896865696,0.2223691887595266,neutral
93.42361046590707,0.9631019781994341,36.99743599101973,-0.6225290177553792,0.9947646284618799,angry
69.47802621821624,0.4054288140159136,36.6298755546238,-0.8721014785648551,0.13502589014740257,sad
91.44645436268837,0.6167160681167391,36.76723337943486,0.6356064498935584,0.6086954065937926,happy
97.6424633554544,0.6330041123533536,37.281520683064244,-0.7955887055348294,0.8457146138188021,angry
85.36036871101707,0.5170617185841714,37.07565547034884,0.15409159368446906,0.25040294673581054,neutral
78.18991945447372,0.41483287983076583,36.53231627606238,-0.022496248887865805,0.2650932200493285,neutral
76.67431733174591,0.43886248606309125,36.51687354072831,0.06237948433535678,0.22396813230824078,neutral
77.27634515795967,0.4475704352861855,36.34415692253408,0.005184299303695683,0.2492474202412419,neutral
100.02496337444754,0.9822148371745556,36.91126453345506,-0.48063829559149707,0.8596704543030094,angry
64.21105076089059,0.2794576198611076,36.38738624457873,-0.6156270705653868,0.22420031550439995,sad
94.14073399654913,0.6656466633779076,36.60320418810652,0.7484446655106353,0.7789996144148379,happy
75.05982456332808,0.47840240850420324,36.13667828589606,-0.07906249526439645,0.39732774396272785,neutral
71.88797236504061,0.4440823886999759,36.72196147057139,0.015390390665082382,0.22917784929665747,neutral
76.217334687575,0.48780941386531357,36.807683759899255,-0.16748779067172248,0.37607392525182365,neutral
78.81334626892912,0.6898913463185666,36.76478912669024,0.762050429334744,0.8490082067384728,happy
68.43487704960889,0.3391002704534637,36.51239973041036,-0.440360637747783,0.19175743239845272,sad
58.89042660381113,0.4048306591731026,36.31439761358916,-0.8855246407144968,0.3421539310607474,sad
98.38379495620569,0.9450939185724276,36.86846354917661,-0.7379985026879288,0.9765561021357729,angry
71.04382855677372,0.6166508209126345,36.95918557231475,0.16568351587232477,0.30120106695338755,neutral
64.96395565203568,0.27629195261050415,36.64648930979383,-0.6803050832124339,0.2874469426280314,sad
77.37576270102157,0.5572079235895957,36.38434192476992,-0.1617255170776375,0.2709135642232302,neutral
69.0260908899794,0.536312737492123,36.53591940186213,-0.1567898722567386,0.30697560151283115,neutral
70.34637451970652,0.37387944097765025,36.21654767156454,-0.6751393140340931,0.10553977146797079,sad
69.53462816064304,0.5050893164101324,36.66812718268095,-0.06503411652542632,0.33118347049639474,neutral
63.428597079964646,0.3018612574366467,36.363855541963645,-0.7397637624123903,0.2371899393990694,sad
83.7165878788391,0.9837194174293327,37.37095897247772,-0.6493008112914088,0.7477785083023283,angry
74.90328737031551,0.6213089001920887,36.7736704007682,0.08949855416311425,0.20500502031277335,neutral
93.63350045186723,0.8560095500849403,36.60756095595174,-0.3110701830940158,0.8522680747331578,angry
74.61542626405428,0.3458447345791697,36.619334177499226,-0.6914756953136283,0.3507419108853509,sad
70.42264741449151,0.40025873521841615,36.43074329374223,-0.4241487373597861,0.39069043909659884,sad
85.41555485782332,0.6645544047168771,37.09718967666294,0.7778422396944403,0.8099399386136397,happy
68.30119354639368,0.3996221648329143,36.01855124325483,-0.7272952659577112,0.3143345481818186,sad
76.47753917613333,0.44626612010084465,36.829147570075584,0.1347755379239825,0.2579874187324756,neutral
100.48787079559247,0.8332113577109563,36.93782450805196,-0.49154943548013136,0.9338137234909962,angry
72.70863808160098,0.5050711482119828,36.549258471027656,-0.08388100678238626,0.3656109945938546,neutral
91.47349423818976,0.5691468300146312,37.05957092690841,0.7174342553697128,0.8012810260561983,happy
74.11190343619263,0.3959906013679064,36.75579562038313,-0.19947205240626814,0.2615887415323864,neutral
65.48950988195669,0.37816824839160235,35.94631311339427,-0.46569850759125253,0.18906754881982868,sad
71.66716728914002,0.7279703678587555,36.34000713948128,0.9241607763435933,0.6710804683276954,happy
85.56456799869663,0.7800884945177077,36.925007534705735,0.82576117020424,0.8546679026608832,happy
96.5898076899449,0.7500418809166479,36.93677450370539,-0.5102971844566727,0.9394512407853536,angry
66.38488427175912,0.3843063317112118,36.48955682555999,-0.9596817411383721,0.31436251043500163,sad
69.56108899293568,0.4620667399228614,36.82447582369463,-0.01267027705257795,0.3723656261649206,neutral
83.0559532954155,0.5543753450114421,36.83049205456952,0.7562297510369875,0.627230617771252,happy
87.19386704127525,0.7273788683650488,37.081284917480204,0.6171349284755994,0.7703163854511941,happy
102.6359151437224,0.7890581316897238,37.10579630278363,-0.6748327181326634,0.7342966215425543,angry
92.07612259222068,0.8923439947154935,37.43902667855258,-0.7886565789087763,0.9793066837212983,angry
71.17153133165166,0.42653455834611864,36.143100744289576,-0.9557852485777392,0.3824276784505817,sad
63.41870197789865,0.34228348120601443,36.59203673387487,-0.9547935294561095,0.3839916181644858,sad
98.50391770328353,0.7141456936499794,37.09145834227744,-0.35212827743784375,0.7564514787538371,angry
71.80908131804004,0.43872326388925487,36.72696028465804,-0.19690789306386042,0.28462268619915726,neutral
74.20056328013821,0.47168390404477556,36.807131563020974,-0.18829515633306715,0.2583859942146147,neutral
79.53109073252857,0.6136461082383209,36.90145659741008,0.6277265045485267,0.6030270902598067,happy
98.02073435014108,0.8329351236441235,37.37286496160316,-0.6769063212693736,0.9009306707168804,angry
72.30210764251636,0.5047513942636036,37.04566587611327,0.09546482142473012,0.3814579122905144,neutral
83.39532814635064,0.6533505427929789,36.73717649861181,0.6999424440643338,0.7142437998266615,happy
81.25196062171787,0.8526278891331334,36.92391959091497,0.7351023045974341,0.5286602456925938,happy
62.73242919376338,0.4186688195939666,36.24645192174593,-0.42869569752623127,0.38757215293880753,sad
72.13611189832628,0.49600754232561023,36.57767897075909,-0.01916259104384635,0.2601263857163351,neutral
74.70003479515496,0.4738481566336309,36.53872563118865,0.1489638707507826,0.26651259048140363,neutral
107.55201594012867,0.8790012980225413,37.38097471672284,-0.6058034098080566,0.8509614010224892,angry
77.5421265986473,0.49289340826920347,36.47950344663425,0.0008593810547940506,0.3725113665047702,neutral
86.73196810174734,0.771051060623133,36.6017840152777,0.9999220576535206,0.6971969716418127,happy
80.70232650866913,0.7397513887164283,36.95920619502454,0.940735790745121,0.6443885823945087,happy
89.15854879175768,0.5887435771237485,37.07516746575314,0.7376399056118946,0.8961886689389027,happy
103.45843531316655,0.8630287459695378,36.971045317342735,-0.35569575478227433,0.868137461367499,angry
80.37458128385434,0.6584425983329505,37.03246137932959,0.6949875628890982,0.65945158465763,happy
62.542638308496926,0.333686626636606,36.33836429986866,-0.4475395660848801,0.23253894713278167,sad
97.58932590150037,0.7928259368172742,36.89289576738742,-0.5172983040247479,0.851189733947618,angry
87.66476360508916,0.7467069467870711,37.06659443606681,0.8540402149938107,0.8620106389772794,happy
70.65717659968492,0.3883968831758268,36.29472182697786,-0.9497655201346541,0.3319416018655833,sad
58.439389935530755,0.37209746657849496,36.568299581243785,-0.8612578375653783,0.3749095320227187,sad
78.40508150017253,0.6634019295304955,37.04703104639785,0.9229257203076209,0.653549981373711,happy
77.3374539561847,0.4519342304116191,36.68922304974252,0.06503330574957955,0.3531916342611035,neutral
64.2857890423618,0.36684516319883076,36.490454875529714,-0.9496062991665046,0.3670927593323693,sad
79.37298141476025,0.4926996771549585,36.64234874600124,0.03206874799652151,0.23860242679717852,neutral
71.70162240278127,0.44976368861772725,36.76585001243187,0.17806458287115878,0.3866188146219709,neutral
96.59425579046632,0.8077557674036482,36.798568170942275,-0.6608364647506806,0.7540882855858653,angry
64.74755457955496,0.34095962774563865,36.2570671766318,-0.5980441947032062,0.2409669724124319,sad
78.13880499714706,0.497620411994151,36.754350652952006,-0.14966452379453235,0.2894440570404729,neutral
84.96515383410728,0.7559775906722995,36.93137820640481,-0.48026578025394817,0.8371006928130822,angry
62.351631822472505,0.3482005698571217,36.426715818056074,-0.9407972344791663,0.39802603287477034,sad
85.6926364305236,0.6677578488008669,36.63705022793791,0.9464755661062323,0.8531222716753939,happy
67.63163345026675,0.2959552957837297,36.03046679519395,-0.9583079051484082,0.24548170917482903,sad
82.94629650028612,0.5254833104500012,36.89551642935524,0.1577559414793963,0.2114359309060533,neutral
66.28577460945495,0.2894206090901593,36.37050681940704,-0.7876775539310582,0.16699451418220157,sad
71.11497274444308,0.47541166936718987,37.13545868950982,0.14320546302733073,0.2684763532018377,neutral
101.699163966872,0.8496381487593251,37.076399950613954,-0.4744833509984063,0.8986637853700337,angry
97.2372650663393,0.7745405789884977,36.868636187975234,-0.3903406188265177,0.9132001737828506,angry
75.95997402050672,0.4733419435467405,36.66735989845039,-0.16896461932425413,0.31932783998669084,neutral
65.15889581643458,0.4508887906587532,36.40878166037543,-0.8515193622991976,0.28014185897508226,sad
90.64336413486635,0.5875705901090601,36.73868752004294,0.7901441429822597,0.8004095436553657,happy
92.43965330678637,0.8783160635501586,36.77169944273838,-0.40694227609843386,0.7507742792328683,angry
80.6017603391933,0.4959788375072007,36.65536140941476,0.10709923661857362,0.312520298479713,neutral
73.38012744967968,0.5038942863490338,37.008818532704815,-0.19577315089022285,0.33470330549442184,neutral
98.1670592708366,0.8036538550490231,37.170691141636894,-0.6386860778816135,0.9469748808038592,angry
78.06093244602648,0.7310980415887447,36.81165065530061,0.9651434759857549,0.5808860349835894,happy
67.75637848363874,0.3372755627033391,36.28545057938492,-0.6308043906290977,0.3985285127839544,sad
91.81844366852008,0.8561890984227277,37.322315856189746,-0.3710995313587047,0.7174453361699203,angry
82.16522287856097,0.6917945210027842,36.71864364314605,0.7057039511398623,0.8339463021333262,happy
72.55603617912922,0.5514698809067661,36.60568505932869,0.15706247813419222,0.2373668812589166,neutral
66.4686078672087,0.5513612217877257,36.66069457318906,0.1139108433533631,0.3824135690251252,neutral
101.42063691638377,0.8205553374285055,36.99810266383508,-0.3959926254686083,0.7782493240075026,angry
79.99503457278729,0.6223145638909553,37.06817831407742,0.7267716013128944,0.7442474920785416,happy
59.171187672409474,0.37488650547794955,36.294130895266136,-0.6149577731115861,0.30068549252818755,sad
72.96218180592562,0.37253842222609435,36.36371800521529,-0.9066925815525779,0.12214859265816473,sad
98.03569372664683,0.84005592488972,37.08031177843884,-0.7997229077073731,0.8824958204200202,angry
94.22398994965133,0.8638543065227612,37.24007858628262,-0.72288863044018,0.8070313141259681,angry
91.41157478244247,0.767531735895268,36.43118422053012,0.8968370370232978,0.7784583699754164,happy
70.27654876024258,0.34905909740539126,36.653481790035535,-0.7644974096225136,0.3682848156051035,sad
61.34596496077435,0.4041268504341455,36.267970426532706,-0.45977438659144054,0.16556453845616892,sad
90.11525186735071,0.6174112207919078,37.11102166414298,0.9934363167937327,0.8506999452526521,happy
69.22840982265497,0.5087577220333237,36.55666321841279,0.1724899036715592,0.3700725575315701,neutral
70.61179527645476,0.24931652144823535,36.43329614894314,-0.8326207376810195,0.18669487127253992,sad
69.51461660452863,0.5248124283122714,36.996566573277185,0.11309428414407674,0.3492301007653576,neutral
86.61921861705814,0.633103737929982,36.49585314431199,0.7107958301548837,0.6342825563479741,happy
87.96584238284449,0.6591888209820054,37.03307135752899,0.8796772791925505,0.7100703159736896,happy
58.341418099302494,0.3045113297828099,36.14961256031738,-0.9812371733516395,0.14563492090265195,sad
61.78405679267179,0.38951955382677345,36.504102499325654,-0.7629756785911009,0.2692653931100097,sad
89.28803995118709,1.0197150457636415,37.15795082627981,-0.7310985061593661,0.9013558366477544,angry
65.12236415731734,0.3761090797956803,36.6835124447808,-0.44379273224495164,0.2195133026978292,sad
59.22778453371316,0.48278802244563324,36.55133692211773,-0.4078029535273763,0.3477590263126957,sad
94.13657353070334,0.6395085376534483,37.12245848997834,0.6016101115415883,0.6606580708848168,happy
92.30816053815619,0.6406890505551835,37.05604475690144,0.8576602836135887,0.6590089316428863,happy
91.43767141205339,0.9139928761992643,37.23353202969867,-0.6997452382245564,0.9666663818969448,angry
75.84614978116684,0.5209612824375512,36.873007629026176,0.13165281185935923,0.34335529096684525,neutral
68.90762046294074,0.39727486523296973,36.3841207237229,-0.910241406311465,0.34779210087504614,sad
85.84669023028101,0.5704688502129901,36.70784599686526,0.7595832908219734,0.8141965732857075,happy
89.60752636987881,0.9299980855147055,37.47540865465749,-0.7235555771776019,0.9534371080868684,angry
61.961798482976285,0.3844499594681285,36.62491865894463,-0.8934064552882967,0.25962417120486914,sad
66.99812408117843,0.3683680174573743,36.720568849435594,-0.4702285264915017,0.1922118157612135,sad
73.84150789116948,0.4623280104526565,36.67780167280695,-0.14785399032924362,0.2699746181400308,neutral
65.4553986912544,0.298042693481979,36.536356636366925,-0.5743655528493228,0.3805132589172192,sad
71.21750268298594,0.3628053622535358,36.28596273297038,-0.47182136954887544,0.12009212983707224,sad
84.7552409184593,0.6016753693711598,36.88282721984044,0.9190397397959154,0.5139995365055943,happy
74.71933320219517,0.5471492943313224,36.840886794749345,0.07738463162526699,0.3658654920124194,neutral
107.00572838040682,0.8163901618182485,36.58036776419985,-0.6442921230594207,0.831436704124259,angry
81.79388623905521,0.3364175223796587,36.26573377930707,-0.8631265580078031,0.3758865107923026,sad
72.67476389153062,0.5204606289303273,36.61481508013649,-0.05244615105039774,0.2587604057631015,neutral
104.18644593544971,0.7234139021394759,36.90574326253296,-0.4736382802221634,0.8579666670603556,angry
85.581037622349,0.6640587817085873,36.82891713917429,0.8186006855591532,0.8814294149649189,happy
80.57076378322655,0.6483088623293796,36.740013625681556,0.6763001612493524,0.5028697753401815,happy
93.44581848342098,0.9538667591820333,36.82813045797191,-0.550706856304394,0.7572027840264374,angry
88.29841274702935,0.7464544864914436,36.624737475940144,0.7214163631989196,0.748378434950302,happy
84.0964995399189,0.5783561349541915,37.184349296919095,0.975440126317891,0.7651212345502943,happy
78.87071140770935,0.6971917768413992,37.18680753290432,0.9468126395106735,0.5420476519409587,happy
97.046627379916,0.8747644517413721,37.23583489924977,-0.5674131516716809,0.7259527806819243,angry
78.49366593017498,0.47065515896149973,36.81587512991325,-0.1754609768149416,0.38086207439745473,neutral
89.40659539240434,0.6701012614321943,36.82867230117219,0.8839308299679505,0.7109744339716912,happy
66.90404227640589,0.4225020852515827,36.2782343415076,-0.9089902909799938,0.2639948650910191,sad
90.69957380891853,1.039466763392035,37.31401202369388,-0.5921055492113735,0.7899974411661133,angry
78.47332962317125,0.34300979412017013,36.50694906447755,-0.5767306793761978,0.3262603275977335,sad
74.38096395880349,0.498008450235801,36.977526176156815,-0.07726474771895267,0.22038638135611402,neutral
92.27830201571444,0.6229905775089767,36.52812331056886,0.8957060602903391,0.8192808535925309,happy
83.6564654937535,0.5445154390603391,36.92924295927551,0.9192186331347282,0.5854851899410316,happy
63.14558563928076,0.36170476485855524,36.57810975834244,-0.9565008435969673,0.3685896513126842,sad
101.33392926030973,0.8120560667344341,36.99171452514084,-0.51221143715079,0.8389986704638819,angry
84.9967372895149,0.6047430246126566,36.96931020541846,0.7593969977092347,0.7535489784208317,happy
83.95570475223687,0.6267409109124938,36.77748981952919,0.6831552221052578,0.6586254867188324,happy
85.08383009436122,0.6447440352304975,36.86579480603383,0.6014425744425845,0.7460909995862683,happy
90.65111568714785,0.7939471118349362,37.00121901792983,-0.37851379897571846,0.924071096606657,angry
74.94755322059956,0.34139116194603697,36.40938196163297,-0.5762609774593253,0.13915641982675891,sad
82.01636852250361,0.6886176162579178,37.279377749574415,0.8254313371106196,0.7942790021225015,happy
68.15155955023752,0.3691047976092005,36.022025129751185,-0.7429945658059807,0.2594194920988967,sad
66.05739268104796,0.5194628460713364,36.78730182638402,0.09243035269381938,0.2926459274818058,neutral
71.26922698587651,0.5624081405634196,36.693851865327844,-0.053154297386556054,0.37631125221360023,neutral
79.77930100324042,0.33171096273489964,36.38568286142122,-0.6607689039404825,0.12882279269150684,sad
72.3197466850122,0.3397147499639905,36.495646215222294,-0.8772937776664271,0.2247247157596498,sad
80.10715547518846,0.6162500172296711,37.00143315184311,0.6573183965723738,0.5104118199268539,happy
88.0102727881729,0.6835997096497315,36.78540076174659,0.6168145608761683,0.8881535291169951,happy
72.69107077293314,0.46716448001117666,36.42889162776718,-0.07956512781391455,0.22192499726600046,neutral
73.31064018671046,0.58718921781069,36.709813347597674,-0.1422986923688757,0.32445827516752834,neutral
102.53661324897355,0.8617606869242844,36.95956633398484,-0.4574850253654058,0.7593302882852555,angry
73.60135097431976,0.6843009624589177,37.03566547915673,0.6013491774202222,0.580501264361963,happy
92.1013223929498,0.9092336971238201,37.267471122553935,-0.3349865810559189,0.7353718935460852,angry
89.67380423991285,0.801357468454419,36.75935114315987,0.8614168586826136,0.6163902022995462,happy
78.46630972388108,0.5589197400788388,36.71362651113987,0.08301539584586948,0.3243766322909866,neutral
94.6369342168556,0.6508270022125816,37.041940343775515,0.6429593694764529,0.879961037767814,happy
67.66617035602054,0.41142860410309984,36.84044865467458,-0.9531374175874523,0.38294891573813183,sad
87.16128642300315,0.7424969674583739,36.793679889136634,0.861292507522738,0.5686493407538259,happy
68.07946320973963,0.3189557880406368,36.701064303994514,-0.957455246600895,0.33025200861860926,sad
90.72213729822062,0.6584651000988367,37.082752080431575,0.829826761464019,0.5193677223242327,happy
71.72281024073384,0.5378528000909708,36.83798805537922,0.1690779935817469,0.2752330220862156,neutral
91.84383139796721,0.7853833494605789,36.87048293996219,0.6718987605353034,0.7160006252461542,happy
98.06670976706846,0.8220183331534914,37.613122232199224,-0.41039744263055833,0.8922913972366413,angry
69.26458216944681,0.4808553276612677,36.66750044713287,0.047189218738922956,0.3330755418303015,neutral
89.34905393238611,0.7522962092315819,37.31609787435167,-0.7414792586557784,0.704817646804034,angry
72.07301991655318,0.33395728342889885,36.64835284992207,-0.4621660671483844,0.2345248623907166,sad
79.16213778109422,0.5470826695470252,37.1295569654481,-0.09979943012162416,0.2742239382437464,neutral
93.22895005640856,0.9043442090355007,37.04267879347798,-0.5188592179373038,0.9827979229318259,angry
83.29223333991852,0.6706203760378224,36.77063273916647,0.7011344812299161,0.656792445162784,happy
88.43647237615343,0.9448534271780319,36.94467117870432,-0.6719464541996871,0.9637544217674725,angry
73.65087053019616,0.27989907521760615,36.36127952079852,-0.5133903338424064,0.14715474148251206,sad
101.74535845052522,0.8738626885221111,36.83692034400262,-0.47557583565274264,0.8857478118160602,angry
89.04354564842768,0.542408179921045,37.33684612035098,0.7739836425404867,0.5447891881947973,happy
78.02836873744198,0.413804297608498,36.5303606257191,0.06570359085605504,0.3798557585072666,neutral
91.33292141266355,0.7318219792996943,37.0972404861723,0.9741369125587621,0.5259494551340429,happy
91.14819132143833,0.7544473985714367,37.32826502354608,-0.7339606088263415,0.944140653178049,angry
76.51628418961742,0.5266990398709332,36.344359454486835,-0.09678244238531382,0.21459197278259098,neutral
84.9710969126553,0.729286847733103,37.06130397174986,0.9567500667736883,0.7529290583777,happy
79.57144349554869,0.6994048719642822,36.89855192028117,0.9567472817525304,0.7305839425836935,happy
96.55538170412571,0.5919314863568518,36.645580203446045,0.6165536782798885,0.5130407088205791,happy
79.9258909884656,0.6370772303894066,36.66845741521175,0.6707452848375662,0.7648509395416996,happy
90.87218115177502,0.7323262135693485,37.2162146857723,-0.603868927116153,0.8317029973598828,angry
74.26082502002967,0.5209775220956956,36.37937674881396,-0.16925315864729806,0.35997826085376344,neutral
86.34955108358653,0.8377879199070419,36.97361737554685,-0.5904708006684524,0.9047429137147954,angry
78.80773189503542,0.5001598995307645,36.595028107935114,-0.07436381790656879,0.23609660161362656,neutral
84.53261255837894,0.49718027157440087,36.692104647675585,0.6653823433335633,0.6371718437592734,happy
93.34639914478389,0.9438583273034798,37.10021889656016,-0.5060128758148258,0.783061155089547,angry
70.93362215246904,0.49020480478401757,36.240027868080524,-0.14483080409451868,0.39636344199296786,neutral
70.9274115365209,0.30704478629749293,36.25509354619315,-0.8825049706869054,0.13918719006078756,sad
78.23439500997938,0.6970897882286051,36.804509454554115,0.7359370860599227,0.7337966169008907,happy
74.84485804410099,0.4233249694594012,36.58128192812189,0.030300033408124205,0.3644365811633468,neutral
82.9207036096215,0.6575311350852446,36.764289061265714,0.8201056391436712,0.6184253718832781,happy
76.77162309913133,0.6505646731587795,36.898458269703546,0.7317549287946385,0.6472534359924553,happy
74.77905901911329,0.40734867337622405,36.919579307346666,0.08171656095265856,0.34844436710484206,neutral
81.03928697541178,0.899895765404638,36.70520458095723,-0.7289465200837089,0.7778174822262567,angry
65.85878787936075,0.31471723587901884,36.44482049147913,-0.744416180668052,0.15705344065719778,sad
87.16421565519876,0.5685897999551589,37.181361505746594,0.8179493137142941,0.6950261453115699,happy
85.05887695373457,0.8932947979561154,36.64891230722776,-0.782815897049326,0.8208103858695891,angry
74.73168853175682,0.34465706496054455,36.63103856805625,-0.49901555598106584,0.1532859458365607,sad
73.36522553555851,0.5485232296737984,36.78697958622988,-0.07778753346204637,0.2441596035952802,neutral
92.9344792179416,0.6652998222211601,37.23376161626014,0.8434049370101386,0.6573922202354505,happy
69.36900594715821,0.3089484030026165,36.5900064592334,-0.5492535818890771,0.38957856074959396,sad
96.16451479219587,0.838048462911806,36.72025385411115,-0.7694311849938882,0.8566145248513776,angry
76.25718864147656,0.5517905701671764,36.45967022003044,-0.017082288241726584,0.28246351561662497,neutral
90.00768216746852,0.7850488997634898,36.879446507702475,0.6441772507764604,0.6764595300187207,happy
91.52472658691484,0.7374596934257819,36.69961956463151,0.7022929307094198,0.5989503278130961,happy
70.2704589913519,0.3706673144344101,36.3344342061772,-0.7493087163362477,0.32509373151391596,sad
77.23045237711317,0.5855750677170274,36.66297219418822,0.8945220063923642,0.514893041966375,happy
96.50281242788265,0.9707392015862,37.19552929264813,-0.42120808364047135,0.8576895743798512,angry
79.39343899413659,0.47616244789533446,36.91366818840466,0.1861758240507097,0.2871072486838333,neutral
83.05337409814086,0.6159513637933064,36.94304772263754,0.6813158221743825,0.5371598857976477,happy
62.57839672318263,0.3164285137467676,36.44261315374026,-0.470748712677059,0.2054178666533538,sad
72.0693849981303,0.484468538008156,36.66552146003816,0.11138733596607403,0.2139632602971124,neutral
81.26680219171386,0.6190482634260489,37.27093655618646,0.8449611632411889,0.8804432728330451,happy
93.89783726709518,0.982239653507892,37.307176246901754,-0.6035313474860967,0.963912394721216,angry
82.83535776549901,0.8100787331905932,37.12397067478204,-0.5028732164000407,0.8706357047962525,angry
62.01934122113417,0.33234399099987766,36.40616989855139,-0.5328787773979567,0.19849368206273915,sad
76.68353789572686,0.5263776091758567,36.889950265375184,0.024195215791240787,0.21222271522566888,neutral
79.24649258879951,0.4359511282780737,36.499177515048316,-0.10637500297117004,0.36602338226162456,neutral
88.70477168335734,0.5811525467837715,37.22613219742843,0.8871685293570877,0.5828725887577759,happy
111.45690631014223,0.8627514558220978,37.122817974541896,-0.34621214801836686,0.7170858601887043,angry
69.66873658590971,0.3151189794599099,36.23578357070279,-0.7463059822660474,0.38926668342618354,sad
65.73543753513167,0.35092095930932704,36.39712487737607,-0.4212518885190083,0.24361050456710506,sad
68.63183885381167,0.2891500183602619,36.24125033339108,-0.7639043973288342,0.11688098326441318,sad
87.34552584949539,0.5961205030533502,36.77400599362886,0.8168167938215796,0.7406680087054376,happy
76.87615837378986,0.5551420355366772,36.61285111930761,0.12057730749124568,0.30774003721827714,neutral
77.76986143027793,0.7161133992538952,36.982421841027445,0.9769831354133185,0.8989282446559081,happy
71.69750864060194,0.37147504941469084,36.36854957948269,-0.9789572323128805,0.3375153644690585,sad
69.71825615337758,0.5210984410716729,36.53505320409953,-0.07510726415170593,0.38190771398267775,neutral
91.7586838763472,0.9311446241795985,37.14758083181614,-0.5301472423366846,0.7446066617184941,angry
69.38780766454991,0.387207888944732,36.5414225917924,-0.5379330086618288,0.16788478818810032,sad
61.63034986434733,0.36158400913940764,36.10771579280554,-0.8614221974196252,0.21975422949666734,sad
88.41014028815398,0.45519276973597456,36.88257032153292,0.730409380911194,0.7582135963520595,happy
75.05530076514322,0.44677299482875443,36.71842532246718,0.04698263215910417,0.31496104497445615,neutral
86.04794756125658,0.606832912044524,36.904628602513185,0.978143253782613,0.5575140692064768,happy
100.03904770565099,0.8462555939690425,36.69727539510837,-0.3866751122679705,0.7874368814120112,angry
79.1996446560416,0.5841323797006649,36.63155097397065,0.0004082288062500494,0.32087229499224096,neutral
90.60495159869902,0.695338208878186,36.893563870262945,0.6679526349084591,0.8411732247188886,happy
85.61867479514878,0.6409943260496246,36.82754540330148,0.764705820090551,0.5387568644656673,happy
92.00786905335757,0.5796092679040196,37.125425109368045,0.7258228464102512,0.7533308529460332,happy
71.72136378280109,0.5085221499360681,36.84537410474899,-0.1251566308330988,0.35643880720929055,neutral
64.49632419827024,0.3551864132841095,36.420097609285286,-0.7921691697776863,0.2700457370156894,sad
95.81262067818234,0.9485927277797345,37.237111962171106,-0.7141824912923136,0.7635877270773921,angry
95.94366482085555,0.9300824766420459,37.29539011990791,-0.44231967997509863,0.9087609040672797,angry
69.11444868775618,0.37481908232644223,36.18410521608509,-0.4043277890418482,0.28677726938275705,sad
72.08538517445717,0.5207463792901407,36.81578698667885,0.10817287816049354,0.2462192956486624,neutral
78.11141176812991,0.4435250018608417,36.550667712715864,0.16335301894850562,0.3005298669244565,neutral
73.67750948429351,0.29740707038775627,36.32814183208699,-0.5906796364400833,0.23221193272292087,sad
83.71304362601124,0.7002888188443641,36.94460406059243,0.6144739190131701,0.5974644050167379,happy
61.31804754575989,0.40635643922829795,36.39889353310168,-0.9923089999206438,0.38519368741778415,sad
65.07216795880642,0.36215233148268244,36.43271782287325,-0.8592814768088355,0.15927428330514312,sad
76.66196260125618,0.5371229073909595,36.85380446915675,-0.15918804214340387,0.32023250754221344,neutral
75.4185837843235,0.4363393613043301,36.43644004957821,0.01720500400573824,0.27670037622318144,neutral
59.638760055750105,0.3076275907550283,36.395427612774746,-0.5500964298127455,0.1532237251753709,sad
69.63913503764192,0.3509683663743656,36.51654611166551,-0.41019014157631095,0.11739927174181253,sad
91.66042312591537,0.8281483824471705,37.235245955550496,-0.783351108217414,0.8075936795204575,angry
70.44048000851919,0.34788660007826033,36.362770356206866,-0.6072866385934348,0.1763078616419146,sad
62.56216164261875,0.2740116410961135,36.342715881003485,-0.5418761589451682,0.374542370876496,sad
67.64481579393609,0.3822034271497478,36.88547467687594,-0.6902601412385025,0.361947786214848,sad
60.09213317376979,0.3665565139072337,36.66236283663882,-0.6461467493264049,0.14103243643640007,sad
61.079717443800824,0.29322013672372377,36.48104800510983,-0.7521673912279612,0.2447426333253498,sad
76.94702616691696,0.4869871656189339,36.34967773853898,0.08037158785977278,0.2019766575550923,neutral
69.50835323977762,0.5514719956371976,36.67494447257749,0.15837379851676087,0.24773777628625954,neutral
70.99720517701377,0.2725378650785548,36.309214156905796,-0.8238327009611501,0.28237268428208234,sad
81.88497421500789,0.5087236121998162,37.16452356825215,0.9868063955195892,0.7445323013211411,happy
80.9423812918586,0.47165444136246054,36.69982057405672,-0.03580122675084413,0.21560373980014733,neutral
77.60509279290511,0.4430526563971434,36.881073001160615,0.03948933642269217,0.28878672994062254,neutral
80.4642645906502,0.47747132692073435,36.66656789859002,0.03638202637618945,0.30678245970778806,neutral
74.16628465859993,0.4045236084528497,36.60899609902664,-0.5903808971344979,0.21784231508576166,sad
74.9993288628092,0.4608912445138401,36.626078987752905,-0.1486871572202674,0.2136892509858106,neutral
78.19264102102991,0.555762524664089,36.64120095827929,-0.13677547988334027,0.20432835892164714,neutral
71.9445384280367,0.5242747247669415,36.74444116471628,-0.0916185073679571,0.2246507416276118,neutral
99.55307658563817,0.8919834060401057,36.880375302257626,-0.6877597493836358,0.7205359508278127,angry
88.85025890370349,0.828467515414024,37.01504973658207,0.7601300733311154,0.5330954739003428,happy
71.650433917192,0.408280832455558,36.30988005506319,-0.8924740902633845,0.12466047684458012,sad
67.80600642779193,0.39929996334681367,36.35829156909987,-0.5652867985994243,0.19029595277853506,sad
77.4362213849766,0.5771444052769559,36.45380430063895,0.18651050075895842,0.30207508132577243,neutral
77.02387368205972,0.5065742534263683,36.84772927900941,0.18144134710031778,0.3300966699989375,neutral
76.33106461728066,0.6239447043247246,36.762207048829296,0.9545744221421562,0.6208195461957361,happy
93.71809097104462,0.9621402753843228,37.29775217744331,-0.5138227439861878,0.7208908947925181,angry
75.33404219960389,0.492039914420668,36.90258857693396,0.050083328697172025,0.29808207222736105,neutral
85.21375814120837,0.907169776067043,36.72755179874986,-0.5767773638980467,0.736811709801192,angry
76.88055070758521,0.5267253774103356,36.79139123643443,0.018076331636118603,0.31089104557332786,neutral
98.56129553524545,0.7293658127683453,37.13109820897549,0.9342298758308379,0.7311628570007584,happy
70.51833769391098,0.28294349836721444,36.7055963147279,-0.6320281637001222,0.34412448867026435,sad
60.44095971235402,0.327761688367194,36.49106149506052,-0.4910234404148689,0.2582283433326591,sad
56.77005463656834,0.296596807621858,36.327467605728785,-0.42178770042600944,0.3840369330175478,sad
93.85010302970147,0.792430032437489,37.100785604499954,-0.7033977575590744,0.960443994618597,angry
74.44205572921959,0.5033047123149488,37.03561112009052,0.16116758929322156,0.38168924113808034,neutral
73.1166984217011,0.4716187592660094,36.60494343685754,0.08975362733162073,0.23298933215163764,neutral
63.849276845224416,0.4460435574969893,36.40959654408932,-0.6742320492568952,0.2999942397097833,sad
63.87193521259128,0.3607724269454139,35.907850360412674,-0.48848619590694187,0.287619157950044,sad
78.5026147715723,0.7345792318456498,36.80493531646356,0.8612522681158623,0.6746890232622667,happy
68.70208290274194,0.5722708619789558,36.64638511818774,-0.1821112283392129,0.24098259610530784,neutral
67.3665596949711,0.45836801893715995,36.620132369509996,-0.4008112690394676,0.1603552426499955,sad
94.43269669236936,0.9295065008265124,37.505565343013785,-0.6713931606241859,0.8060309663471303,angry
67.84153815500795,0.4726580772402609,36.502428385273554,-0.18028791942090205,0.3900884468180207,neutral
89.97517911352298,0.9158039979660779,36.99691700582524,-0.5011279554145586,0.7426005456413194,angry
71.15989005926083,0.5233632087516932,37.027059720263324,-0.09136043056784092,0.22910790626452926,neutral
84.3558144405988,0.6473825363190118,36.87936378696696,0.9155480439272321,0.5570573749426039,happy
77.22663313883893,0.5526560726261901,36.601100405237005,0.059369572708631524,0.2579916643607574,neutral
96.6422736146823,0.6180852159367171,37.10862112694184,0.6862765471891543,0.5702575330155466,happy
86.38958522647323,0.6458672117886519,36.84583774543945,0.9764079290788936,0.8485429364928831,happy
70.59385957171617,0.3041237459216015,36.60736313077201,-0.9818100373989067,0.3293669897593091,sad
53.78896561480377,0.3674913956340044,36.58015502635811,-0.862348794090572,0.14731609512497493,sad
104.09372494838102,0.812459922323257,37.59370589822106,-0.4892853106902477,0.910694355515725,angry
83.26151973700215,0.6953654607849455,37.18198093105378,0.7693036571063316,0.747260916103823,happy
64.57083395429254,0.37634731276825817,36.43934916017989,-0.40932342521568077,0.31564571310205825,sad
80.02789696361516,0.4547799748834565,36.53684245496629,-0.08116361248787168,0.3154404472251915,neutral
105.1615201967783,0.7511199501903287,36.84562400852824,-0.6825706535006998,0.8023366938142943,angry
96.4649121501059,0.9505203294352089,37.38086617948096,-0.5592233014363701,0.9001004598042595,angry
80.3531510037032,0.6035664213827393,37.23933146064864,0.683312543450032,0.7434281351454602,happy
53.345343798820096,0.328393947843529,36.888184793091305,-0.5551630166321502,0.19850720569816166,sad
69.62333945767783,0.556785351248823,36.68373025761777,-0.09364860584596087,0.2816469241643913,neutral
78.11091092945009,0.4074380711924136,36.58306988093936,-0.05031488170437681,0.32412739042415195,neutral
84.4569161521563,0.7484878777353157,36.905295715707126,0.7509311097208877,0.7786964000838603,happy
80.72492401977246,0.5373529413912062,36.435758153628775,0.1436727560442705,0.38339667943628053,neutral
81.70404499652695,0.6928374558085316,36.833315391319836,0.9980194893630863,0.5789365672765157,happy
80.52670042227638,0.49539415810381754,36.7267485882574,0.009750194662142692,0.36849442571867164,neutral
72.55499152857465,0.5372092959370887,36.973608986644656,-0.004258749836965892,0.2307653153447105,neutral
72.15702152450831,0.5449122286428114,36.667273265828506,0.007705365795137725,0.3011734597057377,neutral
78.14774786291034,0.5607131463103914,36.30393216104958,0.10174370174245023,0.2646282412519653,neutral
80.8768472540555,0.7050923430364894,36.742823575385,0.8257364671492603,0.8423903441580574,happy
72.93667563834933,0.5132804197049318,36.794666899860175,-0.039875640307554805,0.27276042168646697,neutral
84.55449994904838,0.6497959394009644,36.740435575711444,0.7977256992200239,0.7353775310562093,happy
96.23909703687738,0.7519369608358648,37.11145298372532,-0.45825169145095745,0.7225744053033798,angry
79.62364690377693,0.4500832405251914,36.95057779908274,-0.14113691961451066,0.228683722447255,neutral
93.43040776510273,0.8099917997810416,37.76368347435431,-0.7666672243620885,0.895437755714821,angry
69.0468997639482,0.3806313188668556,36.38342260322503,-0.5660260309943101,0.12120045709242355,sad
103.93272927390122,0.8554962722179213,37.12895853523865,-0.4762226111732888,0.8220040552289976,angry
76.12106081706217,0.3518110285232633,36.255019414748006,-0.5095314096958281,0.1619328076387207,sad
88.31260934584016,0.7224323968126372,36.88095052224251,0.6312822627644379,0.5486475945452972,happy
71.00720985961735,0.3560751504909467,36.20884912843547,-0.6451555522606517,0.10869607902812743,sad
70.29172649251908,0.3668858066115417,36.4902664731423,-0.9438465207565464,0.1606842302618128,sad
78.25643078895898,0.6703192512221442,36.962672630228354,0.8979860793843573,0.7533728125127841,happy
91.30069621007185,0.8817029048593851,37.11992298999638,-0.325763590272302,0.7871082738424585,angry
73.07280224678965,0.35785493253219147,36.41373614193011,-0.5762630980252158,0.39817359646953465,sad
86.78466461106603,0.6042625545448892,36.751039340302945,0.7546658227208015,0.8520862497942272,happy
66.58199194735593,0.251608493845371,36.17734674624152,-0.6199968508944464,0.3439453602962532,sad
95.51720206483598,0.8031117982621302,37.063308925750306,-0.5165928370656607,0.9421491299265041,angry
66.63678096054997,0.46665177810557334,36.48078808321366,-0.9451771356631511,0.2297844798616137,sad
76.86813319019386,0.5089743638351758,37.00448934505268,-0.09070543221442091,0.25672060545192654,neutral
98.06367567309135,0.7218333592400444,37.197988107900215,-0.6849546039799803,0.8834059092325426,angry
76.43539955977506,0.5512070591326031,36.940016237787475,0.03377956172460511,0.3213051011592982,neutral
84.24905339737496,0.7875356038736805,36.97793156882583,-0.5754560214157115,0.8067491136002982,angry
83.90660584013658,0.5306240337035079,36.95605632680762,0.6127208163278681,0.8611651567867077,happy
80.06323175936953,0.35289370946596915,36.559497262035336,-0.06740309069804687,0.3915312948777395,neutral
74.21934756609093,0.3754253187620255,36.383906907063164,-0.46150007355927747,0.2523550218152685,sad
78.95652284460773,0.47390222172620516,36.55057944926659,-0.17471026429974656,0.35909019163551753,neutral
65.4307159957071,0.31005071203942886,36.368795807580064,-0.7749752233030589,0.21061720158273795,sad
76.43363243409974,0.3783796682304481,36.327151903589744,-0.6909173959233397,0.31877559193852445,sad
77.5341357279106,0.49598923723345045,36.77449613263895,0.04705522021741798,0.3640128239086742,neutral
65.45369833485641,0.3387539884532239,36.27450776670486,-0.4250286231133158,0.12494851993973947,sad
86.0283773947072,0.7774688638236064,37.0396192424992,0.7922313010754714,0.7482832905340236,happy
91.8682880374319,0.8662812482974838,37.29416062233445,-0.4169118002650444,0.9219793754411224,angry
81.42226531445262,0.5772155408469043,36.6999279475404,0.8486906461235527,0.7358950450224813,happy
100.0936514576213,0.924211642544264,36.942388702301706,-0.4516431998234859,0.98120186893741,angry
79.79303452628024,0.8440203038600996,37.306074019421395,-0.7016335667859099,0.7481253116297827,angry
65.93421196380812,0.32699989679440966,36.557109263979605,-0.9954753443704007,0.1889971528354183,sad
98.61771924306443,0.7491182123369502,37.22768328022965,-0.7480543227928431,0.709710560201656,angry
83.28100956874425,0.5446453900167407,36.69840755301727,0.814422541730835,0.7644763598927753,happy
76.22947798766806,0.4287505944109187,37.170689043843616,-0.060986454935860496,0.20117938800735735,neutral
78.91223388151516,0.4909262898821966,36.91554748353845,-0.047542673882808556,0.38656240299405137,neutral
73.78942701457444,0.564070160523622,37.162257572963874,0.06831887459582714,0.27248245044537617,neutral
75.8522608839149,0.5512386900332505,36.88178749937772,-0.0858169118851397,0.25953439586926075,neutral
65.18642323214164,0.29791910499362506,36.44659552897139,-0.5194373825074863,0.28325159697548014,sad
88.75792639805569,0.865171791760959,36.591130142862205,-0.5775853712010206,0.8016645658746022,angry
96.81914842537415,0.7238588565936442,37.25743306991591,-0.4794788408660529,0.8141032513748617,angry
69.80065294737565,0.38505656003564587,36.21743910267976,-0.9491316257621474,0.271997113930907,sad
83.91615159472114,0.6250690862682744,37.082365440745704,0.6643533470968236,0.8721227651947553,happy
69.67134007121918,0.500716020110243,36.5989781169177,-0.16618695388257107,0.2938788757062658,neutral
85.13385869291169,0.6659659706366584,36.917762933240866,0.7748315033158715,0.5096150786665635,happy
65.70601246427648,0.3630328077352601,36.66350816380348,-0.6723452048221645,0.3873439548260075,sad
69.90532619851176,0.368256515616198,36.229129098587485,-0.5072473300666946,0.2619323560728646,sad
91.57642372544395,0.6440237724019116,37.06805509080195,0.8571294753101726,0.5412148523900402,happy
89.4659942358991,0.7318744425551782,37.163863703728325,0.6178075405646399,0.8824662735553083,happy
95.72832497690099,0.7839370299796394,37.289860543455646,-0.6329996405867031,0.7107427883253192,angry
80.07329343717984,0.5901097111841576,36.730744588224866,0.6155247924107388,0.5139463625268103,happy
79.04839987381025,0.37660249192429185,36.54220679605234,-0.6215876870126102,0.2280899182573028,sad
81.88198609556112,0.5215977515244827,36.56839086910054,-0.08877857761464499,0.20035263639038112,neutral
91.65487286201224,0.8619109283163016,36.72122126593763,-0.7150898270521328,0.940123018997531,angry
77.71986065234951,0.5478810047696834,36.46746040511783,0.025420632386841835,0.37047481949651173,neutral
78.89089120729831,0.6886483079671497,36.636700772139264,0.697382543108799,0.8952988622760982,happy
83.73727938892458,0.6577642185595866,36.86407285970232,0.9320066681499144,0.8625185607628644,happy
67.58661661570062,0.4354854014337759,36.64197879200382,-0.49043874973709134,0.3009672603575221,sad
76.16202745758544,0.6954943211853231,37.19271698180939,0.7466068814218482,0.5911041612373154,happy
89.21442652822645,0.9723734619430104,37.32341202403061,-0.6527846110252729,0.8645915175086731,angry
70.87635749126208,0.5188923794808051,36.75279703091989,-0.05737369706488257,0.35485334883754277,neutral
86.33203518068517,0.7295133671678345,36.9955612187698,-0.7979014195847174,0.7564146259440725,angry
90.24174112615043,0.6893083924475364,37.19307998714773,0.7491726274266445,0.6917987345913039,happy
101.51873837641037,0.8037290302621248,37.63377050223254,-0.6473678491962821,0.7666954627642678,angry
88.24224000559221,0.8006152781554262,36.88025864658939,-0.5627267867759131,0.720805501305579,angry
78.99032034190081,0.6076723404910812,36.4825861508581,0.6594496521879619,0.6619988155507791,happy
65.42089450662746,0.3277517691587055,36.82553713202476,-0.4254744655317563,0.21320453699194378,sad
88.8478562422522,0.7680155587770132,36.85528164401922,0.9330017600129418,0.8003158699794033,happy
89.28757309680294,0.9127832523442736,36.71297799365981,-0.6686050138222904,0.772161367991515,angry
66.33384801420733,0.3583501460847869,36.54666960143563,-0.4170096372283041,0.14093533548113757,sad
95.89076270408255,0.89429406573908,37.04730633742623,-0.39466397161879435,0.9560963438347934,angry
89.16042312475298,0.7037339433587149,37.04810445779449,0.8653777574555863,0.5863244745674633,happy
98.00926524293436,0.9858231352588551,36.68419542473817,-0.7226962316314792,0.7619643909306687,angry
96.22255642528461,1.048825113962695,37.134031158518965,-0.7951138842902594,0.9340619716603573,angry
92.98047169604592,0.883308066112634,36.873926540016335,-0.6324234286888397,0.8520641332096609,angry
74.55927481097487,0.5409432032792553,36.85796521408354,-0.04437571615253896,0.35032411016896275,neutral
102.67503189883391,0.8952929084961441,36.95637551290769,-0.62891350865658,0.996794855052763,angry
75.72943607098765,0.5581641066397104,36.695052915839526,0.00927690144347712,0.2724919697229121,neutral
93.46104752791922,0.7966299439997309,37.344726138115455,-0.5820153669998109,0.7329894484395119,angry
72.2203261316101,0.3183482299719159,36.6113323898522,-0.6988610917584013,0.28717210985736896,sad
97.26872066115206,0.8497858475351993,37.31727628034865,-0.6802461279798476,0.8399818797778547,angry
68.91851587058248,0.6027404909319325,36.92980293921048,0.15002358566757712,0.36351653756986724,neutral
83.37123000469134,0.5857628089673365,36.37110009452578,0.8902663054760036,0.7387106383723777,happy
80.5306722233376,0.6940425900512188,36.57418134227387,0.8381799725877186,0.8108611632917895,happy
105.59798752919556,0.6945352498895573,37.67295139443119,-0.7265900071793272,0.909552964720393,angry
90.86936349912939,0.6252346488200381,36.91706795515898,0.8016593958913265,0.8216935156128906,happy
66.85690103245601,0.454538408004596,36.37293755431434,-0.8857886629838119,0.20452679433672794,sad
73.98711671470107,0.5929848185402308,36.771630843446935,0.605597364068185,0.7929471600589262,happy
87.96409418904828,0.9047151616528716,37.31259229821128,-0.6169385103889984,0.8313477434903214,angry
106.57307444156625,0.781842300396002,37.174050110838714,-0.409478439461516,0.9162029077277555,angry
76.12620674675487,0.49153379842009287,37.10616447448635,0.9274509764546462,0.7518279844682147,happy
94.42084427754955,0.9245384040776679,37.59179374070079,-0.6870236445733731,0.9754229686805924,angry
64.51455370410977,0.2832473840029235,36.48673451611646,-0.7947822912372382,0.1353421639203053,sad
90.21490481235755,0.7162585952996432,37.06418170423382,0.6883992630094541,0.7003987346448782,happy
89.61026545746789,0.9061125886029873,36.96006006006937,-0.43931671814935075,0.7999224038875592,angry
98.7649121860537,0.8145210848785396,37.441915128412795,-0.30909598864108656,0.813878093146732,angry
93.33280715369145,0.8235078449780993,37.18248070169607,-0.575407615804014,0.9061521077828507,angry
95.46066519391582,0.9058719297063521,37.379244856910034,-0.6540451931048282,0.8469070126482644,angry
81.99088716361568,0.43133718918185937,36.24049069815346,-0.04487338295562754,0.31109300118173455,neutral
77.14228664758315,0.5029955219842241,36.865444961374756,-0.041303211494904124,0.3070058425537568,neutral
63.37821182457848,0.3684291670239046,36.21928089219607,-0.6972531982616625,0.14072325533555158,sad
90.71206067532337,0.6205309892390777,36.91800831677339,0.6326366521547707,0.6926356220431511,happy
78.33536658491704,0.5421940594036286,36.69650913210685,0.06966721622266187,0.36477547272516087,neutral
77.38535474017064,0.4791891190050338,36.591234189214425,-0.157072535810394,0.22792767984598247,neutral
66.16259405897608,0.43308662142807036,36.2014619557332,0.11841470396070569,0.30853081126142434,neutral
89.36469505262761,0.6403951807869059,37.012681990164424,0.625962678485868,0.6552645791841267,happy
65.9857493649497,0.5014874493403135,36.53050993659986,0.1845191896531771,0.2651296973012676,neutral
75.32439957311898,0.41268870089990467,36.280387335270234,-0.8046121046875281,0.24250502709802568,sad
79.40026569086788,0.6547018297364064,36.773216830688675,0.8360666951250831,0.6329515759510482,happy
63.0039411770359,0.3953171617698576,36.44212708904301,-0.5799795754210868,0.14460531770700902,sad
91.57140789543577,0.6287513491714433,36.857648848429804,0.6342840373753136,0.5557223466691031,happy
71.93035935389706,0.3613580628451766,37.114050616973444,0.041883917554956795,0.29588924574740116,neutral
68.59910011815599,0.35503677250519955,36.46764052777424,-0.8903721558620297,0.2781628676095664,sad
69.89476242559543,0.44717920436887815,36.41109066703154,-0.8963472123928198,0.355789669831462,sad
69.26071297865553,0.38895656109437604,36.220943381395394,-0.6338831010108219,0.22208049239069866,sad
88.2507644656494,0.9096538818778868,37.11771159901307,-0.5607815809795618,0.8683616959296607,angry
67.32894399285395,0.3316672973651205,36.59768960436917,-0.885867577542812,0.3194461395680372,sad
99.62155706878914,0.8518708100124944,37.35679869706072,-0.4784192744183292,0.8182713208387903,angry
92.06811977779236,0.7424816591716563,36.86127706233915,0.8776113952698827,0.8808406142841689,happy
76.91930435526375,0.8740437958720798,36.54089344912371,-0.4104523720935021,0.8686234412696946,angry
94.85830967718057,0.7792935781736908,36.93792907267424,-0.6965234240256855,0.8006122854638574,angry
85.90793705353913,0.5862103960167929,36.858941495674294,0.7573654305401697,0.7935745818933138,happy
76.53732956251821,0.47581272094133736,36.55134514805552,-0.43441231211220144,0.26301096617319547,sad
76.72221731855296,0.5829217953504745,36.90961854576964,0.15952443721096865,0.3567921574122036,neutral
68.68646937674662,0.3219729459936113,36.21864244920861,-0.5632585701324444,0.3906822131522799,sad
94.18412140124751,0.66489124035145,37.10514754430867,-0.747191477369132,0.9196720750617667,angry
72.86942526661436,0.3652430416254486,36.52106973660903,-0.701417072897385,0.2784790712202476,sad
82.89299948448487,0.5884705590762723,37.01515934257819,0.6464983010759752,0.8353596353946768,happy
66.63183630078294,0.3644221612863998,36.24515561156902,-0.5289411946293848,0.17353780133635227,sad
87.2546455977273,0.6467275382268108,36.740051422377896,0.7686726587411578,0.6777540106552224,happy
104.60748136052217,0.7882755911993109,37.004159250166964,-0.4957092010621775,0.9491378771288084,angry
67.97965843300659,0.3803392323477168,36.41720448500818,-0.9346837320120069,0.1098741305983521,sad
64.77762114892309,0.3091481534508601,36.43924877004708,-0.5740703867342112,0.23347001494616143,sad
75.34858001086639,0.49893338091844563,37.036532582929624,-0.015254216399932158,0.3279203497026232,neutral
94.02761243456217,0.7640500365748254,37.01204480084647,-0.5124223354360333,0.7446948275229976,angry
70.13083390070103,0.30492601055707835,36.65998379561236,-0.4030901157629244,0.19071955594869333,sad
72.13689162474338,0.5225411639233339,36.78316539662296,0.19545433539571339,0.21468889403184466,neutral
68.99557203347995,0.3523088257299688,36.5953791386231,0.18932283180015064,0.39807683553964385,neutral
95.82525026080302,0.9397415266147082,37.29075266497947,-0.5285333063035188,0.9431762033232919,angry
90.5323252718255,0.6624816969420986,36.70476619630629,0.8273444729743098,0.7729801680761601,happy
94.47674344038523,0.7303930198426453,37.09190388155881,-0.67358527740223,0.8053228716229714,angry
98.9565643104658,0.8833967225090532,37.12028595796241,-0.721615281332499,0.9558721263176244,angry
84.06561326767552,0.6389832564384698,36.93883457563022,0.8271285522001883,0.8994893018150856,happy
69.18769431796888,0.37792422603896164,36.633719318559095,-0.4751640968672751,0.3354511749347906,sad
83.34907219384236,0.5721007540962292,36.86655242154291,0.6611149094573868,0.7329586416944859,happy
87.34233208505583,0.679888857870347,36.76908701168085,0.9459874237721921,0.7145398511598224,happy
59.245206974104974,0.32224139364471194,36.482263830645564,-0.8433235230645518,0.1285290008047342,sad
76.18351846788987,0.4528426861011249,36.58385177634331,0.13543106654856996,0.3483566661779407,neutral
103.27590542112301,0.8538244874706765,36.83040053786575,-0.7206486438208318,0.8237002646899967,angry
87.35912186342682,0.6440523382178297,36.63357484694467,0.8632370243758671,0.6730825796994815,happy
70.85267317733403,0.435956991136855,36.5018136100562,-0.5272178395550418,0.30903468206940254,sad
73.95008284797635,0.329127551547234,36.59819923594499,-0.9723801183149688,0.3960326792156673,sad
71.18889137598214,0.5464684517749651,36.74354481035186,0.1424574392280078,0.2608788705103994,neutral
95.1314076668722,0.8225604619518214,36.90687284840196,-0.4375647471429667,0.8836011691994337,angry
88.64037584752631,0.6870372773171063,36.945993751475456,0.9120295742493163,0.6969580501922077,happy
79.73032216965846,0.4741233255543403,36.98051628340862,0.12645022946158158,0.34167459920454524,neutral
95.25384409644258,0.5739297006211679,36.96286231908265,0.9231573427738019,0.6028339863214891,happy
84.39227799544221,0.9535054152651781,36.9061293378289,-0.7610085835050084,0.8702019788706807,angry
68.06825020635031,0.35529179988382,36.51076025370264,-0.4883168117782314,0.1521402863615704,sad
88.99065105597992,0.6870447030737724,36.84089674134889,0.7868492370772557,0.6568512587877089,happy
67.29113932752932,0.34187564912142054,36.4612813539679,-0.4494753510420184,0.1765334161499315,sad
62.072397435706044,0.3064538365064995,36.25104876864312,-0.4255056813872674,0.23758854622943978,sad
74.40969934241123,0.4921555212320411,36.90614993313937,0.1632297610118364,0.3627223030692234,neutral
70.85943516694067,0.38455920791886206,36.10165213849172,-0.9261472879580377,0.24147840168303816,sad
79.30997580142328,0.5258556536842741,36.72039713779255,0.06480382584561861,0.3103205731968188,neutral
82.78528546506038,0.8775819978073836,36.94499426273082,-0.6911186907254911,0.7529870278073774,angry
61.203374144042336,0.27621051085319903,36.34062588361847,-0.9828339138404589,0.3759630183025724,sad
106.56574923897138,0.9622323827169752,37.01390916733079,-0.44235893433641155,0.958238466958051,angry
68.66212521336368,0.3229660328611011,36.58052203158704,-0.6225656952869045,0.1683143615547227,sad
69.5066470158675,0.31313691618040196,36.85553778520619,-0.9459556822318653,0.39896842585415704,sad
67.9455995324684,0.28815787054382574,36.59508274638578,-0.40102289549085623,0.15479979841161348,sad
97.66118182831195,0.8606985541276277,36.62517220728869,-0.5968625997202068,0.7134448932012422,angry
80.22580951598238,0.6460645720802087,36.86141901479543,0.6083976283405815,0.562374655661693,happy
69.53278241955006,0.5450555890531086,36.57764642756146,-0.007414832945046024,0.3309696124778256,neutral
91.68499523042553,0.7733254315798896,37.116476954802636,-0.6379393638338402,0.7262907453348204,angry
75.39728873615296,0.5174440915651836,36.730718921347105,0.05026773196996259,0.22968202467652743,neutral
67.10295803167571,0.3855453404889942,36.56264409443356,-0.647207613034517,0.2844696031081313,sad
86.37657778373386,0.7034761754600827,36.891016092369114,0.7579363999060085,0.6712702749848601,happy
84.1506147049091,0.6753202817001911,37.08894701066899,0.7704144650958247,0.7067481406607041,happy
70.61812017977857,0.5046533388140779,36.835112379580984,0.06351107139508183,0.27353790450727067,neutral
102.36079757830393,0.7420221671965248,37.09564187645424,-0.7330635154436275,0.9459215622778743,angry
81.39135755565792,0.5770057460270507,36.94064954626108,0.9362726034470329,0.8147838731856788,happy
88.8485065716457,0.7184329504097767,36.80220688802839,0.8773803364390165,0.5726990330756374,happy
97.05184213985964,0.6987807468690402,37.43709386208452,-0.646663014155962,0.8221032376711968,angry
85.47115323652092,0.6803189759195637,37.00434604343932,0.8280151155141396,0.7814475976086752,happy
90.44165041359453,0.680886787551919,36.86440275840973,0.630641163343284,0.8844938815568756,happy
80.60425697865124,0.6000584643830194,36.897640065484666,0.7874544167422439,0.5310981775594675,happy
81.76984583588597,0.5534758415897867,36.511725374203465,0.6592710921317895,0.5190190435524654,happy
98.19622924986983,0.7856782763951103,36.90999905569634,-0.7215108024346719,0.9046420518673906,angry
80.20406927041546,0.9599308659320087,37.02974420068099,-0.5690403532946813,0.7446097954892644,angry
94.86872153641973,0.760074370748244,37.02871634616639,-0.7978197483292407,0.7962472767575164,angry
83.49866094586348,0.7702353380676565,36.96823592580067,0.8487424341938303,0.8042128808417746,happy
76.72184886220761,0.43907781940559953,36.75448593672872,-0.19825872340229422,0.3110476459811997,neutral
85.2382490012931,0.4814651042391909,36.82248233058308,-0.0631692816115717,0.38614787927248256,neutral
67.3316687778899,0.2239949659340483,36.41750265212183,-0.6779688235562691,0.10722011150728161,sad
79.61282939714013,0.35363430625318504,36.61203078294915,-0.46642598675682667,0.19894834882746382,sad
72.62817071449949,0.48566649404681306,36.5335374671931,0.1912994375555937,0.33485830111344744,neutral
71.30127672659641,0.5760332086490593,36.64740501719686,0.1372173746686814,0.3421751255167085,neutral
70.14867355616417,0.5428627716321764,37.02916458664369,-0.18562861397765718,0.2965669802803387,neutral
83.5714079541708,0.9341264836341194,37.32301195085682,-0.4688762262392599,0.8641345324985906,angry
70.03141192911173,0.3437213284297274,36.35026780855082,-0.43291741893848956,0.3413599884533313,sad
90.66845527972946,0.8767156038399231,37.00502300836486,-0.38839502890968214,0.9126115601647009,angry
96.95921992240558,0.7364036422391154,36.89731447743793,-0.6775875907688381,0.7579330635127042,angry
70.06307644874595,0.3117726547446244,36.52918240308384,-0.5994827090654983,0.29491985462721726,sad
93.18242092816598,0.6059240871162166,36.969586471635054,0.9784931601778109,0.6936556508471781,happy
84.02620660508417,0.6235407177810348,36.496955618913525,0.8726913748220537,0.8647098188096571,happy
78.29353571636351,0.49198142568103187,36.94294241845213,-0.04429608550355918,0.36098533566460833,neutral
81.58169790538437,0.5778784644598658,36.94092364511809,0.7411224037063623,0.7188156574482624,happy
72.62260506884016,0.3617760832212882,36.48462779161173,-0.0030117509471058734,0.24010371801286176,neutral
62.30831831720055,0.4237727065521147,36.110648578734306,-0.9328961170950326,0.1939983496453947,sad
104.62420263800729,0.8359098717250334,37.340580464383024,-0.3876590579166416,0.7235555169103607,angry
73.53009119119339,0.4197308486470097,36.95864741046992,-0.12734270537691356,0.3373319747966589,neutral
74.07438959249268,0.3716909066685061,36.673458029953856,-0.5613352235690998,0.17129734345814143,sad
97.85409126314087,0.9567148511910358,36.921571884033604,-0.36286398670424175,0.9648655919935553,angry
71.91421136564736,0.48351317749553524,36.69718787595986,0.04850470237021973,0.30798217314700127,neutral
80.07651185391684,0.55488314057983,36.40678806592035,0.06404777770525216,0.34674720234527123,neutral
83.63023889304857,0.6901620772364861,36.9730740108868,0.7688274552549651,0.8009375892035364,happy
88.44996861365365,0.6889702583643393,37.02257681435263,0.8728732664611112,0.6758646129482362,happy
74.61588121360934,0.5183344437827487,36.48682333176752,-0.1734173896171464,0.2865559744517805,neutral
69.3350476284021,0.3385471638929155,36.48507462135979,-0.7736285653772561,0.29805639924935756,sad
67.3034173957678,0.31878985945852034,36.404598169480145,-0.6918535587235224,0.15323384424062308,sad
75.45255282919119,0.5725170129379531,36.47556988770272,-0.10983915409247991,0.24806455369837338,neutral
83.90084265754764,0.47442837145936945,36.48254332996113,0.1882221145901995,0.22591573281681596,neutral
74.16968648748129,0.5362580066701701,36.3379913754944,0.08858781514859487,0.3100672995523883,neutral
85.50786752786128,0.5456402485356314,37.113599013310676,0.6910248121279463,0.5667816022817782,happy
99.19994877376011,0.806410394334119,37.13454818694783,-0.7503533268515983,0.9105264316775494,angry
75.72914277060423,0.7391848333856236,36.859654120407725,0.6837392463871407,0.7720709405360422,happy
80.9061775427729,0.6989475762180135,37.034595992093934,0.6912669337522338,0.5770139270895094,happy
62.48757148115267,0.39437649595289725,36.33537169237347,-0.40327366474563753,0.23271315028906372,sad
100.88714912958083,0.9276506938089154,36.78168613704829,-0.7507424632657331,0.8681970560502046,angry
93.26526139638274,0.7386643509094868,36.96496035674695,-0.45808848627324844,0.9587314430133989,angry
71.98114148555047,0.40233241804208897,36.24761443118914,-0.8165447061065807,0.22252561224960782,sad
78.77909392144902,0.6298708135503192,36.5842614642547,0.8245015283178004,0.5503187969751784,happy
67.16339195339425,0.36231739764742493,36.25836276772808,-0.9067777864379007,0.22431495080688302,sad
81.45486673578597,0.6982115204504211,36.91457156403039,0.876638845640804,0.5977461965170868,happy
64.48763020974793,0.3303474052060626,36.355024924409484,-0.7146579539478078,0.35700946693827074,sad
103.49152665703988,0.8209636783076854,36.74213692719274,-0.7799446764521385,0.8660194585860259,angry
86.9899517927355,0.6032552323998197,36.46071074767138,0.9338287827483789,0.7637918713147143,happy
100.82831491747032,1.0179158057847342,37.13450908879974,-0.6236917001369313,0.772825261398468,angry
104.51734004188211,0.8545633347743168,37.6414699353478,-0.4363232414620203,0.8437727125117991,angry
91.73368092328552,0.7049369641900498,36.920532513012034,-0.5915056983582476,0.9292861695511649,angry
83.3887743951542,0.5899979338275806,36.99836288021759,0.6948670725194386,0.7769781924966188,happy
72.3639288174508,0.46952425165362927,36.80562775832534,-0.10774061032588432,0.2170480595592308,neutral
76.29271151806482,0.5539761758025085,36.83836575826235,0.0003717617666021966,0.2727665420536771,neutral
74.07153140421443,0.49114141204860995,36.86643858162724,0.12446773889698576,0.268718084346661,neutral
90.1589101282197,0.7321025995042035,36.90341376503994,0.9004358121769543,0.8114327394882573,happy
72.23526371725782,0.5937139826819126,36.60001672909944,0.0748095352284821,0.3291943909892862,neutral
74.8407770180932,0.5644831278429749,36.90276603994474,0.6512314035939517,0.5048673381528133,happy
89.37792291210826,0.6493246166934448,36.80825566768337,0.6454623876264537,0.8013982245922234,happy
95.7580410421857,0.9259405841482327,36.98405390715548,-0.47612211935699794,0.9130514822209004,angry
67.59641498910362,0.29420628824753864,36.48594285578251,-0.8684801179663573,0.3199782177709899,sad
93.64583559924282,0.8097685712989334,37.142370261855156,-0.6909917507340307,0.9884412653574248,angry
66.9053188170086,0.351465101405889,36.52590247157338,-0.8345364314187873,0.24978502034891598,sad
64.63499904857733,0.33845679444010324,36.09827810912406,-0.9311584232434512,0.28098469583517655,sad
90.54208557730458,0.5710940190584414,36.50829573256358,0.8616469936712043,0.5654262989345149,happy
90.39758971024179,0.607132435069508,36.92463873227296,0.6202581305774905,0.8532611945487327,happy
72.18884821646832,0.48922635321186564,36.75532648087329,-0.16654893472802376,0.36090591994500015,neutral
79.27326214674345,0.5283028729416034,36.60330321831924,0.08354284528170985,0.39255730176561404,neutral
89.23033855864135,0.7554492757584216,36.836983214459536,0.9617619615617793,0.863788427706073,happy
87.39790922244065,0.5495806335072472,36.61115573594865,0.653234655669119,0.8762986892310665,happy
68.72848891033611,0.2879989385192346,36.21083981368019,-0.7820003045964049,0.12542659403401843,sad
85.09552687646001,0.7544585156632542,36.8492719092215,0.7701833330537736,0.5615451877815348,happy
70.98224094007145,0.3624686589839972,36.53390175380127,-0.6967474440841633,0.19504153994969725,sad
73.82239493407135,0.44006999240185296,36.665010527800824,0.023602615594356058,0.33274265050403884,neutral
66.78155388529112,0.35728830901468694,36.418183650171265,-0.4305327677633566,0.19872932769223065,sad
69.00796163206601,0.3623666650841262,36.339837173925034,-0.629767452337474,0.1406146129928368,sad
87.67887519488521,0.6335479347493709,36.97811462776265,0.9718661065201792,0.7402854574807498,happy
82.2589593153236,0.711239277898376,36.87122714522172,0.8304741650029089,0.7264764349589627,happy
72.80551743972269,0.6120879915231773,37.07289994467749,0.19786491954890179,0.3318119700991903,neutral
73.8295299384809,0.3933407786185928,37.1199505095992,-0.12604104191072024,0.26114749480292476,neutral
76.34590980388185,0.46383474754196896,36.53656027219748,0.010382839707216263,0.21300785987014068,neutral
72.38169630200159,0.5194010902649315,36.54165514522219,-0.05092956180166483,0.34666293225318123,neutral
92.45859366428348,0.8866216514306082,37.166595050236154,-0.7209788401118133,0.9014352457466314,angry
74.7894251049759,0.4067865081371764,37.14893645108605,0.1603128000753702,0.3813061264238979,neutral
70.42206962036954,0.4895266442571406,36.99837138656737,0.13917510310345144,0.2920206598352525,neutral
90.77574075166021,0.8424034904397503,37.157949177381155,-0.34877323039723973,0.768657482747049,angry
66.55961227885706,0.296446389656427,36.46932457849512,-0.4082022072691962,0.18450455009445052,sad
69.87210325758512,0.4709177876786225,36.393767927039704,-0.7990742239122798,0.30345378802362,sad
92.4984160499633,0.8604606455145908,37.03105943494509,-0.6775213180032752,0.919203211008831,angry
66.37574620435117,0.23699405850652894,36.36795384330689,-0.4034957249909594,0.1333507998261524,sad
69.33526077560644,0.37395864891115443,36.57129962444995,-0.6960584127656745,0.34437361780080067,sad
100.44290943419504,0.9162220171497534,37.300583194471116,-0.473871741113228,0.8521130610810128,angry
86.64253205415429,0.71656201139508,36.8172960494483,0.7111577591362999,0.7008230587609272,happy
95.57747081137126,0.7615861535184756,37.06917548839525,-0.6425995869329817,0.7960279327226654,angry
72.7555227991716,0.2812957868201922,36.39423161692946,-0.8391802204288645,0.21426614448840883,sad
72.38607373509679,0.46263890838897576,36.81920173459723,-0.13696387113741254,0.24729679718455086,neutral
76.35582605790759,0.5837476505487136,36.57565766881772,-0.11365683969391505,0.3563707078980488,neutral
73.94092263944013,0.45369737690603673,36.45362825778561,0.01872081036580489,0.22048262462535972,neutral
74.83936675041805,0.37793789719470905,36.65291507508987,-0.04175981005766069,0.3174639620344164,neutral
94.84868319173039,0.7285262411192568,37.512978584216846,-0.41288890442199344,0.8817726829639889,angry
67.49173911643703,0.5209206457207467,36.661800565600956,-0.006241233686774844,0.2971939294927618,neutral
75.3245268851594,0.47321759637361377,36.764015512435414,-0.11514797165175561,0.3951153268871118,neutral
90.48759256267972,0.6998534379597686,36.80267416704936,-0.4263488731257055,0.9242698702539469,angry
79.48688518378665,0.6761951714361735,36.97356391368877,0.9402402193206227,0.8213694276392651,happy
80.5995702924471,0.46741679955074855,36.44719588302706,0.12608211246618478,0.3691936289309282,neutral
72.58432841645518,0.5342211360021862,36.83202631589017,0.049488787711673365,0.36783456210205945,neutral
79.42888320380952,0.6284332759383419,37.14141980913244,0.8099015754504149,0.5143934384834736,happy
85.73739622811388,0.6577761845913384,36.69101499307555,0.8444827007432774,0.8990806167234096,happy
98.42167837159046,0.880014089199985,37.01663015303402,-0.4696323161876342,0.783712716139078,angry
99.63743321119034,0.8924247948998367,37.101659502595275,-0.3264843015382863,0.905120463346428,angry
81.3847001764378,0.7479369821365303,36.84397035367526,0.9867954525743693,0.8068813535822738,happy
87.60891019327148,0.6013851112826364,36.986978592535465,0.7870929084457882,0.6427927223511031,happy
77.57960250483269,0.4777198437081728,36.55868574306074,-0.1991954942618257,0.3109411481907455,neutral
103.27271462178052,0.7893185762893762,37.42901399005241,-0.3765007001213658,0.7983666155911434,angry
74.79335884229907,0.6811490202380456,36.74780519905043,0.9566075264425736,0.5285710586931743,happy
101.11469930448801,0.8936206786420895,37.321738151868296,-0.31630700616815344,0.9433325543028475,angry
73.38897158078325,0.4518813576959122,36.93703427769936,-0.02240039170130953,0.3559767171469027,neutral
81.28109960178948,0.6410661674944661,36.863150804229186,0.8014234185302089,0.839012801384807,happy
71.25502236362507,0.6045171824368017,36.519418326829786,0.1814664228381671,0.2137240577894822,neutral
74.11452279353715,0.3400035038440791,36.54858066108672,-0.6979575346933231,0.19865818975920319,sad
71.59040971389639,0.5545497535716598,36.86939213185276,-0.02036090980700292,0.336339698983143,neutral
95.89083330979163,0.7065639538172644,37.216904069986064,-0.733164875567649,0.9315454636307923,angry
75.75498177705879,0.3564716468627444,36.70693130573704,-0.9811721871898882,0.19459147005970096,sad
99.08202319426032,0.8693970377378168,37.18093876680788,-0.4870548922305863,0.8014127247991119,angry
90.94754794162559,0.7632518557780642,37.25308243081038,-0.3236990691284191,0.9750302508000654,angry
88.1094698110399,0.5944948092541815,37.03293721005243,0.9117953385886135,0.8218186768570133,happy
92.43281108844441,0.8778231583686574,37.086531905203266,-0.7381359559064308,0.8337177656237148,angry
94.86700792906466,0.8475525548615396,37.156149869177064,-0.5025873553631144,0.9331685560004973,angry
80.66316436460536,0.6563365795824407,36.68553716700253,0.6321347739997459,0.5763397332254339,happy
74.65765018255114,0.5005339431617506,36.78452231466283,0.13230434672529062,0.28545634162546557,neutral
96.86677174457317,0.8321500449744795,37.44906562328453,-0.6148189222211704,0.7639661047210002,angry
71.89734992289911,0.37183838755552484,36.42284652890047,-0.8486564685538287,0.12130829740038433,sad
82.62972620056715,0.7106737259148516,36.97579650765825,-0.3371682118395543,0.7423108032805606,angry
81.52941298177433,0.6195679855765373,36.556812185489555,0.9594447230536889,0.7709286351845898,happy
74.08512356774494,0.6025585091985517,36.8593036136299,0.8077312466204383,0.6251633332234547,happy
67.4473444511613,0.3807052902644842,36.32803190784392,-0.6751163035521477,0.3718412762701704,sad
82.73715091034019,0.6067161964591445,36.798431248628,0.6036699976611644,0.8048483901497634,happy
79.39726862110271,0.6542827545000972,36.90330089106222,0.8742706545334776,0.8901927969791045,happy
87.0278116133426,0.9121072294333404,37.42986696098882,-0.7833096483326927,0.9152885190608244,angry
76.71919795812039,0.4654830938328048,36.34076044893309,-0.09010198702399085,0.3158727234653095,neutral
77.60661489528182,0.4136287537546493,36.63605312052832,-0.12846665550031122,0.3103553876624456,neutral
95.46533500401364,0.9552100268180079,36.846876507449096,-0.7549483601413859,0.966500388033628,angry
97.54577094707338,0.7614516087621417,37.40806437059461,-0.6898563198556487,0.8786015221667056,angry
103.45613606511805,0.7328234654705946,37.383239041201534,-0.3816413172626887,0.9149818826695151,angry
65.85281851745864,0.33676001588335686,36.279601093766374,-0.9615052828342053,0.36151267326919023,sad
60.20774575032053,0.25731543841151594,36.47846364380091,-0.5996442124105905,0.29352535105894895,sad
99.71237923998252,0.8937870528461463,37.0739963358348,-0.4088653246988862,0.8482855934214547,angry
95.31512045106517,0.647496964893854,36.84317208906221,0.9282592720197529,0.8120243692872673,happy
65.8844528210346,0.27258633521142506,36.20436697019412,-0.5576521069816736,0.30697389176696155,sad
98.11009031626367,0.6726667587189192,37.06745370287946,-0.39352350817639703,0.8484796973017709,angry
99.34858446252065,0.8261465367638883,37.4934784955989,-0.5130570663120539,0.7582710274019947,angry
98.38340542380023,0.8466975381286103,37.5287795545447,-0.7856770343448718,0.8850549553827767,angry
85.03519070038902,0.6376518033013723,36.58520346726893,0.9085028879671501,0.8597999534635403,happy
63.96638545125609,0.44524999202051235,36.288352613283166,-0.942901659951871,0.22318122014467373,sad
78.24118882310657,0.5006171702060491,36.807927381296466,0.05775161856715749,0.2320707969375546,neutral
62.192022849042054,0.3655817149403712,36.529059391686204,-0.8446023560202204,0.3705007436896881,sad
90.49997503751743,0.8519693645033887,37.016650956222165,-0.3718313375821463,0.9104969106234532,angry
89.05748510739146,0.624423579490034,36.64391683931668,0.6681182337008135,0.5088064462668475,happy
93.62482352315706,0.9082488664278009,37.158487999662206,-0.6645804175810225,0.773115593674414,angry
64.93674989261449,0.4175544473168501,36.58267821816044,-0.8335960492366363,0.10018349054667612,sad
66.36253388239884,0.5165333982419533,36.47406116623618,-0.03639724060263977,0.3320060221260046,neutral
89.41014566661526,0.832952767845307,36.826466150199074,-0.7513877910367877,0.8168785745315884,angry
70.96070157125976,0.3973309974558622,36.45850482610741,-0.6116573674081647,0.35420269773051083,sad
69.76370614793466,0.28684823232114665,36.30297401158003,-0.9610058437967389,0.12384752450580624,sad
87.25601462917498,0.7536033788946102,37.21056840767505,-0.4780162003732389,0.7843454510243937,angry
62.4653758351635,0.3283507045593402,36.109625276625366,-0.9271505408128274,0.13128332734946388,sad
85.02964373738861,0.6256092696354978,36.555561015179215,0.8652115521774644,0.8779763625708055,happy
75.46866487619172,0.489274871658789,36.810225320817395,-0.0688855723352973,0.28013100035460636,neutral
71.97994045755418,0.5667373429167222,36.83976541706724,0.04308856170478767,0.39630073786064396,neutral
72.97063018520493,0.4180852042898804,36.370016921594456,-0.07297674415212613,0.2297090303019962,neutral
101.54385006109027,0.766809544107807,37.50691130519539,-0.6733206088925966,0.7675365811201427,angry
76.85624106854928,0.5520013359931344,36.77882530208683,0.15930785985353774,0.28958840225647725,neutral
68.31905193943234,0.35960272101390195,36.046161975573355,-0.6051406691154981,0.20925035886481386,sad
75.48164994103088,0.4012994022477009,36.56617144986654,-0.012936750324783614,0.28583440555181244,neutral
70.50860966331912,0.3441035854599014,36.73978523092535,-0.6069181136500983,0.149542029424917,sad
91.67822966597926,0.8951891305724767,36.97780005041227,-0.3380766879036521,0.8906449046639464,angry
89.00905858263029,0.683243174475301,36.772587831640266,0.6274027222364024,0.8588533196984262,happy
82.45099655023722,0.6778254161563685,36.61386949725575,0.7059923091667533,0.7645392825247679,happy
74.51049506796546,0.5162925318926319,36.982605203024484,-0.02706482232492563,0.3852085535852095,neutral
73.07488955163056,0.4101861716611232,36.63187918445125,-0.05834774546092189,0.20578236465331146,neutral
72.8608475977623,0.5740609305124439,36.73664413106066,-0.07304417054669102,0.3486771617471919,neutral
74.38767893912694,0.36143777901085905,36.14140372955296,-0.4943407383098194,0.1458484533177677,sad
70.65638795048405,0.39819563403385205,36.50041607695066,-0.46183922769465036,0.1451194817839841,sad
100.42936580244265,0.9047088891145594,36.77838262660765,-0.6109230160248198,0.8879096625928773,angry
114.05400065420922,1.0121805768455132,36.720601198168225,-0.6083197404324816,0.8659712358656484,angry
88.28254400382654,0.7180489692330065,37.13039711316949,0.8236012280299323,0.5503769665410091,happy
88.6207430945382,0.6491890090758763,37.33736129873161,0.8847649023615889,0.6283902934657623,happy
73.11584984582207,0.3339915245889637,36.29194289442086,-0.4248888350911443,0.1798449840789194,sad
72.82155219366673,0.5069036332946396,36.76022470200969,-0.17162493927667222,0.3190715559627948,neutral
81.56882999297808,0.6659646807357233,36.84298485141885,0.9136378802319391,0.5086359644570702,happy
98.2864131880349,0.8615976020745523,36.83534385259572,-0.4354166485947078,0.914964564974386,angry
89.4069681995266,0.6032988314953571,36.90664464770339,0.8859481642709541,0.7173173441484301,happy
93.26903650735561,0.9177255423684062,37.515862930942184,-0.4235002622831894,0.920386258093347,angry
77.61045677589986,0.5585374381342806,36.96219526900284,0.8708162740590869,0.7851012008239726,happy
100.28740252333148,0.8922602879473924,37.31392240419455,-0.6131153725936491,0.7413634657695842,angry
94.79184903392185,0.5612695606826845,36.93219509951743,0.6088882558079753,0.6347932489765002,happy
76.42581165618796,0.5213019765987529,36.565701623917505,0.020349031538916484,0.3436896652511045,neutral
68.19975240964187,0.38771569843932785,36.65990015340132,-0.8502868854483087,0.2521955502038947,sad
70.01962244088303,0.4392756219580489,36.67778624842923,-0.037698441129431604,0.20797472445958312,neutral
89.68383390914636,0.5912141814855909,36.79777895753424,0.8012273853915324,0.6978673128909374,happy
75.26605035996843,0.378028937041412,36.53427990500682,-0.43040333287272436,0.10973385213271734,sad
97.68901734791757,1.0673562427471073,36.61942145313179,-0.7305270320286259,0.9744072774124697,angry
90.56352532947285,0.9032086444206161,37.0618124513314,-0.37588543372357563,0.9853128917427367,angry
75.19147330866076,0.5062961910242727,36.8013272909818,0.12035470819167177,0.28143856993717076,neutral
87.15194681114606,0.5998294876736303,37.09115046618204,0.7247755528627351,0.5169722948994578,happy
93.82735990669032,0.829750273897135,36.85524446760605,-0.3015065495545692,0.7520073790634147,angry
74.26687329398904,0.5038707477867673,36.45484170296381,-0.16026954455534909,0.2468185272332144,neutral
91.09513228407812,0.8710612390060317,37.09926364716685,-0.7780764906445184,0.7703114759211417,angry
59.49808752681865,0.26243766880921354,35.98052531330188,-0.804060727024691,0.18590183276643696,sad
69.33002302097037,0.5046281776811139,36.78687249796791,0.05426042846357554,0.3426506062502542,neutral
91.55261921633509,0.6265169977412813,36.91709224255067,0.6939713053163006,0.89198851584362,happy
68.59360459618699,0.3746304743406526,36.49055251756961,-0.42915669057390493,0.14534019995466818,sad
101.78689824354066,0.8790883732393249,37.32015236731995,-0.6000456850197797,0.8242405429418744,angry
62.56881749907944,0.39398693371099425,36.220195377255045,-0.6691573150564596,0.19389675474816284,sad
67.81863256850448,0.3356805327383611,36.47952069490908,-0.9841882526622716,0.34766220745220644,sad
74.99507390358515,0.37714318601791097,36.394519541826696,-0.7626404908901037,0.10788833220051602,sad
61.12416755197951,0.3936148026685292,36.32883277513194,-0.7032196821880494,0.11905701925179255,sad
89.5803754904845,0.6687888805897034,37.11192764412887,0.9608425862873251,0.7753412798160914,happy
91.91837353098323,0.9431219270775085,37.05038766192632,-0.49968566728398445,0.7022195584577138,angry
70.73296518965186,0.5296051491601246,36.824602205859556,-0.12358193573788188,0.3300327065035288,neutral
58.977179316008126,0.3644110239210859,36.486603825020104,-0.4504698793981565,0.35056726130178584,sad
78.16916357346007,0.7337632415203375,36.82436126297854,0.9376225331148542,0.7947918382884607,happy
74.35093384365122,0.48290882857519807,36.899188404548774,-0.15246504443980358,0.2829917004405039,neutral
96.5126429228117,0.791848849343623,37.36130189550806,-0.7804726907937221,0.9227710332227368,angry
68.52075197413491,0.48848170446108885,36.21842727611097,-0.1156438780396035,0.35023835791146285,neutral
86.18728835968383,0.6914137306299262,37.21076662845913,0.6050909126759682,0.8606576711081237,happy
75.3713912751448,0.5103064984115537,36.46738914634931,0.1445969518874501,0.3805680256905318,neutral
70.35609309740741,0.514161247930536,36.50821434645708,0.1983626561545369,0.3191101402464972,neutral
96.71165783146998,0.7959492855654368,37.436636115819276,-0.6844611886889357,0.8948251520929575,angry
75.11393284463703,0.716389803950272,37.045492438906415,0.7086066310932285,0.5587175037747851,happy
102.74249308651756,0.856229262866062,36.913786379325956,-0.7909916761899352,0.7281593979179521,angry
91.22132960662933,0.6555103068822697,37.37198506331714,-0.6578870746812289,0.9712323716372907,angry
74.9589547037755,0.5288964113042665,36.481611758740286,-0.14517918489917678,0.3545512877312135,neutral
75.35523120745444,0.48883148311065633,36.69609691211919,-0.02269706345626621,0.2738059512765196,neutral
68.77815443249915,0.34935896942118017,36.424786383740724,-0.917216120115584,0.17757881158920316,sad
87.82615974438275,0.6193113778374305,36.88950346353786,0.8840416378371325,0.8539318780582688,happy
75.02839360071023,0.539746946448782,36.45715034194868,-0.12459115555661332,0.24456010748169604,neutral
81.32383867952728,0.4307232901105419,36.71960591648874,-0.09356490565242015,0.2768030059454369,neutral
93.20223890364437,0.8577459729352427,37.4355816148708,-0.5131600898545114,0.9934201926538668,angry
79.500983551779,0.6247506849685299,36.85606259099523,0.7345362554083067,0.8091734161439023,happy
95.4385405463451,1.0426121460685467,37.213344671745446,-0.3552224427489968,0.7844811247309148,angry
88.83391424498284,0.5903815022905126,36.85988543342165,0.9901961993324223,0.5554027111300637,happy
82.07785531494437,0.39101950933776825,36.82797926537073,0.18586507228733445,0.35653655211129326,neutral
100.89764798749341,0.7840910951501531,37.012121655810276,-0.47715306580804107,0.9989802736164732,angry
92.0906689523924,0.8202070290860196,36.8399778782362,-0.4719961455477323,0.9411322152592656,angry
69.26995711184654,0.3068238933492643,36.06856472793969,-0.8546165898001472,0.36722739010269745,sad
69.75424488153526,0.29619668906235147,36.10408495459617,-0.44103800643563495,0.36145428717359673,sad
62.39009288881789,0.35855197463185734,36.42673576764752,-0.4183218822725008,0.31578141552076466,sad
72.50158040466899,0.40976209518834267,36.53702429075292,-0.19754393493412092,0.3261685562808093,neutral
81.48093780402078,0.7007569810089587,36.960751589820184,0.8741355127685424,0.665396516597472,happy
76.47624552886973,0.6183364651876672,36.853022773479395,0.18397410151509153,0.21140350880370776,neutral
77.93287013419031,0.5421914387242812,36.62973301290886,-0.17995718802401264,0.30246306225133246,neutral
88.37460179680676,0.8358585750486851,37.60727201707258,-0.7998335160574461,0.7342736892375932,angry
59.15202983517101,0.37248642377530555,36.15217439521955,-0.7479231526026291,0.36567972845495067,sad
64.5334311699417,0.370275655966086,36.53158758149662,-0.60911273986886,0.11311770862833935,sad
76.7637767487763,0.4783076238323714,36.739128105662466,0.09806066141071434,0.2675992062623846,neutral
101.0652411415212,0.8705621481470877,37.080126894407606,-0.6693793345541883,0.7411299840396498,angry
74.39407522139777,0.3295465706838312,36.44399241996303,-0.6453407204368045,0.24456736938113188,sad
80.12566162096505,0.721113848197736,37.12503237480286,0.7089722411702166,0.5937554480869146,happy
74.22525843266835,0.2902212335888277,36.26749657073865,-0.5686541108048735,0.24702720736430847,sad
70.1529912350845,0.3354962672634251,36.190456524195554,-0.5706667025229429,0.19572092646060574,sad
91.02460332658521,0.9153192274060744,37.30537060979291,-0.7221251201005279,0.7492662062378712,angry
68.19992205774528,0.5136695551992645,36.752118229028014,-0.13779338083790962,0.24125964744895254,neutral
103.40222815740188,0.997035362399382,37.205535923048814,-0.30087410490687205,0.8075833156843512,angry
84.90793043075638,0.6761421029483448,36.99848542446157,0.9787221204365315,0.6196660332256587,happy
68.45499940268991,0.5188252840488714,36.46720642772176,-0.08446888798756885,0.35939852479581447,neutral
84.21275535392009,0.5636254678077461,36.772615552356086,0.8050090556922571,0.7412033089690196,happy
101.42498187271583,0.894102666622047,36.84996526969001,-0.456881985942091,0.8957529978360259,angry
78.99206252633451,0.7434663453767268,36.7603801497454,-0.6621148946413817,0.9941890375439641,angry
85.38834307805182,0.791007572353586,36.90334250711144,-0.35374425611073534,0.8592277531557475,angry
102.6249476358672,0.6961125714215493,37.050412144619365,-0.39656597828857915,0.8290856878746271,angry
101.04910080927465,0.8368628972766804,36.62786914682115,-0.45441142771128856,0.7727821050860356,angry
69.59281088842884,0.462990368186855,36.925722734880594,-0.05445261575107252,0.2746658384850061,neutral
65.75435012246201,0.4196857782209063,36.07098054917204,-0.6224799055302035,0.2429337208881486,sad
70.93371544968615,0.467349265095982,36.5214431392103,-0.08396102129541078,0.2662617108646791,neutral
86.89108640505728,0.6750764215810117,37.27676220623696,0.6074321336220396,0.8814227226880393,happy
76.07088039311408,0.4862030288751828,36.66548032448955,0.16354991049477302,0.2059105581883237,neutral
82.96870091428498,0.5582938905728639,36.637608137376766,-0.04774154132101707,0.21273266664820153,neutral
74.3956087799629,0.5266317871651174,36.45191390843355,-0.14821476136187217,0.31550698498876933,neutral
72.26337421807541,0.4060975245957612,36.09249935635305,-0.4132917476031659,0.22805242281069343,sad
73.83493349012531,0.36794450805058143,36.72630748219274,-0.6928975815113391,0.2164720351984875,sad
80.90507631656776,0.5096793497532849,36.411995488429966,-0.08881673714760603,0.29871548773443646,neutral
92.22272598732314,0.9175366919067842,37.04384694188263,-0.40129563697231524,0.9194726432885001,angry
77.01246212623597,0.44869586006602075,36.87635831088581,0.7571569183324717,0.6998762411544481,happy
112.85090287227372,0.8209809819629191,36.93080220679313,-0.6007183061029868,0.7246078674566799,angry
72.9993310228809,0.5488829568482553,36.67658893538295,0.07854450676658903,0.37973127675088914,neutral
81.78612925986542,0.6311329405548386,37.23709835434188,0.7975223309160571,0.6244080588863535,happy
76.40381001296916,0.2827506665695795,36.61656828678328,-0.5711383849004443,0.3925343521137178,sad
80.13017546745186,0.5566598847997511,36.56166902008668,0.6224601816098071,0.8644085195059179,happy
94.61604230808136,0.657740816721495,37.21090420016035,-0.5407409336951436,0.7973874171935333,angry
63.202416744650506,0.46041738932397774,36.12811356052996,-0.5865553995100896,0.1560642136151666,sad
69.64886708850214,0.3129089679149121,36.37452846637578,-0.46399422831748516,0.28342924216836674,sad
73.78761468000734,0.48534478523370933,37.19222940075528,0.05293641629316326,0.34913480840475564,neutral
88.167483520432,0.6776219254750785,36.83529651131152,0.7370168662637404,0.8786033513167766,happy
85.23758982547089,0.7674876369876255,36.966380100012344,0.741696079453515,0.8348839641157073,happy
84.18387863183848,0.8345053071964496,37.71575342219376,-0.7019853991482462,0.9987244681178589,angry
60.11882700745568,0.330273924579494,36.24245776342418,-0.485051980926105,0.17518359577393966,sad
69.85775382738032,0.34963434098659746,36.68067223147462,-0.7620528632130537,0.381526555629631,sad
80.11681488602018,0.7600274914044077,37.00097574445349,0.6751221267343933,0.7127232035354669,happy
96.29868041546796,0.8063475684509932,37.29467068643145,-0.528104905035064,0.9914188800968495,angry
81.19450590844782,0.5395505766124454,37.143793686346285,0.7399213152187532,0.6893987946947716,happy
87.56237008910942,0.680188790912354,37.054085354381264,0.6176624196446925,0.5630536926867271,happy
67.25970803144554,0.3732437546406194,36.49500532291099,-0.9672543448301942,0.12531566440283454,sad
105.38683645981556,0.9188120636698037,36.93534197976124,-0.7959736891873594,0.9527581153862831,angry
71.16035099412129,0.5110161185492836,36.3936077372721,0.16122106610109083,0.3823968392215389,neutral
106.9086215106508,0.783516172135112,37.438873883218754,-0.5271112572971948,0.8961753364820041,angry
69.14689275165695,0.3902127269850269,36.7728764061112,-0.12823710363915775,0.2422026457974721,neutral
79.17453846473697,0.4822574634324092,36.5082171819988,-0.0026233197749736537,0.21259528802933214,neutral
89.03489933055167,0.6502292981623885,37.0388712130328,0.7249089680542701,0.6079588758223112,happy
65.30484627640253,0.3410765502792775,36.436305099349326,-0.9908700821854137,0.307070000024357,sad
83.87848813626172,0.636874226694928,36.545972892072626,0.842518988898826,0.705498916228303,happy
95.19180752140255,0.8389771311046176,36.89109968982807,-0.6395674774880151,0.9119682442968994,angry
91.173538880279,0.7720098269697206,37.010177094793164,-0.6631843036321312,0.7277204297592115,angry
74.16470342002589,0.5210723591365095,36.63606537850811,0.16085354737880198,0.26779416743831197,neutral
82.12700348762742,0.639769832822093,36.86594121205162,0.8364190219426753,0.8541647799673495,happy
78.01138873012644,0.5453805905523385,36.535155512126515,-0.10448999667217601,0.34752223234642654,neutral
64.64457235597567,0.3656352428441361,36.923078713017425,-0.8308841619996055,0.3973887420701194,sad
100.79530714908746,0.8298485799334056,37.41697469879272,-0.5316895485725208,0.7838583656235456,angry
77.96141018824261,0.4631143934473904,36.66453857016134,0.08094949604241636,0.22706188053752754,neutral
62.57049260319761,0.3716523189301973,36.46264764980014,-0.7514197529014035,0.25063842873568754,sad
82.4051779618982,0.6665762753552595,36.910222300679514,0.7073085375821645,0.5530344385619835,happy
76.84455353961592,0.44632444765516877,36.936003862539195,0.12605783897031375,0.3099977964228434,neutral
93.00013545415423,0.753509108757384,37.06338739034844,-0.7227303009854253,0.8601435142775035,angry
66.63955922645262,0.3279262097343545,36.57866945252163,-0.7962579563168486,0.3686685190980633,sad
74.59034031561063,0.5304469940559121,36.9587868614175,0.12302285659111611,0.23828905834185435,neutral
87.24385046471339,0.9250994540045258,37.09570714035295,-0.3614806854783478,0.7140441871702682,angry
90.65880107113829,0.8525784772717593,36.98787193876475,-0.7472752828818212,0.8545254828152903,angry
98.69678065281032,0.7719982892049189,37.28943869505205,-0.5927616362962154,0.7098588177385419,angry
68.94279401710769,0.3570008455437657,36.22697512793512,-0.9839652974528951,0.38430921657604356,sad
81.96604588310355,0.5691768222951945,36.66021478570726,0.8691856692447262,0.7123231712361665,happy
65.65230070814349,0.3499532031570507,36.31337457959124,-0.6006120423133149,0.2529632421862289,sad
65.15586728102348,0.31236403790484657,36.69522297491315,-0.9559729661537344,0.34381901482947574,sad
76.99059278126491,0.433696837688324,36.555969590082505,-0.08873843326554623,0.3998965408047705,neutral
68.02707724942665,0.33483265405900725,36.37080940043419,-0.4851531566650338,0.19410929142097078,sad
92.70093383193252,0.9026110622849496,37.41803187872712,-0.4056911253464475,0.998427891192099,angry
89.00974608396187,0.6128992468854024,36.81944854201871,0.9651526980890788,0.7675812309829215,happy
82.92189410016039,0.6643666707652717,36.75442011226917,0.9799770427550161,0.6355016448897448,happy
73.62043443177699,0.4453220657172256,37.0624712585019,0.03783938157959116,0.28399715969119005,neutral
73.20838094984835,0.2946599337007703,36.5337603023353,-0.8284235923147315,0.27987869867804727,sad
79.444054501541,0.7016554448383509,36.7710382127213,0.6336853816282748,0.7099561131020602,happy
72.91073183712722,0.2503685789613892,36.43520998110468,-0.9745884094672863,0.29442432244471106,sad
64.69921473797959,0.37905604725818615,36.42526220276027,-0.8842637537911736,0.3717316287356579,sad
94.45593620382361,1.0324715308020622,37.50837846395441,-0.3577712622197435,0.9302072983128236,angry
78.76223953606102,0.4716598273952091,37.11451970815251,0.1731824168568314,0.3661493109441112,neutral
93.77168438945013,0.7712121084801725,37.09963126628999,-0.5952394263699055,0.9723157069751562,angry
77.63187969228095,0.6057806591665628,36.92113214555663,-0.125711525799613,0.3390616216187061,neutral
99.05678079269329,0.8621621424213602,36.95846311384479,-0.5560875748727276,0.9716382818105552,angry
62.7552946927881,0.3139805820599764,36.28891992011153,-0.5354199293319095,0.19650521400011034,sad
78.8310865251158,0.5217719963365465,36.74451518456548,-0.11339118710599796,0.22321273013013482,neutral
90.17704948127121,0.7416206672566179,37.28762400813144,-0.7048800580956005,0.8376406946074876,angry
90.45491898961318,0.7201716417657561,37.07707987525917,0.7574821691716018,0.7102174945838879,happy
85.57518460720058,0.9592262998620656,37.0491754388558,-0.5718501791047221,0.9540176226369583,angry
92.10788541698584,0.971825756466054,37.50592049571567,-0.7818518607946253,0.7673710517193214,angry
81.9266628318979,0.5314104005898169,36.751680343106926,0.18893148412415733,0.2994196487354739,neutral
69.58769770755657,0.25383931510826163,36.451346745006816,-0.5584150773971033,0.25902791904242994,sad
73.87464677716517,0.5691068997423337,36.93761237525022,-0.05124779816456351,0.36118897774283065,neutral
64.26033739994075,0.3890713724362713,36.85704172433218,-0.45924042099801865,0.29084344253176964,sad
83.69308171008112,0.5463551482915802,36.55857988282476,0.06839779281132641,0.3196091644934047,neutral
89.44557879283752,0.8660222993492942,36.9300999686003,-0.5930452382819903,0.9334853098535374,angry
82.63108833519645,0.8202145317143612,37.49136366498978,-0.40756584400305584,0.9928814801311119,angry
81.69390339679836,0.4449020048026098,36.79178736135238,-0.1279226452400503,0.27730182966298134,neutral
82.77284030253438,0.7179549187994,36.79755023056356,0.9075936000705627,0.6126543173413828,happy
70.11708021988592,0.3653009650368511,36.531096454782215,-0.7701737122899499,0.14556592060520868,sad
68.9510085238931,0.2791504930159504,36.516274611867786,-0.6845512515428436,0.1700535575779794,sad
62.9152475837347,0.31437249823990443,36.55979136861051,-0.6206327395938855,0.1763448262295595,sad
70.24358205517424,0.355022224842989,36.52232715709967,-0.6953079911855187,0.3518181913359737,sad
71.77291198453143,0.3584239308280238,36.579356486111784,-0.647824938907676,0.19890387211903748,sad
97.12274108989114,0.6897641268907846,36.99580208721542,-0.5976373442775322,0.9467939041438899,angry
93.40630896399374,0.752009905076891,37.17655391994534,-0.49649999951091545,0.841832993694055,angry
81.12025908612601,0.6679723082727671,37.048626653084966,0.6907388382004226,0.5876579872930321,happy
72.55608526041172,0.5214309245753905,36.797892016658224,0.04236229812621528,0.2733743412964777,neutral
78.64074645750583,0.4543837242966821,36.60750016936001,0.0834929330259459,0.3078708832013793,neutral
76.21073674316342,0.5006297722965138,36.62821161093875,0.1961828029615006,0.28943242212776943,neutral
96.72034025490728,0.6151884945842699,37.08781038488151,0.7009877190085119,0.6115741234550751,happy
73.5463032476,0.4538497151440548,36.75971615024017,-0.0889675702793352,0.2735826626195077,neutral
70.29856316269499,0.3508927650741087,36.895062760187216,-0.7706684394262654,0.36960182666909147,sad
95.64362482351821,0.7395137437825243,36.760886858170494,-0.6359457194467405,0.8317006652470017,angry
88.47154786937587,0.9475946380429187,37.273676242616766,-0.6210557346371555,0.9404041431885137,angry
90.29136603989797,0.612285555824301,37.130926731581084,0.6818959265388387,0.8663430967383163,happy
66.90702588498881,0.46485835935322795,36.681151231295054,0.14933652304183992,0.31371443062804283,neutral
83.440423721837,0.6301964379806928,36.61891544546928,0.7056063528558427,0.8496681286703971,happy
98.66022746913303,0.8268260435924082,37.407494365116115,-0.673846429620681,0.9950245345799283,angry
94.14383082469722,0.8691909348927315,36.895481777879006,-0.627529947789129,0.9019422391418837,angry
73.54130638662727,0.48505080013140794,36.982968027291854,-0.027229951461630986,0.31135789538376935,neutral
92.08874375445119,0.863956911100158,36.66984871702132,-0.3260152172277513,0.8079695529381767,angry
74.10896239112756,0.565968438791148,36.4013514026499,-0.10767530745602034,0.3840667123344535,neutral
73.14753278418421,0.5428630293455905,37.02182663736415,-0.04060492434426602,0.21326512226761352,neutral
77.17410236480677,0.49647632130612723,36.597712494243495,-0.1529731718107089,0.28336813185207355,neutral
74.67098734371167,0.5784997175369978,36.55075756306933,0.18107925566810995,0.35672148975997986,neutral
71.35731242061401,0.38967920588345717,36.372123920748045,-0.654157183938765,0.31191376297091256,sad
103.33965418193638,0.7467163025688566,37.305118813765105,-0.6202052130400355,0.9371443812734311,angry
71.21345903910363,0.4838627723638329,36.84137925818371,-0.037597690687169644,0.36168045995951226,neutral
87.97339883571829,0.6024568367009827,36.465740540226335,0.8534114868701057,0.8414125772399216,happy
74.50959714224008,0.3084153855340016,35.91528343743375,-0.49276783144452285,0.2827738931127334,sad
56.219588098510826,0.3299875431673526,36.587614967394614,-0.6966522089022249,0.19699273765326414,sad
68.921091475517,0.547458303511908,36.45764635850213,-0.1128701650685426,0.3353316608989969,neutral
76.79160213618995,0.4848092601048952,36.75749847204577,0.14573251790648378,0.356286902944923,neutral
93.81460039270812,0.6726152875623043,37.31280834263021,-0.5787313921113533,0.8570801719177712,angry
73.13237960204097,0.3450486863655973,36.455376408278084,-0.5604664835697797,0.11178934996864107,sad
71.50621771397505,0.29390855997937076,36.38935326648731,-0.7694616771763907,0.13476039825741576,sad
77.40125516631083,0.4772524273701263,36.87520199007833,0.13725038947565943,0.25712210714904077,neutral
107.57728948933854,0.9267783728221813,36.99151112573188,-0.7560719078367428,0.9573791961005601,angry
69.63296796056444,0.4701749217739424,36.77569476333132,0.17085164777300155,0.37078923446609097,neutral
69.38962097488387,0.3575923774820785,36.26278769469126,-0.5663555393370272,0.3882658387674922,sad
82.06879368865154,0.7899869846909955,36.95982467786727,0.9803950145497009,0.5419690581098575,happy
71.06162437099445,0.2146921500114198,36.29702681792872,-0.5724734408280441,0.29369977336370345,sad
66.28438143572353,0.3765677271352394,36.40438171818449,-0.7173327878366552,0.19206795465672388,sad
65.57650854305871,0.27713631709002734,36.745199600418864,-0.8124518446841436,0.3733221270719438,sad
85.35577804440236,0.6711451026340682,37.14638190311289,0.6597445789721725,0.7664384871031686,happy
95.71824187664392,0.7183248881785151,37.093574441872704,-0.5089953595590435,0.8259801515414307,angry
63.90160191730531,0.23793052063729958,36.6881029744451,-0.46643337469984025,0.18668606965841084,sad
101.23801822433566,0.9620621820956521,37.21399209997015,-0.40605184347763856,0.7102855406779611,angry
101.43275379927334,0.941094274333696,37.528417556461186,-0.32330696373449963,0.7743588389665911,angry
80.0082434919322,0.6155815873868203,37.17911277394105,0.8734323333298839,0.5405632584950123,happy
80.65308817405061,0.7484959383465705,36.957510011292825,0.7179613012385702,0.8622036325185147,happy
79.5190558634223,0.5707174896635122,37.15515436415166,0.7447816286592915,0.625708039288369,happy
85.70564175598378,0.6089744415504332,37.266721731685585,0.8736657548231122,0.5177826457706739,happy
81.31713688738324,0.3484710733794354,36.81224909369212,-0.5689645589296923,0.34723123715656656,sad
80.78648003169627,0.76462113711179,37.220619512801434,0.6629501770293924,0.8054340850545969,happy
85.35821644785457,0.6534101675575665,37.1283793073936,0.8141795998589738,0.8443204813328852,happy
76.77434576905978,0.475304426443156,37.09094020984156,0.1669625833476754,0.28168430472274675,neutral
73.68452736653515,0.5034141637969319,36.694572953476175,0.07573634587048506,0.2785880255634801,neutral
91.77113046086913,0.7981974818685834,36.82432174646067,-0.40109296677934125,0.8071106027826666,angry
66.24335819564858,0.3623644999787126,36.55228612481218,-0.7611104296394019,0.13609799721926052,sad
79.26980338650422,0.5910667623066677,37.13941082373626,0.6374391224506617,0.6103075045464286,happy
76.6124595552685,0.4554474741396185,37.012110591983394,-0.18836495256441027,0.3861945828485689,neutral
93.28526890621228,0.902285081896693,36.96045810064485,-0.577806234193929,0.8509902326774885,angry
69.4862350546529,0.3351665631662764,36.20057129064286,-0.4172230528162375,0.20534134407869692,sad
84.1088980549983,0.5903299665180213,36.86807108794298,0.6161598721107867,0.6319983214443177,happy
75.4049843952959,0.5462048970483114,37.000539573268846,0.05799290482125674,0.2748765569429238,neutral
74.17384830295865,0.5733475436760929,36.873101725437124,0.18891944508053454,0.23803730538203857,neutral
78.29967592534398,0.4656559882605936,36.49479295048896,0.18666146853109694,0.3697359129417114,neutral
99.47535622970396,1.0516102088016375,36.96624309594296,-0.3923229329248172,0.8940638629957602,angry
75.87075321673967,0.5384912065635303,36.60581336043474,-0.13955993633016056,0.273425817887384,neutral
77.94322855837108,0.60776591090622,36.986562925334866,0.7883436068241756,0.7669168726912032,happy
84.33296876484307,0.8645167205554031,36.656993042893994,-0.5454976892189701,0.7948534152628625,angry
82.48990254030771,0.586558430374673,37.08183662483879,0.9948035001235837,0.7507899513609226,happy
78.5601159478257,0.427373727684386,36.5385645097575,0.0653271374697924,0.3961633164990608,neutral
92.03076553078499,0.7716571863108308,36.84496752768458,-0.582233779226377,0.9897931004654967,angry
96.96644182823609,0.9246271113889789,37.1180900974771,-0.5241766319509761,0.7766192122493335,angry
71.04657396162375,0.35280654533065725,36.17516731592553,-0.7103392612714274,0.2545949007674063,sad
70.55864828545398,0.5609862936460465,36.676869313402925,-0.063247471177554,0.3915272587996871,neutral
105.08674149926233,0.6485746541543375,36.77600049917045,-0.4150159390603549,0.8666408863031017,angry
75.7045506666018,0.3716207441033121,36.41603493730849,-0.06604988954681992,0.30674029943531034,neutral
75.7325262131304,0.6640297728892297,37.0857488953155,0.8617432801628888,0.8511802722336033,happy
73.06330564350057,0.330896925632264,36.1520631128264,-0.7175203510385152,0.36860846285577553,sad
101.24407494831365,0.8575150677154985,36.975172813220006,-0.6344731607406595,0.8067821426199254,angry
87.44274193426592,0.8731443708699009,37.38545773193406,-0.611458413057506,0.7260936253192634,angry
66.5195112148337,0.4530835397981625,36.732319063746345,-0.009454202244331439,0.3298509450926018,neutral
91.43345924891807,0.6671650293293061,36.732675530067624,0.6462251185893344,0.8370508795450533,happy
74.00227704632445,0.5007030368593979,36.74530325532634,-0.08103442819686602,0.38113689729212497,neutral
88.12650064340548,0.8914206252567072,36.931753195208685,-0.4555534459837764,0.7399655782120369,angry
105.87256144013261,0.8525086006768678,36.91318807699796,-0.5053719635486628,0.7525093437454087,angry
82.32899591448825,0.7510549032625715,36.69476473840731,0.8410465107738764,0.7100824277828354,happy
76.65064815689,0.46369491154687814,36.652734822773034,-0.0021729501847430333,0.29696923739849795,neutral
68.9904960417902,0.4176945929661713,36.38096989758864,-0.7294682851209378,0.26759590357900287,sad
60.771931170481864,0.30603571005676766,36.47837121075822,-0.9493166820626369,0.3222867745187111,sad
99.09527968806685,1.0405585895526865,37.15686681697018,-0.6486971895456481,0.9900092850382964,angry
88.89145812629238,0.6164166028936725,36.57719077498888,0.7317702746650588,0.774883274452675,happy
73.53484433837457,0.28912503368920667,36.14163850926658,-0.5437261363840802,0.2752788781818381,sad
74.04771159805631,0.4246127426587707,36.21436588951619,-0.5899161161357527,0.16864347290696166,sad
76.71379466997463,0.3653143825323198,35.92641214691327,-0.7203283484393446,0.36465993358524096,sad
73.88702572264903,0.31287276612374154,36.428443187004795,-0.5934608645350743,0.13086587359661536,sad
87.19685487439764,0.6522480818802625,37.11752139703979,0.8638977713077842,0.7253452190243935,happy
87.8615329914639,0.834235204051985,37.15355482728582,-0.6175179499982102,0.7898996485914885,angry
86.84978692593103,0.5925392912813143,36.678786309407656,0.8513629985754214,0.804650789115718,happy
67.06297207618167,0.3192933572088164,36.3456958486552,-0.8862890772547257,0.10449392424151052,sad
72.23704117710837,0.3095119729200034,36.238919665986884,-0.5114926620175717,0.13176197667175632,sad
95.87523010140647,0.9288886965665,36.99754836134952,-0.40548777902288163,0.9656167420401571,angry
64.374346662813,0.3082380817437475,36.784598690965694,-0.9327339074869482,0.3129211577576564,sad
88.21139410677813,0.8514812938554246,36.593257808602594,-0.5813856841694249,0.9873110239729889,angry
87.09669056614342,0.6602723230543658,36.965991757568084,0.6947360147477638,0.6289287329081091,happy
87.78799518189793,0.7202267544633509,36.63126190028146,-0.4665388707670634,0.9834127671177437,angry
83.28473236100177,0.7771494399953011,37.128551739683225,0.8869131887728426,0.5076129014370954,happy
66.37104877925704,0.3656905466318769,36.41513550767657,-0.40416176996958364,0.33116411343035823,sad
70.70164101154988,0.3047704393143463,36.586565740818436,-0.40419517822950146,0.15494969634816613,sad
91.30086162269963,0.647494902115099,36.95029814339556,0.7036432026941205,0.7630108138788426,happy
81.75039454401538,0.6395149648015929,36.97262440323709,0.7335099169078263,0.8418898376473742,happy
74.66788801030076,0.518615694930001,36.68076554656289,0.11155891903282295,0.2307398967510052,neutral
101.12162372178959,0.8781609272872691,37.046580707352945,-0.6529851309224479,0.8114815297902569,angry
76.90728092871555,0.5843274998722995,36.571032730490316,-0.17349596677563534,0.2629944401101454,neutral
93.29349578615452,0.6638400762260543,36.92578466251,0.6314044872842975,0.8300859979618292,happy
69.64971857089267,0.5317870566185496,37.03194552466541,0.009027969129999619,0.30427079503736454,neutral
90.78642947080957,0.5676932313762562,36.86988329032501,0.9294297109405228,0.6254643636702675,happy
83.24895726188527,0.7200789287174625,37.077360716223296,0.6847006054923185,0.8606600707518874,happy
99.17521211098193,0.9015667914457053,37.11857474069368,-0.7626210766391099,0.7129252648470592,angry
83.79760598233703,0.6779538182490945,37.05659697438494,0.6638835048568669,0.6917855778337312,happy
101.86489965859167,0.9681898048504688,37.35277425139675,-0.7378983530181131,0.9831414126975219,angry
73.17565431791931,0.3280017322932209,36.32293863564393,-0.5914023778852282,0.39456971634339943,sad
90.69216849149575,0.8529754622896535,36.75332605643311,-0.698148354171712,0.9289569612158484,angry
101.17081513737895,0.8760232910288548,36.753364835878514,-0.7274683319536731,0.9574553230850623,angry
86.47823891065133,0.7309393429741574,37.1500235147821,-0.5210618420655748,0.8399341269276673,angry
69.025550343884,0.40218935256217647,36.48216916522108,-0.862710714400618,0.178815405304955,sad
84.71424710666466,0.5253927734013958,36.85239607597661,0.7519161045911821,0.7394052317867101,happy
87.11272824652522,0.6439354449541353,37.09232794016738,0.8509736601497583,0.5048199899584995,happy
70.92797102974217,0.53739976993136,36.454244129819,-0.1755571686124268,0.2873473355589282,neutral
84.68030033118646,0.9009116133337339,37.02187005003959,-0.7888587859644647,0.9724446575327206,angry
97.18672259016165,0.9486594385988603,37.399575109816986,-0.7027588846347699,0.7600145899460896,angry
76.12048416051779,0.48047677533375116,36.81644444915606,-0.11626868403487772,0.34779341315906176,neutral
75.13449613912657,0.3311065273019324,36.43196707038162,-0.7488378295696191,0.27515117815069745,sad
67.71506384942347,0.37706632766674425,36.80689740965732,-0.8555730646763474,0.3210766186848858,sad
75.31805196749269,0.3375316080825955,36.173999924781505,-0.5185936006108283,0.1845356489813676,sad
71.06717036491806,0.5557309515867855,36.69562340698299,-0.08952548402977643,0.27955584346272955,neutral
90.07391760618553,0.9050628086790585,36.89227933403622,-0.3258077868636917,0.7041231504072871,angry
78.76506651961533,0.5661484575122081,37.14414242904343,0.760849036619858,0.8224591856132168,happy
94.50966805327303,1.0014761858259615,37.44222114632748,-0.4565564407038008,0.8180542037990862,angry
74.98660426838505,0.4672188428040025,36.92761307340639,-0.18252011034999263,0.20698696178363188,neutral
69.16528054701743,0.5096525401479057,36.396409773631355,0.025009137441832058,0.3400259124911906,neutral
73.36881244718799,0.4275822035889635,36.4234923121533,-0.04699431021108094,0.31678867879875283,neutral
87.11412569363152,0.616571864536548,36.50764583696492,0.6862652639269655,0.8464426245218168,happy
64.76716610044433,0.37876906325919274,36.315562257522174,-0.7526952997338445,0.3796054453974185,sad
63.18611984194343,0.35427386251741483,36.36218841582952,-0.752696171914233,0.19216251604695717,sad
85.83851683487471,0.7801411804086883,36.802035040066826,0.9629405086067476,0.7547103420143869,happy
77.71508462661379,0.49060528883556803,36.78600441483004,-0.055816245157299355,0.2946330096468143,neutral
71.62906167210035,0.3590526484272028,36.369002279542485,-0.6617719513655439,0.11701407898993321,sad
93.98470298909095,0.8549074931392691,37.02196715811468,-0.36843301873841944,0.8753324392421907,angry
92.37601419201856,0.6158031603279914,36.55710698708284,0.7498535478411466,0.8733767319039626,happy
68.89403536992815,0.3665189408880841,36.259178850767555,-0.40949401426307075,0.37167537537922124,sad
84.66170762700555,1.0275918534178807,37.28815088097656,-0.7857643870615895,0.9070730290275081,angry
82.00472909853923,0.5750286306227959,36.87154286151097,0.6439111580229567,0.7590075949196183,happy
67.65139319930849,0.34814752345971445,36.48668779915408,-0.5080933889645598,0.2398102358500111,sad
86.5091799524718,0.7299867249175779,36.83102794938144,0.7561577492277617,0.5045077784757593,happy
87.18702215023109,0.7943260858327111,36.771123357926626,-0.3579985574300516,0.8013971500233308,angry
93.97376809393177,0.8587027924688637,36.83289062853854,-0.6762189665566173,0.7277069374717786,angry
98.73250327550866,0.7944715134959737,36.98715895668622,-0.3334182442250599,0.8463276287883185,angry
86.85311883062738,0.6312889247926969,37.09056002152108,0.8795813058078945,0.5351428054325382,happy
88.17645371065304,0.8667259694061519,37.36665117224249,-0.5257567769520425,0.7271646430874704,angry
90.26881325044909,0.6408990218721409,36.90833624144338,0.8194893953396294,0.7379739373989492,happy
100.78891886657793,0.7985125838307573,37.4231332414232,-0.4117472912666647,0.9338734062247861,angry
76.98114517555744,0.45906894564179085,36.657530217193134,-0.097206535005007,0.3913536434429701,neutral
82.61244531097493,0.5817441148761046,37.02106081855619,0.727770943433816,0.7997310054729823,happy
85.25399947251307,0.4016452718546923,36.40592397306486,0.0014974781498914569,0.3629025759232807,neutral
73.6587966355062,0.5060589012806224,36.98112502411903,0.08256421314009132,0.35912705843469345,neutral
67.69637047280582,0.37530320689465246,36.2702090428726,-0.7930571230035386,0.1405211068917802,sad
68.37110474064403,0.37099523768054643,36.81219529923182,-0.5104964972933839,0.2182624464552248,sad
72.99393414698795,0.545653540296443,36.70540211086038,-0.038278136774937355,0.24608413307132493,neutral
76.34473623666437,0.4896721538720627,36.70598308502626,-0.1365289419224177,0.2565528870434159,neutral
92.91033958935674,0.7402446919561154,37.13627594847091,-0.4837331155977802,0.8656557217511944,angry
72.55861442825731,0.3446749608279651,36.320133926626674,-0.9764428473780555,0.26991676887310767,sad
68.85730924346473,0.37965526996788695,36.19957817907324,-0.43740772866521316,0.16355996191969074,sad
70.42842666222776,0.5105958896857703,36.58901191305811,-0.11726442612722524,0.39428894900928724,neutral
71.70371964822012,0.4401970816262014,36.441026869674765,-0.0838995119236373,0.2910960344785284,neutral
82.87636396807973,0.603530014529559,37.11197953170688,0.7134367065315547,0.866097324011073,happy
66.7838324079682,0.3841326253646294,36.23932425856674,-0.6122419737755636,0.37698678047088596,sad
96.74331707627455,0.8216078576226725,37.367588259585744,-0.4410907939509115,0.7844992306334625,angry
86.20012087442771,0.6505078621545201,36.86436091565786,0.686861419934075,0.7973994476465731,happy
72.34153908688816,0.35242367085433784,36.40848638899408,-0.8158272988440278,0.2295486987895709,sad
93.96937793998751,0.988675307150741,37.15854853787455,-0.7528379516741139,0.8585967496530569,angry
85.41684669648723,0.6922400571378281,36.822552097817386,0.6972252766050048,0.7288397304201029,happy
64.19935793391264,0.42216417662243083,36.44253101634398,-0.8792418386434645,0.24551580042864182,sad
91.59917532532496,0.8181163413566803,37.167115837778994,-0.3751470383876911,0.9602046065612072,angry
78.99235276599116,0.4410936052324973,36.52312395692756,0.01781914148499092,0.36099572094690874,neutral
69.3771581125169,0.28991338401299477,36.427571292453955,-0.42246833160320507,0.16939050608427847,sad
75.74666447698107,0.5449152756928448,36.641802651779976,0.09150458333295342,0.22083414533240767,neutral
86.89633023645239,0.6033234166933497,36.653909165081075,0.802929659672381,0.527299722274099,happy
81.95506975832419,0.7140870854207321,37.15281003410143,0.906495560698569,0.7300342823569491,happy
81.52048879542727,0.6120567473798197,36.81952343066444,0.898478139719832,0.637833517863853,happy
76.95902490545032,0.5095052030725271,36.588979745076166,0.18594583976211987,0.3103727271668998,neutral
68.45545393242296,0.32179173735380107,36.43624795560631,-0.6008809779824902,0.38111939639621695,sad
70.58927408964102,0.4730136600924115,36.72848097332563,0.09634505198470938,0.2220190610523773,neutral
79.34453910698396,0.5401251062329011,36.93348555417297,-0.10685809942123364,0.2856205541815507,neutral
80.4807164031213,0.6301522085347556,37.02256420888858,0.6520654375510675,0.8306732109084682,happy
84.92781205714121,0.5792922982176392,36.67075144198143,0.9199050803964833,0.6466695885816799,happy
84.46941300885388,0.6201113739945266,36.679996671585066,0.8401418742036327,0.6929014954242487,happy
81.21151055128121,0.6693907842095818,37.0616212559915,0.6832015241701205,0.7572584570881665,happy
95.77458934515796,0.6187255799254703,37.15392584411668,0.663796253532484,0.5704385921069837,happy
105.01677920533422,0.9107308731516846,37.117999388922534,-0.5074479070884134,0.9965134251507733,angry
79.38408240045268,0.8429476104903687,37.54441120470486,-0.3699750601518915,0.7361094285340689,angry
75.8637166040759,0.5083502387113785,36.71925547487991,0.1118364384030176,0.2528899901518197,neutral
74.49342275502956,0.7142397367192177,36.51465808068381,0.7029861330127702,0.6761116683363141,happy
86.81972995268339,0.6335064327285228,36.95542565424432,0.6880397550702204,0.6201244627690251,happy
82.32194694483657,0.582404525227489,36.862100084721575,0.6554484253469959,0.7469745519560277,happy
79.64383845895293,0.4248984295135055,36.53495376303769,0.08349192744258205,0.22055920459627382,neutral
62.795519261389764,0.3182568811679207,36.870170405246924,-0.742004475985416,0.2719211975550795,sad
74.39547820590964,0.5580049896286787,36.63445714704983,0.11666233415513211,0.23704766062421084,neutral
98.04781079038983,0.8023660491805588,37.13471599730014,-0.4953808222140389,0.8662051057322856,angry
69.86173906411578,0.5463557529252903,36.72597843405862,-0.03155188628339861,0.3068563490456635,neutral
102.47571458715205,0.8822015554595386,37.26240147837508,-0.7623078726781225,0.7147149664809663,angry
68.70204927527647,0.36214009646018264,36.079116244076566,-0.6858179955176114,0.3609974106743784,sad
79.60566088401843,0.6047864278716393,37.10520282514146,0.7420866456526238,0.5185845908887639,happy
75.14319967115856,0.464013323350393,36.790497044452394,0.06615658870645874,0.2594261625910289,neutral
81.96149040682883,0.6816875423312044,36.813910532264714,0.947191908975899,0.7093310374852173,happy
69.85389928753077,0.41337665334634155,36.763381136970764,-0.6281727659515917,0.2920103871826393,sad
76.84992898970053,0.6274557022465168,36.99421608081938,0.9880615850366887,0.7389163998244824,happy
88.29198957892164,0.7225920485084745,37.188905463715116,-0.5017897526880164,0.8326809229307948,angry
62.68392575617399,0.4082776725246499,36.67073012157611,-0.86872675251545,0.3275340100022727,sad
87.41391204517524,0.8993420543852607,37.36366974457545,-0.7477373094899503,0.9250695996172891,angry
72.36076449468341,0.5236865830384329,36.579375982354776,-0.17644146982891395,0.3680813311127429,neutral
75.50505092594824,0.5609410426136967,36.508145295478066,0.0847938583916864,0.38285344891445927,neutral
88.5291450916238,0.7565887881461086,36.86270801139676,0.6243490661165604,0.7821340867245206,happy
66.03177820448607,0.46682861112785906,36.418148890440264,-0.8992225621624736,0.2918732679545555,sad
75.73987413433208,0.5575136383635416,37.097302800760836,0.9718789994661783,0.7962376797904748,happy
71.47600074667645,0.4067848508519016,36.87054060262557,-0.04770921201689041,0.35103710196390714,neutral
64.15635813744838,0.4125394347681443,36.275434725089355,-0.5486452441157044,0.3703764391308796,sad
63.53571356844431,0.45179858338352324,36.564646339479175,-0.18682588086806173,0.25474717176996775,neutral
81.18050746809884,0.4672777133224346,36.825895299422896,-0.08555163687048513,0.2986429687191188,neutral
92.73327391232588,0.9907471628049463,37.336121895461844,-0.3076672527721493,0.7866446218893604,angry
81.4487932696331,0.5131834672341351,36.80407852491187,-0.18181630976384622,0.36771207267960354,neutral
89.93507418031888,0.5433971927459936,37.00791129062336,0.7878691411907089,0.7763504240063852,happy
76.40547846664352,0.40394247832544816,35.96814621293605,-0.8243501048877961,0.3952178717156234,sad
80.35165237030556,0.5378050368593664,36.657677157676545,0.1967427180990834,0.3152686025963197,neutral
75.67085560457939,0.6142912465445356,36.664967600774425,0.6066464906908642,0.8358088222888849,happy
89.55025979699307,0.7641520845354566,37.33203787111817,-0.40927555514049285,0.7131351762009625,angry
75.40663159697195,0.5154569093667399,36.71243018121715,0.19900100139247884,0.35494299560223824,neutral
103.75101371746084,0.715911747686994,37.24581481524164,-0.7858914296311014,0.8023545734225098,angry
78.8221499334537,0.5561997203482794,36.919461150380585,0.60883749884191,0.6418815032496836,happy
77.7459466372845,0.6206272561613582,36.69369142773069,0.9644102948626463,0.7114005164474011,happy
100.92586172778988,0.7974583713318627,37.519047376875506,-0.4653979975221173,0.7364836344871603,angry
90.67079731203802,0.6636104045550797,37.330870089183094,-0.48878592396517134,0.776500527408076,angry
93.74846806688649,0.5656326984850729,36.411616887415036,0.9547239462637607,0.5644336987668446,happy
104.21055388903721,0.7778855839381604,37.43366844603392,-0.47660877999699075,0.8214978312748678,angry
68.53830766840356,0.5099689960327004,36.530874302402125,0.1994615674435511,0.38889379056230816,neutral
89.68528233797305,0.6804719828126037,36.76383100872814,0.7884511539987817,0.5936642960406668,happy
102.17084129487876,0.9470842356314801,37.29622492993715,-0.6770484787183667,0.7965311710745491,angry
94.22125853284835,0.8299386060250228,37.59152606014599,-0.7649862807500696,0.8992236213526219,angry
103.02475572877397,0.82976959473773,36.48957325327438,-0.5915651083177813,0.9484978738278237,angry
78.82378750037743,0.5334086144089486,36.645304934394375,-0.08856678108033966,0.2520170272272893,neutral
85.97351216269978,0.6075839086007037,36.90784761096399,0.6116763361977872,0.7451699402090957,happy
81.34900831430147,0.4374091787301748,36.53516932130008,-0.19123956962945285,0.2446881899378699,neutral
65.13607102090005,0.3897716353403716,36.40583488535362,-0.6873521823375901,0.3971545346350638,sad
58.44775008009142,0.2982339074149985,36.09541757230454,-0.5808371930131369,0.3274549330810501,sad
72.68807618878304,0.49640171735152067,36.51535165912582,-0.16741831410623986,0.3364251911013068,neutral
85.62233325298185,0.6486688833284867,37.06838297355407,0.6102819440438644,0.6989593405344385,happy
100.12795232507348,0.8338045460653332,36.818123938228375,-0.4726187357468748,0.9100853296207891,angry
95.4067606322429,0.7408120352601711,37.10451221781139,-0.5028658469849561,0.8073083087659019,angry
91.31583333377114,0.8278399053596911,37.138083789956816,-0.7792600685527739,0.7305297389654096,angry
85.10943645655686,0.7360073070805878,36.5839115339268,0.7789300164446546,0.880170859852055,happy
74.06634070830408,0.4441052830639896,36.54317769318875,-0.06301748588134592,0.3593316747699675,neutral
77.38755382544218,0.6806952708637289,36.485851527054216,0.6186277879449749,0.7042567394116235,happy
62.37463222379381,0.35494990288123984,36.433849652348535,-0.7348207868131706,0.14529270445416423,sad
84.17538210542875,0.6578206611226077,36.78980970419059,0.7449406474837872,0.8653424790139561,happy
91.65978221947553,0.7926173621587465,37.26506467667664,-0.5551880842949128,0.7267857696753807,angry
77.65957290214979,0.7593731446780587,36.666494974218836,0.7100027064887086,0.7692471852609204,happy
72.4496305155695,0.6069183620989276,36.87905746538012,0.06586376541563943,0.3122738034436734,neutral
93.90387095169142,0.5894473088255932,36.5845669421528,0.8752355692194775,0.752249749546133,happy
71.33676655074832,0.34360015123933024,36.24770888864723,-0.8565427642080309,0.2891279394140972,sad
104.70621719061751,0.96443339987218,36.93174951988751,-0.7365149252580336,0.7562500439040954,angry
69.77017813605194,0.34105440789398694,36.446211610646394,-0.8523528370286699,0.38586628386545796,sad
86.1094434273549,0.4739462572102932,36.71899285824631,0.09924784277409288,0.29842745273123394,neutral
76.5232740420522,0.7730478829651366,36.78592065208065,0.8651983585595603,0.6529188059843849,happy
88.47429849255025,0.7854197115501792,37.00758908741372,-0.49719434625667824,0.8316789830748892,angry
97.74871319434584,0.9557936945683072,36.94350481186745,-0.7967418421540624,0.8431149813150647,angry
75.01688847903436,0.34650799640805807,36.69007325226612,0.0014193891905031342,0.26645086363787684,neutral
98.85738855539901,0.809550353126465,37.12003994012189,-0.6127610508727063,0.8696328200545355,angry
74.85653821252865,0.5711817178149586,36.812022548808834,-0.08621553653767285,0.3523303977936335,neutral
68.12582458179614,0.318621415978847,36.586315924600655,-0.9419127660429141,0.2560766753840282,sad
61.57063690747163,0.32098227295355514,36.38235380008832,-0.4916105552854604,0.2422094747106761,sad
91.19220516124616,0.6581928724906885,36.94876538532335,0.8087157644977864,0.5646095689197045,happy
81.61479491337674,0.6378855316782327,36.97340043664929,0.989725474802114,0.5505861512649872,happy
75.23319727059756,0.4905682668073912,36.66016596198792,-0.1348671416682149,0.3781729914071552,neutral
88.67632189927728,0.5963955201682978,36.7331142033157,0.6760073619661844,0.7877085215154818,happy
78.79620091181538,0.6795410051587486,36.856656997722716,0.7708575700439914,0.7347941932027158,happy
57.02141096695906,0.3213010103278368,36.39261375045499,-0.447783811651684,0.2369851100199167,sad
94.70935493695863,0.8103471668864977,36.88589510675966,-0.36982332624815223,0.7595620608483682,angry
83.70082231254398,0.6591144116857505,36.75277428592457,0.9445270384796697,0.7486650804814462,happy
66.9225111126945,0.36277798494934016,36.5714583008246,-0.6836279655797894,0.19768435213823876,sad
82.62198624083697,0.5842516428925703,36.822563408279166,0.7894659027808753,0.8686332536242105,happy
97.55021495812933,0.8211351880657358,37.44715244672324,-0.6653290001251226,0.9586092622880529,angry
96.95112699039427,0.87944748046286,37.18422227772982,-0.6824694974949794,0.8676385346291806,angry
76.60440947521029,0.5195642478560437,36.56907939581421,-0.1670738806850685,0.27506156840569845,neutral
96.63920435972625,0.9176128639124951,37.562054952700144,-0.4955733748888989,0.995102501904344,angry
74.93981404565885,0.5068352661378631,36.68920746798705,0.12495809669841879,0.3674351167278976,neutral
60.87414510433145,0.34098153783707236,36.41004753770522,-0.9033722926710462,0.15614116257934646,sad
92.16941827247621,0.6483649223504748,37.104176846184494,-0.3800295914265432,0.7262021242341833,angry
83.20098892634108,0.5878294093555222,37.05232787472776,0.7640249793914282,0.5496173996937457,happy
65.97154183171821,0.35088416350215695,36.56756822087718,-0.8212152685920134,0.1477480593166679,sad
103.6495015657154,0.7088246851864854,36.985137822367044,-0.5218462646926605,0.7828372235344412,angry
75.88866936397602,0.5708330654148979,36.870187385555155,0.1842369151424717,0.23300746610401668,neutral
80.39691852814323,0.5800190349461587,36.67641412357291,0.646706543928134,0.6480490481910174,happy
70.12508659056776,0.29382448273082756,36.34089103974819,-0.6785220122878335,0.1922912824300269,sad
94.43192504324982,0.6475469385906164,36.64864234229737,0.9719931270646306,0.6314660524421781,happy
74.77618455577458,0.4980915206516786,36.85362339048614,-0.06384531603660651,0.3483518953781928,neutral
83.80478628309088,0.6772019265297513,36.838947801129684,0.6711559867411843,0.5317611820410718,happy
104.75402070223808,0.7806657102917373,36.91013567000409,-0.47074677640380197,0.7347800531972518,angry
69.63456726190313,0.3954029163711509,36.75901463443612,-0.19182673357139002,0.30381984835243675,neutral
72.89018402542972,0.32400873889132303,36.43768801608415,-0.7653586725091481,0.18357555185411972,sad
76.26059266245254,0.3419621952045785,36.601529799074264,-0.8064025801015957,0.22900707620350297,sad
72.15573466954999,0.5442619152870095,36.887525949436096,0.1788438456582357,0.2505829188995531,neutral
80.55314979846449,0.5510970066442343,37.1622818391308,0.605526190588785,0.8592078964853913,happy
74.18100788857409,0.4485980670453568,36.713750011352715,-0.03323721391060935,0.2721600786518339,neutral
72.81255525985578,0.38982342764811917,36.33090393214038,-0.877729267275474,0.33898861362019117,sad
83.26376078410722,0.680623226509513,36.81073344056958,0.7106259249662499,0.8689592109730035,happy
71.25043318555096,0.3370025848964739,36.37292487769333,-0.6175429141748383,0.2847530067606979,sad
94.13936058586879,0.7577193103328541,37.08225245660756,0.6429381164671639,0.5192047462436771,happy
74.74490217031808,0.49321002846430895,37.00716423938542,0.1904725598913019,0.39644434476083046,neutral
72.89132110872465,0.7922316981421118,37.035119103212864,0.9252738680798382,0.6736911107971888,happy
77.2254615558987,0.48867258668775154,36.77008996225006,-0.05453275462513077,0.3583792724789599,neutral
88.11373441239007,0.589898964205901,37.23910316384997,0.8239347211414358,0.6663336201072119,happy
100.7641706707634,0.8151924724475584,37.42591429110044,-0.5561231452145108,0.9261872482036301,angry
69.40940029153352,0.3050451433694401,36.34737509460791,-0.4945274773764913,0.2494505247062036,sad
90.5628079629852,0.7115704458102236,37.13959899625944,0.85851285816377,0.5713494653908116,happy
70.84040821725824,0.5448353889184352,36.56612675217625,-0.004477636906023236,0.34630973650771324,neutral
69.66820510062786,0.5318640801176078,36.61234345557512,-0.016576607083739203,0.3292844108231118,neutral
91.27985368873442,0.5868159962215647,36.96127656014849,0.8056209821174191,0.8940382093359192,happy
84.53011783365918,0.6902034916669786,36.950730834568866,-0.6343867418525183,0.7211482278557704,angry
89.73660519851549,0.6863605636234217,36.66799592361134,0.8302390995067181,0.7260206345161613,happy
91.9427342054988,0.6009242931349071,36.739351552288575,0.9644531243161827,0.7005626230837771,happy
75.93284220913228,0.6293163485831373,37.081752296022884,0.7578090378145048,0.6839635687820643,happy
103.89078171790288,0.7939483335857641,37.01629219070606,-0.37967852761339377,0.9607848769071665,angry
66.38990425068471,0.3254368486169339,36.45990408388323,-0.7371174571782599,0.13942161154163912,sad
99.31893010531891,1.044973302300718,37.241514006205676,-0.7074886115061205,0.7473982691940004,angry
67.76288909686518,0.46683732270124983,36.24916157624097,-0.9435017146883021,0.36517676258837883,sad
67.1428236926096,0.3669673505693261,36.20540090124601,-0.9125271788676622,0.20920331660453587,sad
81.12636433146216,0.49095008411005747,36.58220207950444,0.6700562535544599,0.8873643154764606,happy
93.53398277791807,0.9111988033411177,37.21041783102402,-0.42937441464175663,0.7392583198973981,angry
78.71911681055559,0.4021327197557406,37.18931529070036,0.6653456087603642,0.6978078251881138,happy
94.81505031002717,0.8478868172274242,36.93640081681232,-0.39250831776072964,0.9747291592543352,angry
80.46126206621061,0.577099811109482,36.73750603354153,0.8600689254290044,0.7214115848464534,happy
75.15347718827006,0.5830350439561645,36.73315052237048,-0.02133291021543382,0.33317012189859896,neutral
101.13433493601867,0.922514949434564,37.58439068009773,-0.5423601879439574,0.7070963119294937,angry
68.87848249812872,0.34873949547757765,36.75051136552532,-0.5932429465231489,0.3462102508858191,sad
99.696907148559,0.6939937658780495,37.09916059499,-0.5341286341926794,0.8548905462628773,angry
78.78924015479241,0.5680103285571945,37.05161534639196,0.6807980179670905,0.8878504076664784,happy
93.41080373141834,0.6681185484247898,37.09012490903403,0.781250162761442,0.589029244515454,happy
83.9003797516587,0.6617561658465977,36.56931788778816,0.8463049470692073,0.5871973924337479,happy
98.52276032169256,0.8008647665499605,36.68676635940676,-0.6078411822708142,0.9556285054141136,angry
75.63240646921524,0.30675181081991354,36.437328004089,-0.910598617101344,0.18328518453189444,sad
87.39483530665994,0.8695252568394509,37.078609539566536,-0.789029266201218,0.9306132726302243,angry
93.64984782123133,0.8434012990971309,36.7477761162281,-0.31991228064083344,0.9060882864960533,angry
98.0621916572964,0.8046418887196577,37.33854112854773,-0.6857064706475916,0.829200306859852,angry
90.31439535848322,0.8595469103220919,36.82725387619089,-0.4425766123949148,0.9041886746912806,angry
94.38905793166676,0.8903893305836224,37.14288626264083,-0.4433162232179648,0.9388905689269844,angry
96.09444089930336,0.8704398675044036,36.78881254639299,-0.4507110356374175,0.9660290935125854,angry
88.92872023979783,0.6411700915085877,36.96533418430843,0.7686774854872727,0.5438146419909485,happy
99.94089904717652,0.9159844818655315,36.93403213335594,-0.7348253966687581,0.796152986547884,angry
92.34633657518663,0.6446478314412367,37.15214506981106,0.9517074504345872,0.6390611790333187,happy
76.85223902451702,0.42821409829446994,36.82435162473566,0.050048593501038685,0.35963070303540623,neutral
80.57987450910291,0.6372379709498105,36.92128708328626,0.8638187980370557,0.7864054563731375,happy
95.18224291481349,0.7447204189027132,36.84507720439401,0.8129538852297791,0.8965216237644444,happy
103.02668344596148,0.7817884072291479,37.40216452709411,-0.44976204933922975,0.9748701499939645,angry
92.75207267507385,1.0305894603940982,37.160814473094725,-0.6451703458133634,0.9456625511316824,angry
85.61236800172111,0.6442287828595593,37.03742806120059,0.8625455243204028,0.6561913762104427,happy
94.90606008917311,0.8571244811385431,37.44172642324249,-0.31956193244003334,0.9618663549880947,angry
85.92216674820304,0.5817719576897696,37.30026359137323,0.7826515956604566,0.8273492215479579,happy
67.76228280865821,0.4099157054088157,36.101094434627676,-0.5243015487397457,0.280995234066832,sad
78.32443983992844,0.6011106281486043,36.80530955583074,-0.08847194550132134,0.26435938171752177,neutral
68.94349881165054,0.3748563828678103,36.55254439867625,-0.8048342744549786,0.23214450678952428,sad
81.1110939427071,0.5647296111551509,37.13889296106553,0.7637547347265796,0.592466327861568,happy
73.29670151103106,0.3848154674343345,36.13850889334812,-0.741545890983407,0.3274526567152044,sad
86.05683214043091,0.7008146528153881,37.198521989492804,0.8319336934681453,0.8986912856317852,happy
71.30910276750149,0.4238546411299466,36.627044428179296,-0.1670551472766878,0.2515619285459623,neutral
74.98026430119646,0.5480542984120986,36.847904696810986,-0.19979600439362258,0.30100541770045885,neutral
94.18190357287207,0.9361568895376049,37.332787132843116,-0.4539425017068456,0.8195410734576566,angry
77.77359998295103,0.6268185013900925,36.85755313967689,0.6277139605776904,0.7018460440397849,happy
82.2193860129017,0.6045778542972097,36.998467523779105,0.799486854483202,0.8189316342955744,happy
87.6088728862983,0.9677009700164652,36.949376532771744,-0.7329586140225084,0.7942044130734505,angry
88.84045216236115,0.5762415023243667,36.939090002687685,0.8041674039344663,0.6444421917796288,happy
75.70294336128083,0.5971476202862651,37.27932081371478,0.6238695441348429,0.688873442653787,happy
89.55288898686322,0.7484012976079049,37.00250707291954,-0.7004777876403219,0.767036143655276,angry
70.94115438162298,0.5849530376198484,36.72052902059476,0.07317511907973845,0.3699822870184276,neutral
72.7069315406554,0.5219003612517824,36.72204695407722,-0.1978789956268616,0.34747472670791724,neutral
85.84634368164804,0.6851401322346592,36.55862748756139,0.7617304491397915,0.6959860705308519,happy
78.54960124278352,0.439148679316673,36.890721383507504,-0.04617370022735012,0.26075229320355586,neutral
75.56954126068464,0.6174290585560965,36.58597494367087,0.9605774743396986,0.6818014403930408,happy
99.06306033723656,0.9283597511829424,37.250734038391286,-0.4129281901292182,0.7346775581173866,angry
95.38019211113749,0.8856034159915349,37.169730774291864,-0.7618532283430435,0.9789794796944936,angry
89.1733885065448,0.8162751409079092,37.48015751986765,-0.619161057483737,0.8740019726057096,angry
87.53439422768453,0.9312305217907253,36.57932093482762,-0.6167245309167049,0.7588055935914574,angry
85.05632706797681,0.7500328423230159,37.01720515734133,0.6154761018000953,0.8184855076071602,happy
93.6373640406975,0.5928783849637658,36.7301720706974,0.6379556700957004,0.6553853364693762,happy
91.85158038866733,0.7876775578872534,37.299366685118564,-0.7803907493599928,0.9146380800024243,angry
83.15301160247857,0.83957935140506,36.7984460792065,-0.6894985538376761,0.9216193316387209,angry
75.97037726056767,0.608786726357733,36.80264649513003,0.19898333153583936,0.3938540504857046,neutral
65.24290750351142,0.40407903641823906,36.71788938722094,-0.715985987774078,0.22577742952768423,sad
82.61768882746888,0.6033039855904941,37.34581325447793,0.7849867492401675,0.8807349741667234,happy
85.5942750522058,0.7446961504776358,37.051767811271965,0.967130821502878,0.8535377216737372,happy
79.21118586488319,0.5579216910285733,36.71605901027374,-0.08899248378086373,0.32501891171227726,neutral
83.15939429896255,0.3897758974559838,36.484167636619105,0.1670903236364943,0.271834070233958,neutral
64.43078981374254,0.40290201174514706,36.479551828842496,-0.7246092958391988,0.17324789686918657,sad
68.92660829448907,0.33564570668389404,36.30295217499237,-0.9213828965126206,0.1884196827330074,sad
72.1623204421187,0.592935759526358,36.93152373620997,-0.11881142919024153,0.24038674492817763,neutral
80.82409169332104,0.5280798366093727,36.72913806991713,0.9385109489891676,0.8621572931716022,happy
80.37958465279948,0.7981432640608787,36.84805662918696,0.9431868364966236,0.7298934606155449,happy
105.45413916217228,0.8695421303176422,37.88722416126172,-0.6546689393258682,0.7915581503319857,angry
71.09373318889256,0.48042504781077455,36.874136957898486,-0.022591926243700156,0.3195286693326767,neutral
86.2287083400092,0.7135502446393144,36.903482849799644,0.663776564648085,0.7759018563910995,happy
73.31443431968229,0.40928047568097087,36.745689454621576,-0.16032634125032685,0.3110559124448996,neutral
85.08268680005773,0.7086927636464101,37.04285987682015,0.7589741089548303,0.6535813811533688,happy
87.152042292156,0.6200804405381123,36.88402821685181,0.6781092484716885,0.5649279448340048,happy
80.22049128291287,0.7298674052655786,36.99033249465684,0.9550320194358272,0.6037902598287274,happy
71.96205943560815,0.49748647818639513,36.337730502855244,-0.15858858814793436,0.2367287699736795,neutral
78.64911278790487,0.41938831004450317,36.94532922634382,0.1100100222517974,0.33033043223014324,neutral
80.69784170331484,0.6586278362863865,36.702564809028004,0.6744886437844461,0.6262552508802615,happy
71.41282479848009,0.5057810395210717,36.50682567314898,0.10545945356502168,0.3150933777705974,neutral
71.93385720335452,0.4423619717435494,36.47357810032525,-0.6195541872272508,0.16649925648189803,sad
73.23361676131479,0.3144942747657651,36.45300145384701,-0.5828165934386221,0.3174347970323163,sad
71.29829678539235,0.3575783239560846,36.28021233900052,-0.47833258660062516,0.3825542482265343,sad
65.75218935456468,0.31419027431933366,36.43827245082232,-0.5639565209622235,0.31256847057458514,sad
71.01303579167143,0.5400736622190702,36.75965404649935,0.18130533468834742,0.3960959698021094,neutral
100.85466379983342,0.7822362544665109,37.17302260449622,-0.470354263605893,0.9776828345070813,angry
76.94535597508707,0.4689469213655836,36.93484744388142,-0.013694030679793467,0.34502692531633633,neutral
96.06705087813955,0.5295267012059236,36.70351675190381,0.9140724082893108,0.6641142842612636,happy
78.54029207186167,0.5896532069378646,36.75205953529414,0.6539733371841258,0.7387112910433414,happy
80.87400933923337,0.5755280561824068,36.66573908089101,0.7737783804879514,0.5677059002861676,happy
82.82125082047583,0.6818843733743173,37.062444262217575,0.9468844410061459,0.6674203900667106,happy
80.72881132896802,0.9225318708647426,37.17007282299148,-0.7342769916758938,0.939234676022893,angry
82.20898398365202,0.7054747296155128,36.8485276022181,0.6984219368123721,0.5904653001841421,happy
72.74920136117495,0.3176672183202853,36.17530565619592,-0.49154746742400657,0.21594392499623757,sad
89.33444790154603,0.7845587028515835,37.24355104526782,-0.6750883934569416,0.7253392494558623,angry
83.02349447435051,0.6625252210256712,36.886106789677484,0.8358915301863521,0.8149529701663223,happy
71.78256460143194,0.3213569513464278,36.54411877857527,-0.9498319185810842,0.27558869211467807,sad
87.35886712121334,0.9760545517780235,37.27555107848065,-0.31105407104477034,0.9421480234876554,angry
77.33184262744939,0.6246682210680189,37.14291342783062,0.7732710448018609,0.553155395681947,happy
68.84922448802192,0.3565761365039078,36.3649240631358,-0.8485765140871175,0.11756242658502339,sad
83.86871765260113,0.6069459784339348,37.03057066778383,0.7108242901671,0.5858857478079249,happy
70.40718480973449,0.369647703158672,36.51195569895732,-0.8545122211626295,0.256974122571994,sad
68.6986750464921,0.21512605484585073,36.37952638607793,-0.47099080251143866,0.298223415598172,sad
77.31799891422082,0.5338444102240357,36.678136748552795,0.19656021662085427,0.30533196522228323,neutral
95.50620555734888,0.7329168227972405,37.027339627385345,0.6033167232606582,0.5519233844660576,happy
90.21504019157828,0.8197901742722156,36.94129021892777,-0.6893616223138834,0.8139563886287356,angry
76.82316270148999,0.49162574928162606,37.04181570230706,0.10866088016756337,0.34780254872190286,neutral
87.96428655416948,0.658472371495192,36.858869617629324,0.915088314918442,0.7297066758403592,happy
99.81023484400345,0.9137413033994949,36.87461796309743,-0.7644008527572339,0.9485194358495445,angry
86.46795056979734,0.47379387363587655,36.96216254720999,0.9719369974534825,0.7975532443770008,happy
65.06851118995657,0.3048650798826217,36.39100736963503,-0.5206138659765649,0.38535454325491136,sad
70.49730858519956,0.4806473486883136,36.64192340166984,0.00729075738995108,0.3095371446058288,neutral
79.28955516930952,0.5047117539196992,36.51995589523017,-0.13705672989818596,0.3402357436708542,neutral
66.20686667478672,0.35205108781217315,36.75663169031672,-0.644256795156842,0.3282143883608993,sad
86.41190917541383,0.9351197957262279,36.87662693727298,-0.6589504190641748,0.8898057902297523,angry
67.49929844739,0.2945346233751002,36.04382367198394,-0.4988576099055694,0.2540177206377031,sad
82.83257358613389,0.6594585040085142,36.76998185957731,0.70632821628905,0.5374062729877493,happy
77.73901069834349,0.4797187017696897,37.06420395465104,-0.016008674595493655,0.33396100824766395,neutral
75.45234407600898,0.5524439953293188,36.628426243849354,0.14741766699662512,0.21921054391791087,neutral
83.8668476206184,0.5897483408068828,37.17084218504902,0.6489217265174895,0.5867336870771962,happy
102.24301720817398,0.9605165097019147,36.83822670812574,-0.4021507954274005,0.8437504635244399,angry
71.29086185760406,0.4118538973249415,36.531824094833766,-0.7843170542263951,0.15382983164064465,sad
83.21543502836703,0.47660434429332116,36.87184298312976,0.9695957649594845,0.6055833872988166,happy
95.55213868682611,0.810702046830631,37.268626258288705,-0.7329584289009765,0.7579216821390193,angry
86.49074850258563,0.7845997360084627,37.3361579422787,-0.3314379710733066,0.7615955872699851,angry
102.22907656801735,0.8591988294701821,36.479621865503645,-0.35369233295548425,0.9606272294815168,angry
82.27347310169571,0.658584682391973,36.71195075009587,0.6992241078051857,0.515468017607524,happy
59.92104721379792,0.22569167161393217,36.62401132757996,-0.5782474011628193,0.35544130416606323,sad
77.73467113655667,0.4986997371001061,37.0104757131617,-0.17202585424379407,0.38575448511677624,neutral
64.02547885751035,0.35845834374142654,36.51977992194415,-0.46122979397077324,0.1503091968736881,sad
69.61679358231729,0.4762023711245576,36.820201374860204,-0.02568065005826839,0.3420564568981136,neutral
75.90331579795121,0.42392789539672576,37.052680809183705,-0.13520682922807029,0.23560590592107275,neutral
74.88696995849375,0.3491513745542759,36.34936856492998,-0.7155099565201983,0.2025670351186113,sad
95.3647074866296,0.6157023133269225,36.753108901839035,0.6928024805127229,0.6596204874684617,happy
75.70251085072907,0.42184806929662433,36.54103858731658,-0.17886465001778107,0.2730693064288455,neutral
83.38789656548525,0.638623042472662,36.96704366924347,0.8904665678796639,0.792344329217828,happy
74.29428555645339,0.36522312621811875,36.27599314660556,-0.8630289627283579,0.13602097326640888,sad
76.57435956792388,0.4905553811865293,36.69901970461391,0.0598723351781536,0.2844243114100364,neutral
76.0993969539931,0.4343535377749467,37.058352670002535,-0.13014711860159225,0.3284714701572381,neutral
65.28420943073057,0.23392573289612106,36.39484612882455,-0.5176741737134805,0.1961468911796087,sad
69.02950353400173,0.40261207054719583,36.271066203417575,-0.4316633191234063,0.38553440310951015,sad
84.41870137936709,0.6548721451546746,36.94024259417196,0.9619980903889299,0.5715034013884257,happy
87.39293663401001,0.558256972053643,36.518690527572396,0.9535385198948986,0.8605554462142293,happy
85.08223465090818,0.6768558516706753,36.72437273638292,0.9911245956552779,0.5445848558334068,happy
64.89997283530516,0.41157956035996507,36.62993831872866,0.024260983456390994,0.3486999728568193,neutral
99.62192104271487,0.8525686596665021,37.37010976620886,-0.7708782736142644,0.8690166791790493,angry
76.00591256311857,0.4623128923452457,36.463436112409966,-0.865784714000762,0.291746603695087,sad
87.8622317528722,0.8640433795068119,37.3188762624611,-0.7383517668143762,0.8401937134465204,angry
99.34430511009268,0.968761400304153,37.15277930943022,-0.7602414077376871,0.7059978058651576,angry
73.87005504970591,0.6121215578730469,36.65448413612963,-0.19880794768706764,0.25064466150267795,neutral
73.15073730899022,0.26950860766202367,36.544375164981126,-0.5233593940648331,0.23628009950966777,sad
62.7283345798482,0.45859966047471457,36.32925899154888,-0.9666516193095538,0.3150996574249357,sad
99.77357449551425,0.7838887641333276,36.87454473371813,-0.5213568364999164,0.7200328414637449,angry
75.42939802072439,0.5431890951583429,36.40391121499546,-0.03594011204454409,0.229083230018523,neutral
86.1765435629651,0.8630170603833438,37.2816109832948,-0.3720621100403699,0.731995815228379,angry
87.75936852593124,0.7623983075474591,36.72493528648179,0.8960022154436182,0.7040852809457242,happy
74.0294497381906,0.5701653792468995,36.70820326068203,-0.042078719998133535,0.30370948620880256,neutral
80.03564816712559,0.7123234720487449,36.932883637425014,0.9120535396780368,0.8145268578797049,happy
91.95617365207895,0.7482004622677276,37.078503159961535,-0.3148302936375745,0.8925192122773031,angry
81.18537573891776,0.528807279478658,36.80020425138882,0.6381613736820634,0.8567353829379131,happy
70.50289701224833,0.47054020183067374,36.78206601730912,0.023240950749140454,0.3685280624429736,neutral
88.49604754232024,0.7288085200738962,37.19614171348552,-0.7928148970366256,0.7062584417912227,angry
67.76997537704126,0.2973675655005297,36.45023553846095,-0.4675104897590968,0.3967265019568319,sad
56.03793952773589,0.3097866039275291,36.433008127307545,-0.4908482864799967,0.26410558443301063,sad
77.39950168240011,0.4945864140653828,36.97097367552105,0.061671743613623986,0.23594133317711738,neutral
92.11324347928667,0.8288344773916545,36.44253229118522,-0.716313574229932,0.8357410151243028,angry
52.819109465202985,0.2664038113302201,36.54118826995038,-0.4470571160940603,0.23707520509952143,sad
75.10197247397339,0.32929973824307973,36.21506155389529,-0.45446564227021957,0.3733924489487713,sad
65.39584620346199,0.400671036066919,36.60759044632523,-0.40377968596707703,0.24096181709090228,sad
102.48725945591133,0.8393954144287932,36.91625816283082,-0.40468633030846146,0.9414656493974586,angry
91.67202339198806,0.8990376897575633,37.39029442526491,-0.4308670382938665,0.8972894806343121,angry
62.78947212122569,0.4380314017312246,36.23191304746606,-0.919956111233072,0.19774536373170498,sad
60.04874047877761,0.27746452725920123,36.52532315984637,-0.9391261167135793,0.17870240969112125,sad
91.46172255682146,0.7350854763516156,36.68924184053149,0.927150062874051,0.5981448223945743,happy
68.61637858358112,0.2948513297437139,36.273683595628476,-0.6801271123021512,0.30389273922139765,sad
83.00266655282837,0.6273486250103278,37.000378877972125,0.781292866039971,0.7556069715707052,happy
67.23402759253027,0.3689407407115427,36.41762203226271,-0.679386308259845,0.35985043353761925,sad
59.89414831348252,0.4364523628096315,36.714393597077525,-0.442874941943571,0.18593944514350658,sad
77.19556192846268,0.5141554818371267,36.802957074043256,0.09275094198859046,0.28783618929988414,neutral
71.75025729652282,0.49367369752356755,36.8549829109828,0.1938789557886198,0.24313216268073057,neutral
79.92822429595641,0.44676726823234636,36.63318252434926,-0.5428459709661112,0.3283024384997124,sad
70.42110579509516,0.378800172500642,36.7621746467189,-0.77981417596213,0.11331670036207538,sad
83.37597785976686,0.7000836268863573,36.93336445857347,0.7603204923448093,0.6326022393701014,happy
96.8735162477745,0.9197364104849102,37.147570727480606,-0.5634133709893232,0.9572170508761544,angry
110.281733915415,0.8796186534677299,37.61961934904345,-0.34621571888818053,0.9979794904435816,angry
70.52617357253044,0.31143369292213186,36.24760455365867,-0.4023082574796123,0.10138016371776533,sad
71.07104847078546,0.3457303169693506,36.684292076545354,-0.7298131172061184,0.3027805491555911,sad
59.83851039328166,0.34820493511999456,36.46905410192246,-0.4915899831141469,0.1905940680861809,sad
75.51750378855705,0.481598457159071,36.56169440094467,-0.09077028265258119,0.24031621724800709,neutral
71.31550242898795,0.3334910712614906,36.608401398872054,-0.45165005266238023,0.20279061748845134,sad
58.7344365110643,0.38567240754573645,36.05862401813997,-0.6508432570115672,0.3813937363940999,sad
89.16311530731602,0.846980656303312,37.19648918406466,-0.3311815148417097,0.9743090560734284,angry
71.009994762512,0.3328300810576986,36.43703059256763,-0.48372675034240775,0.3765228251054601,sad
72.05194055383099,0.6016236830568664,36.48567016926632,-0.16497087309350797,0.29906033073792204,neutral
85.00285637612568,0.6515659642907724,36.46492381808481,0.6590708951354303,0.6213298561122393,happy
80.22649778807903,0.6259853822822687,36.72698142326763,-0.19766335995139592,0.21911507470770614,neutral
64.93049768745169,0.32259386152066993,36.41778506610272,-0.7280130781436259,0.21669149239247604,sad
84.2950211773626,0.7508419924455573,37.065828296111675,0.7724947965562429,0.5079728668478878,happy
94.77992681941456,0.8434413889824754,37.52927066403579,-0.6371693372537016,0.7583620796973229,angry
93.70127557450712,0.9585873196573027,37.0575266995831,-0.38771206483527776,0.9277808258990176,angry
67.28671523929636,0.3837132423689573,36.43933750571398,-0.6473760382905593,0.29064679098198093,sad
85.94899304776352,0.9014970983746098,37.64381671971997,-0.7246907199433814,0.8383607416396408,angry
93.02892734696147,0.8545457895170968,37.37101606175178,-0.3875565371590614,0.87682624186213,angry
96.33020155853947,0.8123963851876105,37.18012660314966,-0.5634495692549546,0.7858669303077142,angry
87.8532145184223,0.7142292849995339,36.93953384470321,0.7641242379851446,0.5043570137961303,happy
86.98743406612512,0.7372101356831842,36.79540457990737,0.8112285646947219,0.6608469542591829,happy
100.5950623494412,0.8401969236340203,36.93154216724746,-0.5104016932961504,0.9729803343825362,angry
69.84254856238648,0.4256117455332799,36.3926117627065,-0.5831905495388172,0.39638571046196946,sad
93.80936918537483,0.658287766331007,36.70065413782951,0.8518641264511337,0.7290842115220428,happy
70.08189734749969,0.2937560847304376,36.26315828503518,-0.8341057625890728,0.11503162795149156,sad
68.73881786637557,0.4223754640051136,36.69686305006581,-0.06462651030762925,0.32509393688106436,neutral
93.7178140362196,0.6442640262325718,37.287476848235876,0.9107657197018025,0.7949905887595955,happy
62.508779829690894,0.35913857506468455,36.38829408552469,-0.914127691323764,0.3134837208543313,sad
89.26253645584018,0.6296970818631376,36.607593438181986,0.997438946284684,0.6954252204661517,happy
87.03775851147608,0.8313770043906528,36.94951580945274,-0.5455521164668636,0.7367259998189069,angry
87.94396826263059,0.8903405795587321,37.02120198501914,-0.6366221623339925,0.8699940155062501,angry
69.63866717653143,0.48447749967704784,36.74626521886864,-0.01654373472065701,0.30994846337878207,neutral
102.35294277964418,0.8169561208932139,37.43033121534499,-0.3892457415509541,0.8526023896269814,angry
78.61947357202558,0.33535948853092246,36.31235289039278,-0.4499312651313333,0.1972816464791839,sad
73.64373077972337,0.3570779633447897,36.54063126328392,-0.49570626603478907,0.15507133079594415,sad
95.21639717662453,0.9995425029589929,36.856323554451805,-0.5585267832132785,0.8713820857614896,angry
112.86502970408665,0.7887457105612606,36.905908994634366,-0.45660551582080755,0.9578072435549356,angry
67.22469761749983,0.33811290962823665,36.54511975027724,-0.9628850909649296,0.11528007395672014,sad
80.83110232673728,0.570419017285591,37.04943731802502,0.8803971575956595,0.6389753452993867,happy
85.62881290613029,0.5844900122361777,36.807627156366046,0.9052071950490557,0.8381683356586036,happy
90.44579572300886,0.5657812785775849,36.86657462795216,0.8132884009232526,0.5659103547308473,happy
87.96564829603915,0.7977503999208467,37.056563867380696,-0.32047666413287706,0.9878388384967788,angry
79.20521989637594,0.8978539682392453,37.4247953131573,-0.6459873240990314,0.8158608773637643,angry
79.51460091541433,0.37768114600043823,36.74217901130693,-0.14052663402048765,0.2766657550785968,neutral
66.71563096204828,0.32375946828315194,36.133445845014045,-0.6904095482743822,0.252028857185233,sad
105.83885819107384,0.8978945357322943,36.90451088881159,-0.7661480349109375,0.7112858432654663,angry
102.23086239928074,0.9609424525828169,36.92931428879894,-0.3581320219319727,0.9300410995620872,angry
95.25281132640715,1.0536500156623227,36.85530051834915,-0.6404788785449216,0.8122190552155216,angry
76.32854534273395,0.4966285501828625,36.550771259292326,-0.18142653784358084,0.25885008161769224,neutral
80.6904900413768,0.5981761238318521,36.686090311506184,0.7620336529616653,0.7836486431355445,happy
80.32736064089619,0.5164004858991703,36.76790598965273,-0.07120244146929405,0.259743037424923,neutral
97.51801360728862,0.7458203763523447,36.690417972272456,-0.7656368600616856,0.8197601552354814,angry
77.8790806912675,0.5427647106601157,36.966749809725506,-0.12877382467010717,0.3582289931084144,neutral
75.59615368960368,0.4690146475066083,36.61866464840624,-0.017836754407485278,0.33974561371186995,neutral
79.288701052687,0.4861894809399837,36.98230934109849,0.089830023100955,0.313729927235801,neutral
69.94615897570336,0.4782618211748928,36.48234598810533,-0.18420748209064608,0.2550080528625034,neutral
110.19179701937512,0.8237571756144901,37.29960920697091,-0.7374841921956887,0.880008220803739,angry
114.34320270669917,0.7752770573955482,36.99418474726596,-0.3054072357362049,0.9700315275521182,angry
87.46456788772747,0.7638982636511831,37.12146233386815,0.8312826661192073,0.8952222874496436,happy
85.05579175737185,0.8403735429779973,37.15837998916958,-0.7135275790645634,0.7022204018488445,angry
91.95462401565439,0.7523587238329253,36.89820310766596,-0.7115913211101037,0.8634174629967353,angry
74.99583915039673,0.4777689686113132,36.56583751803096,-0.10397508920503351,0.3664212970288704,neutral
95.0589712948636,0.6777592449084703,37.17177515935032,-0.6731619242024349,0.7730063559754846,angry
65.46836142281029,0.38124794857674554,36.36538569002449,-0.4869412536261086,0.12340859928567041,sad
64.86611666293108,0.3837012355414906,36.04743675556475,-0.7542631838239338,0.18468132017473016,sad
67.0318328099981,0.33000581056529743,36.453195863621765,-0.605978066240088,0.2416427011421159,sad
100.55008783110874,0.8953172387287627,37.168634046895825,-0.3570878544766883,0.9364982186863532,angry
81.37248365963008,0.7702650311771732,36.57610340368406,-0.48706008350067753,0.920244219129428,angry
77.16002388419875,0.8037983614373825,36.74134921706389,0.6958419291678183,0.673757957550942,happy
84.23220758629374,0.6810408592118057,37.03935635260434,-0.5418631886104545,0.7874656875758872,angry
91.48631229193298,0.6513144406371563,36.9545586772572,0.7155907984992128,0.7630709735170522,happy
81.19121253166172,0.793096008276024,37.11514515595977,-0.35496552084274813,0.8395893649849752,angry
67.7878067149765,0.2952113033445026,36.51114034790792,-0.786278241694174,0.17903302224626227,sad
89.20830585827086,0.6660100678013307,36.80319562949058,0.9438181555137115,0.689718600996046,happy
62.16732975492485,0.2530600045309211,36.172911161132575,-0.8612081194570907,0.2907269003102558,sad
62.00531409716853,0.3847321059074326,36.412138220626645,-0.4558732147617188,0.357727940262096,sad
97.86167261890745,0.6962991193799892,36.96597641439545,-0.7613406035710962,0.8368203191191896,angry
70.52163599214641,0.5581014801113476,36.83271211920367,-0.16431151552472587,0.24569200901982824,neutral
64.96264620899116,0.27993729929001154,36.08191394829614,-0.47553936219006043,0.28553304158010306,sad
72.2949685731655,0.4063566052583009,36.82618368696195,-0.041510903946969796,0.22656522088844308,neutral
87.4488334932804,0.8259409072373308,37.031606614122246,-0.5894574328306901,0.7149154877463907,angry
88.0207053062656,0.9113791537857378,37.20833745293112,-0.7048866517917936,0.9991177600591681,angry
66.22959378946163,0.2797161596147999,36.09270805929077,-0.8830243023798937,0.2536669172342617,sad
66.41653333137863,0.41721745417129497,36.59732675401525,-0.691764084734023,0.18186143522056347,sad
70.74109042762773,0.35310291323526977,36.52964930867348,-0.9619304178039773,0.3079263276308719,sad
101.93209385856403,0.8699226709235625,36.709440348062,-0.5541454652820219,0.9152431503076238,angry
72.56425318061684,0.5002264645525779,36.839477495742386,0.18697057283320556,0.21778449177734752,neutral
77.4698592820286,0.558813017116149,36.87508841087387,-0.19147117060771493,0.23100687227956035,neutral
68.88897364715768,0.3634419861779224,36.347875373772354,-0.9208576367015194,0.11057333472104691,sad
89.49039580385814,0.6645073097235445,36.87618924549595,0.7714704463248303,0.6345790347971965,happy
79.95818539125789,0.6369119941027903,36.6190469556666,0.7061159510995672,0.6806112859516348,happy
99.74848996933943,0.8344232879811904,37.45738892825163,-0.34343671262148273,0.8679501174698913,angry
76.0822221101569,0.3257244074350282,36.425974133453025,-0.6353333725678614,0.21233084720470433,sad
59.453709045451276,0.37287798537567884,36.36599954168927,-0.8695323925515357,0.36954829152446234,sad
86.28645288254529,0.8916448636675096,37.09012086444211,-0.6509422233029483,0.7669459753125222,angry
74.21443304054637,0.5376371554612546,36.60315807643675,-0.18073218274542757,0.35633558426028833,neutral
98.59734150676083,0.7596057854863942,37.18039255816317,-0.48271660032750296,0.8290493357543498,angry
84.18068710794725,0.6718525910316275,36.750751598242914,0.7700186375210583,0.5503591545628654,happy
95.38785375530325,1.0033807627603257,37.46597519654358,-0.4123943413829144,0.8845934221682318,angry
84.72545435021867,0.7040513657539584,37.09079676196126,0.7311993393484159,0.7101316529072825,happy
74.29119707726662,0.46721973465769395,36.598975842924084,0.037108287897208936,0.35226198309047585,neutral
84.79760789933344,0.5400683423804316,36.789311996639896,0.8259263127967884,0.8219249843912952,happy
90.70407291106567,0.5900724643140499,36.91801669550802,0.9580552103846065,0.8158545010589612,happy
77.41591076913687,0.45843223491324464,36.9434481835065,0.12342216512170451,0.3919325122764894,neutral
93.5119383200649,0.861987124305175,37.2691424820974,-0.37144202884131644,0.9588339733907502,angry
98.1158929025229,0.8102477790462542,37.34599276193752,-0.39613486020873584,0.8061922366148995,angry
88.61079313296858,0.8810534426747154,37.612599162777876,-0.7726634640112228,0.9858239802977615,angry
97.9330322029253,0.9294909043146529,37.13178048626725,-0.43591294905224726,0.9098225605920606,angry
76.93544240080337,0.5189262431789277,36.82595393612744,-0.10017904311395198,0.3776852284375714,neutral
85.57988689952435,0.8331321782271535,36.772847911794244,-0.3977798391047869,0.7917757329220753,angry
97.5583991347492,0.7492797818425478,37.089598126157405,-0.46559970048329946,0.9052360812117637,angry
68.4283671088266,0.24221945693707989,36.522429750873215,-0.5597207458535436,0.15799218363518308,sad
65.28912538562543,0.3655104068122581,36.37523693148088,-0.6126119246447603,0.23663489339204208,sad
80.29049511890032,0.7123797808116861,36.872194825857925,0.714287842893682,0.6347477667383459,happy
71.37992587097483,0.4180147496474955,36.222805983505175,-0.6531448967387892,0.3885536213580504,sad
60.29218773340012,0.3182395736729099,36.40409672989911,-0.5984448742062602,0.3694663091381445,sad
85.04463975194659,0.8621307823526538,36.86435614200225,-0.6349645997754227,0.8289555934869555,angry
83.38771616878027,0.6441872634792793,37.068648535640506,0.8169863318221389,0.6611499941051283,happy
99.72266188380979,0.8430644677131698,37.11041785553484,-0.5598292118888866,0.7444657329410549,angry
95.81168325336003,0.9023712581964461,37.084532005545995,-0.38258645099572997,0.8616851532523957,angry
80.60242424535105,0.5896160665496223,36.98113980239536,-0.17513922914697302,0.28046226423483245,neutral
81.09632053568625,0.7219063407944003,37.18410751120422,0.7493544418189367,0.8100149706172777,happy
57.9881807061257,0.40434578088945,36.21376842996868,-0.6692869842753113,0.24320845808820862,sad
80.41134973955975,0.8338680395890582,37.13242454197301,-0.7436037167866099,0.7468360264530085,angry
63.57942912424535,0.34275252747887097,36.37961512460552,-0.6808173897613647,0.32404795184472823,sad
71.55636567471299,0.42993858641648125,36.89572470007143,0.12648566181240534,0.25277197711139265,neutral
69.43343839927324,0.3085897147170351,36.46306192535412,-0.9444181787873164,0.29800389826253815,sad
76.75100352334472,0.5779473765916072,36.52630940609464,-0.1991017166089379,0.20963727489497747,neutral
69.03512227882007,0.35867974082223625,36.310337344991254,-0.8554086462722232,0.19457537290792154,sad
85.54896040384932,0.6672427918466735,36.943114231105355,0.6144164301060803,0.8916216029067171,happy
74.56077013131069,0.5702527792801446,36.974139197781,0.11674074510205223,0.25742079333762213,neutral
77.3610380614906,0.5737345468139401,36.84542391915282,0.1484325023472498,0.2852494221912986,neutral
83.93238870754834,0.6242923217612648,36.81974191280573,0.9913736895956158,0.7869043405906524,happy
99.77819391883402,0.9005612670757825,36.62123859672251,-0.42132211464747377,0.9379894827563462,angry
82.21129218256712,0.6234076153918692,36.9231721517684,0.6275762449116881,0.7854108130818389,happy
79.56745859203059,0.7138726298128896,36.84897194308113,0.8220722398574574,0.8311048654606534,happy
87.60825890489247,0.6918069463526317,37.23067802329213,0.692011531951624,0.5061502496177988,happy
93.85837695505448,0.776012788347443,37.03696121971055,-0.6690060349034648,0.7082809532719044,angry
92.27020022451384,0.6879108052399588,36.93524254112772,0.9929193745281677,0.8787541777498468,happy
99.30355682828292,0.8786503135645716,36.997630982367525,-0.6911873437252335,0.8315407405884785,angry
85.29591916649146,0.5704678034432142,36.86093180070828,0.9606653658707032,0.8222796741341127,happy
73.53145210387486,0.45323540925402483,37.05597218741986,0.10926389991506269,0.22715354111234853,neutral
83.59795040292919,0.7301713060176426,36.96522233482459,-0.4207949047864688,0.7897818678232092,angry
99.2156740159304,0.7953824840344024,37.15723990769528,-0.7722135455756494,0.734567746392879,angry
72.53834300956096,0.5087073879002895,36.6813841981297,0.12194356618628638,0.34617881081733903,neutral
65.37398532669711,0.36862477744155947,36.133821860289316,-0.8847416979440776,0.1299070109722114,sad
84.03825906767057,0.5819317382272565,37.32672912093638,0.6634620679852375,0.7127428437428658,happy
82.33190338673288,0.7038780720493409,37.33247979793803,0.9614174370140856,0.8643975203718968,happy
65.97882036211846,0.336446949594869,36.67181083124958,-0.9117484046377679,0.13008909007836678,sad
74.30184850504332,0.34040891695459596,36.28536795599413,-0.5589033265919467,0.26536321274098196,sad
81.18177848943274,0.4331865181724323,37.02519559200128,-0.19610964994752225,0.3347778797892762,neutral
86.48740171813583,0.692476284089585,37.089263503312544,0.8808410319143507,0.584133480915706,happy
87.98028104523053,0.5794145786915224,37.19204563594779,0.9503143123838818,0.837205741937985,happy
93.54412484523642,0.937856618112881,37.24523506351866,-0.5286276783218558,0.9370027048085336,angry
109.71503923712162,0.7896540289162874,36.7688035224002,-0.37026711101471727,0.9816364792639227,angry
85.11683650292798,0.7912820433014119,37.13057419097791,0.9804149568292095,0.724133449894577,happy
76.11622178984325,0.4837983294577414,36.62687773620119,0.10704764913063863,0.24455317528339,neutral
90.84757245546568,0.8337684311990784,36.83344206494933,-0.6754516740597243,0.9067545276829726,angry
103.92943322079175,0.8690867350344483,37.3607163523899,-0.6169997261247397,0.8957888908225671,angry
75.49951063383027,0.520398877245928,36.93641974893306,-0.09150510745754566,0.32596877933491614,neutral
71.8917451878824,0.5553991255526822,36.59685250544732,0.16916629742128564,0.3894071575674109,neutral
73.18442438642067,0.29847335673828557,36.21743316738009,-0.641723253747388,0.3577506859339461,sad
70.89507554560033,0.453010703631234,36.310436999225644,-0.9855155337265998,0.17495948281581003,sad
67.13810106325774,0.5431323642222631,36.680170914822895,0.09204537516068001,0.3247280539541976,neutral
78.7311103831615,0.5680524501547414,37.10364408584689,0.9181532696490472,0.6608681708169643,happy
94.44094811676965,0.8851063203445212,36.81792254725104,-0.7236512271821758,0.93052036678712,angry
78.59605927932729,0.4704178179868239,36.69855253731009,-0.12302175785550369,0.28489927490543354,neutral
91.30993279685327,1.0495495766042584,37.188258831527726,-0.3273384239498552,0.9668381240852191,angry
73.27270287820562,0.4720037081243379,36.467961226216914,0.19192406955574204,0.3966437129592422,neutral
68.26652410010948,0.312922815022572,36.47764891608806,-0.5246467070930915,0.2925877635914894,sad
88.90684534130354,0.9221598702568075,36.99069101446041,-0.7532605395366866,0.7125624096919644,angry
66.47012192859175,0.3425866238857308,36.09071653548516,-0.7178147105605494,0.2680910266243638,sad
61.33917706301958,0.3536343363641031,36.28330240751372,-0.49908790567794903,0.22284053450278585,sad
74.29862690014279,0.5456426055788679,36.877328671926584,0.11104616374341553,0.3072084899931652,neutral
82.56505189146189,0.5739052740945557,36.896795001917276,0.8279637786756957,0.696853596958936,happy
90.4560787731716,0.6740695485072676,37.0446166744777,-0.7212921577871332,0.7345335897496102,angry
67.61782189980842,0.3572005853334713,36.48682840480186,-0.8335258030672337,0.259461039086197,sad
88.34345530724607,0.6143018056797647,37.12722027268928,0.8058103660876842,0.8637056929693286,happy
85.76566375642778,0.6959806244316652,36.850477692711706,0.6617640431369061,0.5227739827749254,happy
71.16073717520644,0.3670369921897022,36.17167006739753,-0.8145377050648215,0.1293724960898495,sad
87.62514876428682,0.7411907429260909,37.097851271151434,-0.566719147428369,0.9509029587357513,angry
78.32679914797549,0.486412704546785,36.74032745880633,0.188368282797917,0.2690065932930126,neutral
79.36379000806092,0.6119917005259592,36.958890919460394,0.8498230010048364,0.5452050501387914,happy
65.92415325918233,0.3102168065935909,36.574953998025784,-0.8830986864446335,0.3193616747636485,sad
76.13603527652862,0.45638629524323016,36.66615805233488,-0.15177239321795397,0.316778742745319,neutral
73.86732116849518,0.5469287683204606,36.58240734068583,0.08047422617676064,0.3501314724943421,neutral
70.32060606813016,0.3975120825858548,36.330859218874586,-0.9824311691391122,0.23192925850853272,sad
84.48696156538038,0.735456181841818,36.910345402272505,0.9931412987048248,0.7129581580805273,happy
75.5351350612304,0.4604294662811209,36.57541903543733,-0.0743914997666438,0.290468970599929,neutral
84.02815950136974,0.5439805474602566,36.58508663437095,0.17343522096648528,0.3193999426201331,neutral
75.90000961260637,0.45842606635492544,36.78580136960328,0.0670791046825886,0.32959286098108187,neutral
86.42832571552545,0.6423829364849196,37.01887972860421,0.9523026458973052,0.8070647825663249,happy
74.82258182362972,0.5803446350241106,36.59094258589812,0.08967121405618128,0.3262996565374576,neutral
68.33118141471812,0.4235082625774941,36.1201580854011,-0.8531564933757495,0.37148295495826356,sad
75.67139248045234,0.5602000565042826,36.60860119228871,0.017088946775301928,0.2019601053867942,neutral
75.3173630510634,0.5168999060347967,36.75467668671411,0.10491972819276629,0.24463859194403675,neutral
77.79912965243062,0.8601908079861598,36.772060363881174,-0.7782052113413941,0.8497550573365266,angry
75.18604737950209,0.473030419950111,36.384691715170774,0.055105088018895076,0.23272449857115643,neutral
73.77424341871544,0.5181092161052347,36.5950214868727,0.07630266247293543,0.3219754254616212,neutral
75.66478477686974,0.6259614089612436,36.92223005566976,0.8995306560514924,0.6333610128805653,happy
74.72235539337342,0.5277448963503932,36.53861473610195,0.08308866400869014,0.24013000309553525,neutral
93.66660757767393,0.8675650589733666,37.20754318499466,-0.4894528222065252,0.9424551287597968,angry
81.82368597535496,0.9046450065206612,37.19863090129047,-0.70870062523573,0.9059237031223495,angry
89.84237211583634,0.7026568985461834,36.62540568368828,0.9115690623245569,0.7681971581116153,happy
92.14640122075767,0.935449063080231,37.32794998660269,-0.5696504934417488,0.9030656550269731,angry
69.87087142291129,0.3751716812985376,36.784867237443876,-0.937552437475145,0.11196555444589962,sad
72.7262905796026,0.4248001584777763,36.34126149485887,-0.7795638044622808,0.1487515468177547,sad
77.59853743012414,0.47206076642856454,36.34215305398073,-0.09091215605670314,0.3800348041798705,neutral
78.8676133269718,0.8519661713818515,37.38177145638806,-0.3326895798230461,0.9494759457018485,angry
65.84379518360451,0.4824445007595133,36.176438434894315,-0.5953399165507176,0.11958618736417309,sad
69.61446301246897,0.5063127936356966,36.57742840106512,-0.05100638699835655,0.2773385076011112,neutral
69.22234485307345,0.5209310730777045,36.74160017863912,0.018019358540455638,0.33435957931521243,neutral
90.17822362099245,0.8581763607536363,36.86459379928825,-0.6490843510627582,0.8982423828782585,angry
84.6986835970807,0.6142846228289761,37.27582704628628,0.7409613192803788,0.8283605353272875,happy
66.16141735309394,0.36715242653470215,36.49322942609899,-0.5794559895223275,0.1418393963797105,sad
69.59125252800787,0.4602814750064483,36.65336982737927,0.0014965821069426455,0.2539009347579587,neutral
61.28558722292297,0.39686645362170414,36.32306167503855,-0.983608293014954,0.10097437847845267,sad
74.45743467273937,0.521844266231771,36.80776891256354,0.156075570976758,0.39135827458461625,neutral
88.70598504636126,0.8094962121169199,36.85712221360464,0.6414721161484117,0.7078428381889385,happy
82.92939164992339,0.5995888185840159,36.768044888090984,0.9414417624053473,0.7812064490149693,happy
74.04109542563981,0.484205949757531,36.67149055242772,-0.05138120199872992,0.3962579319840104,neutral
82.44587309486826,0.6231580784725237,36.78761498174947,0.6593513164805905,0.5627269337684446,happy
70.40390462770675,0.4824196285859066,36.74845163132406,-0.10806440168052185,0.2016928843234619,neutral
64.72525148098184,0.36022160549356647,36.068845987909526,-0.9428740281092826,0.37246974885035067,sad
77.63594396711434,0.5683014913638994,36.30873603578509,0.02355244564086237,0.2238146851965482,neutral
66.76754745406912,0.352757213179359,36.37956024867526,-0.7327085246477256,0.2550024645830592,sad
85.11651118890133,0.7222036625336702,37.08151690868577,-0.48859993076134517,0.7346242717273953,angry
75.41423529061343,0.7967191103328155,36.952476192572014,0.7495179560163648,0.7804983637938752,happy
66.45170160672703,0.36688107652519303,36.39466377323232,-0.7262463393148161,0.13373520197005997,sad
68.51635194396317,0.4055551949661664,36.24460585360734,-0.5796266411683317,0.10358867888762305,sad
76.08390359923013,0.4639815572551673,36.41142924918653,-0.09270292273437684,0.36411194619764053,neutral
72.53555143978821,0.5962735057510204,36.8344161681203,0.05943615186517931,0.35960336705011525,neutral
82.87594581826514,0.644866619844432,36.94837875892768,0.983403307744082,0.5152803179956719,happy
82.32914329326115,0.563558576563576,37.058937409441484,0.9552794283652254,0.8292883911809744,happy
94.20900957325787,0.6591992961623216,37.05472260939887,-0.46623601536842507,0.9924423301750231,angry
83.57294045578155,0.7477294714045004,37.03412997079027,0.9713904526406001,0.7329821329957578,happy
70.44736248022579,0.29536857527859955,36.54425558237488,-0.8443764798854825,0.2128367292766821,sad
68.93292237239662,0.4056358111511579,36.129997740254694,-0.7219893437686783,0.12216505012587778,sad
76.25765666267746,0.3800537269531582,37.114854659484024,0.8298017310005591,0.6148226424476623,happy
74.19465646712534,0.415590023591065,37.01656338316417,-0.1333439248990705,0.3626220536941555,neutral
100.09884945997028,0.8557633148788903,37.305309692420096,-0.6925237749215396,0.974737646964096,angry
74.32947694039382,0.45200747616054787,36.60997535883265,-0.1233403097472023,0.32048891328549167,neutral
93.32908091448748,0.8834145124013798,37.1233412982329,-0.548639345522638,0.7154545677817915,angry
92.82522107273697,0.6070308450390329,36.83872893589124,0.7378459170924543,0.619694678994807,happy
74.30695025085394,0.5469175156512166,36.74189924954566,0.01139280038381879,0.3755638345140143,neutral
68.52233254915156,0.3427366201259187,36.68356843882644,-0.44156474341139285,0.25531392414562526,sad
88.12563382761748,0.918814729617446,37.0712957400879,-0.7482708581475235,0.7839192240422844,angry
79.4714552542671,0.4674750233523709,36.37190633245648,0.008508380071678034,0.33646933067876006,neutral
83.36075526339629,0.5325995785750396,36.69614317699803,0.8549416631473572,0.7142660431733611,happy
100.24751516332327,0.811786052364215,37.13789055562861,-0.5413288931821978,0.8291184375632754,angry
74.16058219875723,0.49394403009386767,36.552476327485316,0.09667895055187126,0.2538729555097098,neutral
67.0795228145629,0.3047291472624819,36.36781301153699,-0.7940099230713372,0.3559529825018809,sad
83.37183383909439,0.6896744228170881,36.79064837039759,0.7475880838142149,0.8942639390232954,happy
87.15721157274733,0.8016899327611089,37.3553205983278,-0.7068464129423266,0.8769985874086246,angry
96.61701125860124,0.9266966275969462,37.13838699410598,-0.6221915848972149,0.7624552076801873,angry
67.88119906558457,0.437488048538751,36.301023153011776,-0.8138802162314973,0.10806891657305712,sad
97.50010249175035,0.8671513318629508,37.3110873968229,-0.7841201056297602,0.889935686585511,angry
80.02461450700558,0.6484465581022827,37.38949599934201,0.8526179085582175,0.8957138229237094,happy
77.67100944063682,0.4843121729745547,36.915238484289745,0.722990374082233,0.8323340581872385,happy
84.85159787854501,0.5567954951469304,36.96549457045032,0.6324762863196086,0.8448289075000461,happy
70.23710004102844,0.3475762911144763,36.21372020019881,-0.43222184773693517,0.26827225842111135,sad
93.3826636113357,0.7309330930961168,37.19630699942568,0.8606193709391742,0.5672984864111982,happy
89.2743028021509,1.00860104509583,37.69807459591744,-0.3779765173160679,0.9846578950533407,angry
62.44720308276988,0.38318978160019557,36.32158823578703,-0.7293768823112108,0.30287048685721146,sad
86.05731761195109,0.5865986402217889,37.23084610365599,0.6456735071951837,0.78759149887076,happy
69.43246973405502,0.37220556953122924,36.526606858061115,-0.6549540313045017,0.13891922581766442,sad
68.98625647040207,0.438278058881363,36.350562926929115,-0.4938257268462156,0.23959215892560443,sad
75.18350592030691,0.4999597320666546,36.534183907432045,0.0023583220580823683,0.22484789477269482,neutral
73.61304303521949,0.5292566019631881,36.49654901995526,-0.03412644567062245,0.2048444676836274,neutral
75.88047678199771,0.428272976550979,36.7961437058854,0.08941477411838605,0.2565265882304262,neutral
88.29509059199847,0.6297775309966167,36.90307751290025,0.7902238219132535,0.634420418500237,happy
77.58431190524671,0.4571392573593255,36.581913580797064,-0.05131775548056414,0.29721474807318055,neutral
95.72547658981317,0.8736035653798919,36.9031710944421,-0.4221162995253539,0.7964649124038136,angry
73.55588151186885,0.30950921806976534,36.6636592230895,-0.8245949048074601,0.19805458555106334,sad
100.34550401463062,0.9730715987550622,37.06865825350062,-0.41593143519256454,0.8492298602899229,angry
92.56517277903005,0.7139497705620459,37.24854876969897,-0.3977460611583867,0.8863580732835661,angry
98.37073477660067,0.7736037351347982,37.180675416828244,-0.604851558811395,0.9120816918765624,angry
90.24926669323321,0.8729560825907521,37.05676521694867,-0.6006474367135508,0.7258518998940944,angry
68.46568831372262,0.40935636262040126,36.17723112451979,-0.8451517231852476,0.3783856764896897,sad
68.49712958961443,0.5149952229545156,36.48709752671708,-0.05861312276117567,0.23012656525743846,neutral
92.38896142963438,0.8555221778792628,36.98047836745065,-0.7147702355266857,0.7421088194158302,angry
81.57396219154128,0.5854183420465722,36.62138887756104,0.6896226652183907,0.8409130797050985,happy
73.25699822127491,0.2530736581530123,36.519266716773096,-0.7169316826524226,0.18378359136954767,sad
82.50536224870876,0.631341517149658,36.93906134797032,0.6825886798144668,0.591067320219772,happy
77.86495592089143,0.38748931720542457,36.258787227203364,-0.6364082378409657,0.16173115658631143,sad
102.97824281880649,0.9142234099620681,37.37966962829858,-0.7145305359322117,0.8687193992604394,angry
100.48644292659289,0.8358141769687969,37.16322319892258,-0.4292900545685001,0.7477191521854549,angry
87.2588954497735,0.5692929170944591,36.73738453240557,0.9623304728747202,0.7780138126189318,happy
91.57107797316809,0.8613984538448071,37.295818888278134,-0.706938877735622,0.7380827594766829,angry
82.81755737342736,0.594013946979514,36.98819155590459,0.6120921166564797,0.5332979125474402,happy
64.29687947955595,0.20619838589767914,36.254294224755704,-0.5316767844162998,0.31394619516789735,sad
79.05658024109749,0.7088146846499263,37.020835496439666,0.8427324171016981,0.7730604805334647,happy
95.80908970568873,0.7196582528310645,36.664204579957904,0.6850853179807186,0.5916616748101715,happy
87.39419609004095,0.6627502439772166,36.90628217961021,0.6327621356951015,0.6516527803806162,happy
80.97235561113713,0.6587593093538774,36.716168268305196,0.7311203874568438,0.588227229454777,happy
68.0163337717985,0.4785487224019879,36.234478678598165,-0.1080014981779013,0.35136895922599687,neutral
76.81038450330189,0.547948222164015,36.428635169889354,0.14219133606412543,0.3159048867827822,neutral
103.21171018182343,0.7854074650797904,37.23877971168265,-0.6050969846545962,0.981405017976781,angry
77.62869510321475,0.45317400770972543,36.81591684435275,-0.18758862303278712,0.37293132154720277,neutral
82.8628136268372,0.7246881850908535,37.313948528021655,-0.30190097520715276,0.7767546546359889,angry
81.16884980085419,0.7941109396950907,36.62852118175238,-0.31897077598618095,0.8096000840642456,angry
94.07395610817686,0.8803861062431395,37.1962435604066,-0.4010048593826266,0.9064923189091129,angry
68.58529164078843,0.3574471398120644,36.3327359256341,-0.5756794762305807,0.20775978869296244,sad
82.37757282435048,0.6516278220124293,36.71978273429618,0.6554763597669219,0.6349362040080393,happy
82.46952011234697,0.7531211130120125,36.57891326673283,0.6839423201938157,0.6666102595358239,happy
61.893247364541686,0.3982976253184614,36.6279922291898,-0.6362838251594025,0.3135088333235425,sad
91.20685149112205,0.7351990944809279,36.59555893901483,0.760924478607599,0.5102217138597518,happy
81.54151733377041,0.5357931800885309,36.664807457486035,0.15860047518958115,0.20014976184297426,neutral
78.11530357775952,0.44250885173462634,36.40156960853734,-0.05163053593640954,0.3944813389420635,neutral
84.36676242365331,0.8489276492642024,37.28689052307424,0.9818172139088055,0.6466489719009492,happy
95.03005361208135,0.8860329567943573,36.96759795010761,-0.4294236633571707,0.7535125005808271,angry
84.2593557684974,0.4878713424850424,36.7493543142917,-0.014370392075272742,0.3285480853345223,neutral
88.75888026533225,0.8112860790581937,37.19836076182085,-0.5372474284246029,0.9572676119088108,angry
70.21602496299874,0.5540615797121385,36.66829845436382,0.04005761537300559,0.3143097549698507,neutral
75.82035372363825,0.4875163516095869,36.66766217839499,-0.16304603720150235,0.3385671468285183,neutral
61.38311058354341,0.3776402901643089,36.58040583126851,-0.9259867771301227,0.2312827306663903,sad
87.41106906171177,0.5972012287095976,36.874643338672264,0.8117463949991044,0.7589387433822814,happy
73.08132970758024,0.48082910648335,36.51380511291134,-0.17615102540875882,0.2567716498288351,neutral
73.05664705879428,0.41281527464713813,36.8419202042803,0.0979219011886216,0.2095582967740243,neutral
73.51216090592924,0.507289395759389,36.71184136815196,-0.14394277125030955,0.2437568742054721,neutral
95.65211566637427,0.7108474027403108,37.45483655805688,-0.39927915266524683,0.8575476876333752,angry
95.59895191308964,0.8326134536332038,36.81484802549506,-0.3572688016230816,0.779833634859977,angry
91.10702013193591,0.684069737122785,36.636580360649006,0.7532416667376929,0.5406707585723968,happy
76.97110221747006,0.4445706664745849,36.63258932251488,0.03458666956267539,0.27861463969296235,neutral
74.52207943643702,0.5532703050897045,36.96176104489004,0.03477822596538069,0.23116779696082368,neutral
71.16373259598271,0.33104884221251984,36.08771736574069,-0.8174248848910963,0.19902123784869763,sad
72.34820764220899,0.5087155501763289,36.65433631479497,-0.021341972276034932,0.26479338656610807,neutral
85.01183532172249,0.8966464813481355,37.23137718018363,-0.30550976649181233,0.7525150403300369,angry
98.84825066655984,0.7038296848340693,37.10522043238037,-0.5778081949562401,0.8103332779346247,angry
75.26331625313064,0.5109800371991952,36.92116845932003,-0.16429781311403083,0.25811912880595733,neutral
73.0413405084273,0.4903227125416206,36.67907067514836,0.04105296014188098,0.3996260231847651,neutral
76.41042553604997,0.5779682716238755,36.87842567305991,-0.12672383961861336,0.28291097717224534,neutral
57.126926961207886,0.3857164951242819,36.58043994116081,-0.6801834970823788,0.36504572270065694,sad
82.76485035847044,0.6607515093357927,36.84902149822255,0.9789169756189067,0.5390750693826005,happy
82.31087205230446,0.6999400318212,37.057525871790986,0.7031236193868772,0.6240903711750637,happy
77.42905446124416,0.2785829621225239,36.58893969274354,-0.8819185924635902,0.3360735800126544,sad
80.96313828013979,0.5494966166074218,37.42667799314566,0.7537122273839021,0.5771795969750425,happy
75.20731345858226,0.4770982554823865,36.928107372539486,-0.039230018276286416,0.21940392629848013,neutral
78.42066629512541,0.3960151482426997,36.39411845535368,0.01702841968152552,0.3964163802150876,neutral
87.47241502881462,0.7481870798572219,36.61422666096732,-0.35384755781579397,0.8317053797287326,angry
75.51276199272529,0.5006564309088851,37.14870407459931,0.16127356596525594,0.38797119177877276,neutral
81.04128500524935,0.899906831002828,37.301933943135005,-0.3143005062150192,0.8526300397869045,angry
90.74365707491852,0.70594419034695,36.97277827243001,0.9977910310830491,0.7072017809429013,happy
76.63699781088104,0.40450956514858416,36.83770328723545,-0.020967002818382235,0.29637213047725885,neutral
78.03135088568288,0.5889698545756349,37.00817368904238,0.7904170587775761,0.6867536886533284,happy
77.04151818752909,0.5225868464945095,36.86756935110335,-0.12819943788359944,0.3525541109075391,neutral
72.74011014251634,0.4178365482714861,36.62707158917657,-0.13733124216660764,0.25748911947811703,neutral
87.66867738778309,0.819177823996856,37.117206617553016,-0.31205434090040063,0.9023832833973292,angry
88.81495946509162,0.8984579968673377,36.86125453338903,-0.5318093571112819,0.8811996786986325,angry
105.32245651579599,0.9309440785921109,36.95966736230027,-0.7252180322540871,0.9766753811005644,angry
68.43450466119913,0.2606516217224514,36.220482199048625,-0.7897546331091769,0.12740048152219247,sad
92.68354774826423,0.9599373047473019,37.28092550847577,-0.4275706336372223,0.7827263468134248,angry
99.61819290126671,0.803676021881509,36.94818444115664,-0.3035185998433844,0.871232505389891,angry
82.2682044082676,0.6526760911004387,36.78966026551111,0.8621355220548886,0.6875282097792927,happy
90.39597302407107,0.8994270575103377,36.614576488126765,-0.6712154837381514,0.7924108824784704,angry
80.27654746176813,0.5255125976438042,36.904801651014516,-0.11436823141749275,0.22255500569401843,neutral
89.8615075763473,0.6998031651168086,36.91854338048777,0.6704343833667045,0.8168085572717698,happy
93.67352572219525,0.7251055057181685,36.82620627046614,-0.5033352987452752,0.975358855226269,angry
61.980298263794225,0.3250867786779375,36.60202614286965,-0.9462203931340428,0.37338465166104184,sad
71.0219665972642,0.5324013855431958,37.12616247832347,0.08618517409763593,0.3644779263150171,neutral
83.64073239245123,0.9901683556948302,36.852113353547686,-0.6137977183872231,0.9086548769042482,angry
89.07616121343248,0.774840933175641,36.89060757057883,0.9834419245198142,0.5287853545127277,happy
81.56751611635005,0.8494516804078807,37.37961735286084,-0.6169232686413617,0.8987313240209008,angry
75.07446185403398,0.5604608609267561,36.429384811073284,0.08266955556764044,0.26553942085112786,neutral
88.10270534860389,0.8885635494092197,36.8382640856199,0.8784306503070554,0.7037097167049734,happy
81.5165443848167,0.6992547329337844,37.035737404489275,0.8716319521880598,0.6899022694853643,happy
101.97831296086622,0.7512283666014508,36.87844039165913,-0.3743638065489477,0.8182343728556382,angry
95.01952087201308,0.8388704420645459,37.10659528721701,-0.7978564492915332,0.9368724844697126,angry
65.87195330632582,0.2753287470059683,36.444411611705355,-0.548211355614282,0.19103829538996037,sad
82.10883491068249,0.6107885123185935,37.052038711059936,0.6038138431205395,0.6566909404605317,happy
78.85238163800828,0.3341546475697149,36.7135300719575,-0.5758425188870889,0.1966583271928862,sad
68.53024837775966,0.4084674364358082,36.23456276177578,-0.48136994472596106,0.12540332125609688,sad
71.98855703544659,0.4722711491091069,36.97674007744589,-0.024015849415115115,0.30699198318676624,neutral
66.90988754262715,0.4884303753770407,36.74732305423662,0.19207499593774824,0.2133532421653518,neutral
71.2233858822253,0.3190511215796452,36.309019866378975,-0.8921106580113858,0.34086326136695044,sad
75.52786222640762,0.5529758495186333,36.66912261011667,0.19239783235324476,0.36125903238149837,neutral
68.09659688862854,0.3789005177577628,36.266539012424616,-0.7914609264424494,0.25916106911402736,sad
67.54360442921806,0.4357349688074291,36.4419981930514,-0.7618809075832681,0.27106858934400235,sad
83.09747341875324,0.6347729431316516,36.699305582271386,0.9947321737224699,0.6141277445152149,happy
64.78856392422671,0.2597879176180901,36.21112897175334,-0.8269558408305189,0.3950658246633324,sad
68.61847847544806,0.3977397399907507,36.31514965707758,-0.9932793307670589,0.2923335329409039,sad
91.57070697627587,0.9145948632023427,37.08029627080753,-0.7085526815261864,0.9405606079613975,angry
79.97540403844184,0.5239538527748726,36.46556539059471,0.19649137843544978,0.3782121674505093,neutral
95.15088326512131,0.8324939818921937,37.043983774301886,-0.7636706564219463,0.8504767140020079,angry
68.16137400561014,0.5128139813645719,36.546154280305586,-0.1616601464925004,0.27462970739059206,neutral
70.44689099534918,0.43229393166135105,36.77949648843063,-0.03811769446063007,0.20976717413606275,neutral
83.10213401623776,0.6402738954394266,37.252994370825284,0.6983325073159884,0.7483553076726991,happy
101.12612256759277,0.8818239650159827,37.40937517563448,-0.4441745948464535,0.7184811012494959,angry
92.3466080302483,0.9808547989089338,37.02723539242815,-0.5083521016949932,0.7525498492452359,angry
88.65981032220915,0.5557278383348947,36.856683574755166,0.8522321130480439,0.5975948028028985,happy
100.54796062402121,0.7061537312045696,36.8552048909306,-0.7711883091579191,0.9791474865629303,angry
71.89781841928,0.3558282413943059,36.43287485156349,-0.7712620006542412,0.1296710578997122,sad
89.01915023405451,0.6502887565601326,36.92338010665926,0.9745234545573163,0.8144999312994912,happy
91.82039153668342,0.8573710552152893,37.17998090000057,-0.5707281677292129,0.9139404260116621,angry
102.21810623790061,0.9458785881907119,37.02677729244925,-0.754698491997321,0.8062509035560771,angry
86.41873240935527,0.427572864330208,36.15777816274176,0.17881427765848512,0.2959526382256497,neutral
70.95943034064987,0.4400948840602788,36.34536181756405,0.11257895145026903,0.20293584701354705,neutral
66.54796943246703,0.3570671164466144,36.38051932248555,-0.5841003173068355,0.16710475807179825,sad
92.38333217878044,0.7620601153946788,37.28137289306576,-0.5438348723652086,0.9734221849414577,angry
95.04252867144389,0.655656922922533,36.59654612053884,0.711915034461883,0.6366279878004365,happy
101.60935435589144,0.6782238565554832,36.90795469216593,-0.3546750542977016,0.8836328228219011,angry
73.8227454245336,0.3303070790386578,36.514794565212696,-0.8467963993723628,0.13121073034904412,sad
74.38997836102298,0.3113917656567674,36.317972747645804,-0.8494960841669713,0.30468472138063313,sad
60.683597002040315,0.3976001188155188,36.60950908691719,-0.5153151606640324,0.3115526245621397,sad
90.88856665808987,0.8043964806066393,36.5723297881029,-0.47345637452181244,0.8945493253507322,angry
95.415140829899,0.795574496224977,36.85153876210676,-0.4297022565563985,0.7165020493131803,angry
83.13234657795377,0.6657427056420424,36.91169541369363,0.6401410855625516,0.6757322011172802,happy
84.31106093349361,0.6995411466745907,36.582634008397974,0.9423024771649442,0.7271661143979617,happy
88.87240303298765,0.8754272766019923,37.23999106006895,-0.7466568078867102,0.716377083115359,angry
65.0149408619024,0.3695568247388215,36.97837904681084,-0.8992667457815465,0.2281664586586912,sad
99.1046675411457,1.0116954879664604,37.04592491788412,-0.5451083171292079,0.9828896487055137,angry
88.2721895535169,0.8668139613962601,36.738864143572634,-0.46090887280459597,0.7944510926550478,angry
81.48923613157037,0.5366429641273419,36.39372991943744,0.08467230786455493,0.36532219327039334,neutral
78.82930693105939,0.5076416140378799,36.622290560147576,0.09081255234717722,0.38866882987107204,neutral
67.50956600916096,0.31579782774799525,36.214623033542765,-0.6112718958926184,0.20755665364085382,sad
92.41460077676815,0.8064942974158893,37.296917538358855,-0.508732094400747,0.9758863902507989,angry
75.58480903504488,0.46999964307726755,36.92143207588713,-0.04515557785905672,0.36323821255186134,neutral
73.23337902158399,0.4910311163934614,36.63648266857938,0.005953898173192279,0.24342833765857097,neutral
62.09403054555885,0.2745575658185252,36.31712265677819,-0.5445272442723855,0.3618191452181049,sad
65.70399483097373,0.3369954354537497,36.06161934577354,-0.7022806715993424,0.15094643731424195,sad
92.47259073958443,0.6243071022742281,36.82519117512106,0.6770390733045837,0.8049068090149789,happy
72.13153022086314,0.5359140323098839,36.54619931604221,0.16968567767459536,0.20814048836400867,neutral
93.89653559708177,0.8337672817133391,37.20330636242151,-0.5818033702850791,0.8051024206349404,angry
96.84274911774136,0.8464830177996743,37.380951605435456,-0.3182202615515607,0.905512152706722,angry
69.28260786499207,0.36363860705022694,36.13298043075645,-0.5542546923707183,0.28991287704271695,sad
72.4051320736792,0.34764868357616063,36.41986658437232,-0.47726962787441507,0.32442331048971274,sad
75.86149121249296,0.558612575649242,36.81395667010688,0.15812610202854577,0.34641241941386824,neutral
64.09886208667493,0.32716045592755466,36.58571970420938,-0.6092411760293026,0.11685410791543337,sad
94.32459992761244,0.9825608587140344,37.12178664843949,-0.5763796458857455,0.8901674169677206,angry
72.18424035014915,0.2532239459253304,36.43484888538365,-0.8349477723692347,0.19820809292840436,sad
76.49323361424628,0.46927353304132335,36.91222635138976,-0.057076212236779916,0.2672012326197625,neutral
97.82190688894426,0.9305762862834589,36.944163349135046,-0.5120305086646817,0.9030397943338394,angry
87.5629370565984,0.7289455420028653,37.16973152751859,0.6235610060847911,0.8271492230015707,happy
83.09421140891496,0.6669538947424791,36.92020596444899,0.6149994641868691,0.7572852012089706,happy
73.21659507239899,0.38772329144675594,36.09863967103294,-0.9771590613100722,0.33135450883546846,sad
93.5663101370304,0.888863835217957,37.07529737182511,-0.7783587552494097,0.7758510493679214,angry
78.00958926694213,0.5674714039332678,37.03282409669358,0.742093212826616,0.890660222263387,happy
88.91440438709913,0.9753595359730075,37.46598542770737,-0.6116427423773808,0.8743028558650531,angry
70.67111984186835,0.41321845620724906,36.77684638330382,-0.09122367887479932,0.30772632950646084,neutral
65.72259954049967,0.36870853474081905,36.56822112822622,-0.6123736122931909,0.24422338785760112,sad
91.05471214831653,0.7582168102451048,36.76015360485245,0.9812016620838881,0.8014234338956504,happy
73.92954878284223,0.5626244400988428,37.020168146662705,0.10347015941306065,0.21256814732409163,neutral
62.68171080958062,0.3922730266487183,36.03907941812216,-0.8559798493754018,0.33921261243105416,sad
82.97816857268296,0.5562875181228186,36.740167434398344,0.7561809661443961,0.6233049233861725,happy
70.71000091957167,0.37347974557023367,36.451452423358106,0.1439996875127203,0.20464534269222356,neutral
76.94995664353556,0.4884510159787167,36.49838513872382,0.006563938469377639,0.33344780603603397,neutral
73.10253905803475,0.3625130868822736,36.212415501479384,-0.40931111011701204,0.18755125703813963,sad
69.98469305172291,0.4801681273935435,37.00367295884773,-0.023743093476151833,0.3500498759319637,neutral
77.35726605958362,0.40406619172386293,36.59922491195941,-0.08665640121504806,0.37216425214803456,neutral
81.9567046741113,0.6945821911611842,36.97491610680091,0.9944147959956191,0.6446307283916256,happy
94.43971546859065,0.6327688122977035,36.8773714926738,0.8083096954554086,0.82664368224043,happy
83.49688407595842,0.6292826356043969,37.1788831340251,0.8450201636795219,0.8325350649922039,happy
84.26492471688307,0.6158170626239806,36.79731781510871,0.9631448348693992,0.8724551636770492,happy
77.55326786730271,0.5415439980280656,36.95583061738077,0.07671461685707515,0.22407334770300222,neutral
83.64975832944504,0.5506099725790519,36.66185811361097,0.7723278752634576,0.7013240123523796,happy
80.70056023631865,0.7566130612393913,37.169448053817554,0.7588392145418106,0.8532731989463325,happy
67.87097238058976,0.47138894208628523,36.314116694798,-0.12517135391977158,0.23598283932213965,neutral
69.66605488117682,0.3002451771040694,36.01933771086219,-0.9330707614868186,0.32075624188027496,sad
95.3663934280326,0.6913139457508282,37.216832782411416,-0.6972051693763783,0.7841432654927344,angry
85.60484368249328,0.8728119226590612,37.14053152328738,-0.7873940838802856,0.7196393454592338,angry
81.31761878465267,0.7091888053019354,37.136454490131904,0.6853147671795724,0.6356280344475785,happy
108.70730730547143,0.9217437088724237,37.0620081264901,-0.649424293271212,0.7115304733090508,angry
71.0079116781039,0.3995193118305676,36.42110014995925,-0.620302412167233,0.31678626249656205,sad
64.57728834401041,0.4259729039919595,36.41488779400867,-0.5371826125669067,0.35835436968910994,sad
70.52268854882902,0.3326673713044147,36.674729514340186,-0.519316775020741,0.18183594120424945,sad
71.91580227395234,0.45531628796110823,36.66885796781891,-0.1058864373587105,0.2896733104788952,neutral
71.5579686793588,0.4982044798180785,36.49408708155457,-0.036604898727426255,0.21962531931737808,neutral
88.71496171654289,0.5925381135389964,36.93420977041519,0.6874696871663764,0.7680690166592945,happy
72.69209622544429,0.4865493335575896,36.570070226804084,0.08361047628000018,0.39167011260027856,neutral
63.998581625192145,0.36642264112464856,36.29435695598361,-0.6855046610507622,0.2787841912988187,sad
99.8075156358548,0.9116953524263791,37.4533432311713,-0.7561326678095541,0.8016246386918326,angry
83.31990502718061,0.5046360491662139,36.70967156073116,-0.04311217859511185,0.29036991336674156,neutral
80.00891874072653,0.6111096263185256,36.80960643036134,0.999654830486604,0.618043787152642,happy
80.73716990598312,0.5595353873723017,36.633635526724376,0.8669972591093904,0.5190887934800997,happy
89.18955084226013,0.9011138417899641,37.15435516060908,-0.5517695607747938,0.9200837208495001,angry
65.84532421499985,0.29537884354506216,36.2719529048768,-0.5433851795991251,0.242921415621508,sad
80.49318481475258,0.5777287387156724,36.44304467285069,0.8806408373880469,0.7096998925367497,happy
63.84395040168273,0.21190276650071518,36.439809153588016,-0.471539760910742,0.2475517313057022,sad
78.48094836693436,0.5738376864924464,36.55567556175413,-0.03569462404369772,0.3004533877704399,neutral
91.11854996606326,0.566075366062817,37.24822982465939,0.9861332256925965,0.7804785878277671,happy
73.38544767129534,0.27049611299377957,36.5377823643594,-0.5983093835151567,0.14247440557391627,sad
87.52657805950774,0.9326801584481624,36.741576219352346,-0.6624753557038032,0.8776177988069402,angry
102.84919114239754,0.8677634838516858,36.852714479979845,-0.3440863679782541,0.9719500829540221,angry
82.92673336100577,0.7124364218450655,36.90042105027463,0.801009565877526,0.8693744581382393,happy
77.54928999084206,0.5566592707036254,36.53449826549514,0.09343231555437526,0.3824404576049865,neutral
85.7632197875677,0.7273707814148892,36.94726005738844,0.8851778740627818,0.7614301357659645,happy
68.86520955301211,0.4839741138167015,36.9791414963735,-0.19066452686774116,0.21201767054865694,neutral
78.83894543162825,0.3220864263797414,36.465204231916516,-0.4546281366636382,0.28131510807354554,sad
87.37679504116355,0.7816814455135983,36.6664895809566,0.9490871365182771,0.6824391553567757,happy
73.66095385750864,0.5453924669229027,36.41715035971397,0.018777233455027437,0.225813747779744,neutral
70.95335930579225,0.4623621251571447,36.862106152557914,0.19247198127559023,0.23587807051792375,neutral
57.030347772212735,0.3841225847709192,36.11936062731786,-0.7062189914772672,0.32660104692617015,sad
111.16042556658827,0.933706289255702,36.82600189139555,-0.389889401129236,0.9704254709138038,angry
65.3693208115443,0.2572542688167516,36.634185239621985,-0.7395123228050628,0.20959985305508355,sad
78.10639786062403,0.3654862184323232,36.645555565645466,0.16742939195384382,0.27194817390050463,neutral
60.63364280186854,0.3070517555797445,36.26335357827841,-0.6155945251664063,0.3021737789797964,sad
90.61814279046537,0.6193826377803768,36.745557484932284,0.8494261624669073,0.7904902818775563,happy
90.60339388574215,0.780448475754282,37.21342424328663,-0.6063936057916199,0.9935882353482259,angry
89.49298224552189,0.6808463789768433,37.20013216989201,0.9332908833087163,0.587225029141628,happy
70.7454709858955,0.5433283392927225,36.66611080027571,0.11630006642615742,0.23324028853380946,neutral
66.11724360630726,0.5179942783283035,36.50295802427585,0.06551877355302393,0.3883901807322735,neutral
79.84491868591935,0.5290855635891497,36.865698681821385,-0.17978800982481316,0.3564319038440893,neutral
78.83714562814035,0.48437164709893366,36.59552801482918,0.1332437669678545,0.3648613817638414,neutral
68.54357634359732,0.3795388473893948,36.45813360124438,-0.97424389173697,0.32268918010112163,sad
91.51191181244938,0.8921266383330412,36.887230595581045,-0.4292831402115101,0.9660640855363122,angry
96.12286291376165,0.743881251278785,36.64637400986432,0.7731145245401647,0.7966423048825195,happy
102.1856069875089,0.8737418005667388,37.29964203168711,-0.551499520882657,0.7385048687300574,angry
68.72974978578576,0.3441545175495746,36.386181173216485,-0.7484342915671311,0.29971759638733875,sad
86.83709547125801,0.7153725043852761,37.23019824961251,-0.4702130290640908,0.8974524278541371,angry
58.82050148495119,0.25893637512433365,36.411610621982014,-0.9491689018719488,0.2849731537001132,sad
69.85218767101337,0.4957781606822234,36.5694527428873,-0.09885909200695445,0.22530737668376377,neutral
77.72288968561044,0.48909734751352096,37.023776868159686,0.15182813500942122,0.38121164954493947,neutral
87.77162598189679,0.7250080779119443,37.2107830830911,0.9749046439155502,0.7070866665210086,happy
106.24848918842623,0.9645698763183863,37.35746421146979,-0.4911101474563696,0.7670584186724593,angry
65.92938778769961,0.323845800165267,36.25408778437048,-0.513018808021176,0.2554839287347579,sad
82.97430770469127,0.48324766514374756,36.85687201480723,-0.18411151925929242,0.2559589751702806,neutral
85.60778567931278,0.6811292773559594,37.14354792072887,0.8588192365546871,0.8885755520146368,happy
75.780112006795,0.5031691454442005,36.65478928890932,0.08075595646810962,0.3266275998646336,neutral
78.6355177305987,0.673632435573108,36.89313832868551,0.7171566356815555,0.5368490432584294,happy
95.4328572223776,0.8912378102658245,37.398810392736735,-0.4797932446855117,0.7223437859819125,angry
95.6117372518675,0.9066750559531427,37.289370578612555,-0.6123453446821544,0.8703694686850524,angry
69.70892485961369,0.2669877383639633,36.11020869573647,-0.5039190001744815,0.14930433787480388,sad
100.37106499159705,1.0040090499149534,37.29722365769612,-0.6343144768569999,0.9002497358871957,angry
94.79200303952693,0.9508807192633477,37.15333207533887,-0.7089280127624213,0.9548144644468852,angry
90.87133162163202,0.9939302806819085,37.150160896718006,-0.7798055045437522,0.8690548057620879,angry
73.53102688236646,0.4531351403803302,36.89232641839208,-0.19102374884176357,0.3118405216593571,neutral
74.73522635011065,0.4778604531036076,36.57390029715065,-0.01631548854568851,0.22186936465963783,neutral
92.86541103760526,0.6367536880044897,36.82889019672864,0.8469206852574742,0.500008207184358,happy
90.34685269629092,0.6002082643836608,36.89335105198903,0.8482896048096806,0.7325624627426266,happy
67.37770414946029,0.290438263743946,36.60791661504892,-0.734852339371314,0.35496392938219645,sad
62.55546783184876,0.39238189075347135,36.20995225577095,-0.831757120224768,0.25335215461532046,sad
88.17008023796899,0.7896594104302604,37.00279069777505,-0.3355087924028967,0.7093017577993175,angry
88.50731746581693,0.9506998125937347,37.24776264478981,-0.6036774590818959,0.7485442421493421,angry
87.93411885062055,0.6659837480099029,36.84938405582406,0.8735833657298568,0.641877045229034,happy
64.47266996679477,0.3208253203265118,36.16327646736072,-0.5304625058243958,0.29312858498584654,sad
84.90963304712095,0.5751467470606805,36.976730659943236,0.8885927677161851,0.6340878689374003,happy
81.98542741645748,0.5275789433365928,36.88011517911306,-0.1693676274529545,0.31704445750160926,neutral
76.13451866281162,0.4480382705230976,36.91867850035504,-0.14093335554340497,0.3650232323958743,neutral
72.19948442838415,0.40942995902672175,36.73248251956445,-0.6099797894577709,0.2894125922812464,sad
93.14754214454257,0.7543510400068791,37.06333042159886,-0.5511371438924539,0.7905740621603444,angry
90.5179881769669,0.6394207195330708,37.06869197926172,0.8519376707518007,0.5141403284162777,happy
90.42216787801529,0.6392878466654279,36.96801571847138,0.8714814059356586,0.7624682789145709,happy
88.580055438402,0.8162630518525198,36.713039884680335,-0.6342809654926934,0.8756176633109933,angry
73.34563160233259,0.31517690857977937,36.59596401343397,-0.6549042672832317,0.352620055281758,sad
84.63919936187169,0.668158872251643,37.19052706669534,0.6444307858203122,0.8238320481827439,happy
61.64404572555775,0.3615367731886525,36.44572397724476,-0.48468710851037267,0.16235887214662975,sad
87.38557952611518,0.5675514551446588,36.8150511220258,0.7059050852130946,0.782555053823371,happy
71.89229253703424,0.42988673835443447,36.49803661312627,0.19166625054205666,0.23499581774414793,neutral
80.0214634759773,0.4944429337402424,36.97094934913037,0.1439229928064753,0.23336765832832487,neutral
79.50217555444492,0.563262895941059,36.913217346042956,-0.02089366601437251,0.23901234434055932,neutral
88.44756149959636,0.5511191772219157,36.96060325849499,0.6932019791910383,0.824387439388016,happy
69.84547156723777,0.3289722702020084,36.65934034939087,-0.8938521539535189,0.2881668126585484,sad
95.91631317972752,0.8329279257681218,37.16754853031983,-0.6239260554722417,0.9286946175012465,angry
63.77542125666194,0.3855531785561776,36.77306627509981,-0.6386313973882478,0.21553948213503427,sad
86.0449462944369,0.6598637614870864,36.815876131508794,0.6403161482926478,0.8382827454608186,happy
100.70808786800912,0.9481723459896566,37.305133707229366,-0.49942916656857766,0.7707987987513496,angry
96.13658569975763,0.8306997505027672,36.58781149288822,-0.3664491245310646,0.7756178055608672,angry
97.63046790202303,0.6756049242306436,37.15168171178303,-0.6369737248561431,0.8015863153315235,angry
75.3298649315266,0.3623058864725202,36.4792535833131,-0.4455066480351795,0.3049687153354488,sad
85.94763619170342,0.6289367684175386,37.183685833519746,0.905373210859154,0.6601951888295174,happy
80.57208740075077,0.48834786684890336,36.913198687193145,0.09296871037173471,0.25870766774741677,neutral
91.75577379454361,0.6462894243064097,37.15044544408175,-0.3896530194069124,0.7348342107236253,angry
87.55928394135336,0.7615174355052048,36.69237860270779,0.6425734874798806,0.6955611354616003,happy
71.6564657638286,0.5057652120249078,36.606560097025245,0.19315736059375443,0.35941275140078244,neutral
64.80896046763085,0.4101436180613358,36.582716115242874,-0.5474516893018503,0.11104974745442593,sad
74.804925519218,0.49903000417203036,36.5242013980161,-0.18524046422050655,0.3765209631237792,neutral
85.64616554213546,0.823177322038613,36.782781851848554,-0.568675816442564,0.8219445100945036,angry
85.04344064585818,0.5955286085721776,36.68078549818175,0.7962213347960337,0.8797502983027665,happy
67.0659309172411,0.4397164602029179,36.38470587563051,-0.6636768471689503,0.34107222561516193,sad
97.7988017965005,0.71329364856823,36.8567478221893,-0.6730183115714363,0.7069751305852455,angry
86.5201774264904,0.6541763325587885,36.53713837572207,0.6225657490640365,0.5963017659271228,happy
96.25062582910702,0.7614245635835752,37.289501709208366,-0.42914049706672247,0.7837521527660433,angry
101.56747768782051,0.8085484383428496,37.18521818680295,-0.5417193367573844,0.8332731762406966,angry
72.80435326824184,0.3583301673819273,36.321608743337634,-0.7001098375549516,0.3433550258451359,sad
93.10825730100503,0.8380030381682984,37.269798035481045,-0.3702038043763074,0.9727522896219043,angry
84.87443476333455,0.6594735486782534,36.699986330508864,0.7598839663484351,0.6966242409732506,happy
70.97386789569775,0.4835942936746652,36.22246180143019,-0.6376848625372749,0.38071766451363964,sad
78.38695626015966,0.426974646612506,36.70253520132017,-0.1590021305981944,0.24986297328221807,neutral
74.52970699937856,0.4038708249426086,36.64306519409529,-0.7196228568229301,0.21300917778805317,sad
66.96970710968736,0.47935643096668623,36.49744423980732,-0.5999068768262017,0.1463950186013841,sad
100.8866888666858,0.9151125693951735,37.180690264219116,-0.5218480692654182,0.8880783647882469,angry
72.72160137141078,0.5557082824437872,36.6627878202596,0.0731232344279637,0.3491270544344711,neutral
73.6634783618502,0.5816792416204529,36.4917241822957,-0.07780449783986013,0.2534064675442991,neutral
99.5931423344316,0.9281588478697864,37.10597043559564,-0.7169094132645142,0.9909893612478071,angry
72.73880921415184,0.4277292876511888,36.702815364266286,0.16149677972373105,0.35090700030465366,neutral
78.56554204630669,0.8397797042830552,37.15363903571232,-0.7970718510507906,0.8372984764987955,angry
83.11512258411992,0.6551547225058169,36.74311161625175,0.7110129896842108,0.8660107122369582,happy
86.59640748902646,0.6635731262600365,36.62535745771945,0.6880000602856586,0.7415486656849589,happy
70.23028472087934,0.34108421595495597,36.18943302586911,-0.5806404238928422,0.22210487050184796,sad
68.78550182445056,0.3328924685408411,36.216522964345025,-0.8179850283866479,0.36223915989181243,sad
81.14131033246004,0.759607441586588,37.02417508318135,0.6283094680561222,0.5090461832656745,happy
82.69917837706436,0.5775861238967975,36.75767898609807,0.08697696317903686,0.3985137808567837,neutral
84.93937726286435,0.8150803658606297,36.898239701819065,0.6552058421902665,0.5174088354493238,happy
75.41277774434539,0.4041118200112353,36.54779946722142,0.1720544318047838,0.2890744587685141,neutral
96.30007084376987,0.8382785376790768,37.25465213690257,-0.551861170471299,0.7736750104821599,angry
84.90543809232518,0.7370544738981857,36.91117233620065,0.7498129713680699,0.6609663337451535,happy
93.93017424015109,0.8318809423976656,36.83084791156424,-0.4097881655142618,0.7096570449549905,angry
90.2269910512379,0.6913793342442178,37.01947668464592,0.7735117601979544,0.6902868817632821,happy
56.299968117489286,0.3022240615790381,36.35269589691885,-0.5510593051400833,0.2804660948930554,sad
91.13044453327855,0.8192194624192449,37.23682816846668,-0.47799392088354453,0.9531853072101542,angry
69.12382963570174,0.3412285775742651,36.31632594478606,-0.7564513941235472,0.3762586275838765,sad
88.04218062734179,0.6464345195278789,36.899023851149444,0.9458559365251125,0.50190810247125,happy
69.71698214199782,0.35895104571147596,36.247058454082406,-0.47339934223989055,0.12393093932505818,sad
65.75469374988461,0.30913105088057263,36.25248480948799,-0.7006106598694459,0.1744184383133801,sad
74.76036700454861,0.5395525277720182,36.78930335334227,-0.16504797499220364,0.22168396908308668,neutral
75.00319307460977,0.538400520469039,36.58185423503116,-0.11898056893673621,0.3309770225135251,neutral
106.0426130616026,0.8687656015949227,37.250270684526946,-0.6439634908522889,0.938008003671004,angry
67.04456337790647,0.30519986490622353,36.6437238689663,-0.401536897067604,0.2837278311672262,sad
93.51850319191895,0.6809931706272166,36.75951251979149,0.6167894273104948,0.6940955876121258,happy
64.52474608291217,0.3146376109868359,36.11387206729489,-0.8166312115615026,0.28156501514052745,sad
70.96104394706715,0.4475435635056073,36.58971343752072,-0.09774310804015857,0.306635518752059,neutral
88.02062930534225,0.6997177605114324,37.229787291235105,-0.5814354719578072,0.8654777713254573,angry
84.36374109224633,0.5635515985408519,37.21061195400842,0.6584415998302663,0.5177586236678533,happy
69.04998742838674,0.33790780041573326,36.709440443266274,-0.557613282118244,0.1980131426281747,sad
61.984542856166385,0.3829345406952809,36.078214690110876,-0.9139136534212958,0.22134494355933265,sad
96.99401708381045,0.8883474234029859,36.89707417789891,-0.5890579500126314,0.7262030247561029,angry
83.28318638982584,0.6591634193108757,37.329963404160516,0.6947566773045322,0.868862437137661,happy
92.34134133928623,0.8447874483151382,36.88901179455746,-0.6579261607052158,0.7557452371896384,angry
86.16859201939191,0.5862707628081194,36.5900001643008,0.6074904610639453,0.8771799978880033,happy
87.87822015481947,0.6774639971725692,37.10933105442219,0.8583445554263378,0.5542431130965353,happy
93.32338858920426,0.8591418127942947,37.30347141217822,-0.672441817680121,0.7093542592404288,angry
75.30075831272315,0.528930819886897,36.52960001582889,0.07183115715812283,0.34123024050725725,neutral
72.69649001678248,0.35561660341936024,36.70222823200253,-0.7776824003321732,0.3896148929076473,sad
86.58686254852199,0.7302044080085603,36.83067252723967,0.790205860404516,0.7708649565611336,happy
64.4406404500109,0.4137082640296648,36.52717807994659,-0.9456049038044974,0.18917756407110636,sad
73.7182540540854,0.37731203793066537,36.277113773899856,-0.40126089434652235,0.32751651894906564,sad
78.77693832194245,0.4237820464901411,37.03912197202585,0.16096499943162018,0.2591418191209986,neutral
85.73093670083804,0.6893524268217507,36.78134432976921,0.9052200638914756,0.5808253452307578,happy
86.40454413218029,0.49203498675767077,36.94161697285114,0.9458465459288093,0.6273309215423171,happy
71.25320421198602,0.3850454126976805,36.581771127198635,-0.8950069884429084,0.2955813273657838,sad
70.78892804370284,0.2954398210792387,36.687579398673684,-0.4943191698825522,0.3934615611399751,sad
99.08543900984371,0.8683060078102277,37.10758688117901,-0.6544958352645904,0.9441727320354428,angry
91.36459638489993,0.8415483295358657,37.02693549361497,-0.48700476711948226,0.9380258581565899,angry
61.19225829124989,0.39766742806673633,36.27321921064522,-0.918896635549289,0.2577572119544258,sad
65.6612387824508,0.3109512353577856,36.22495815984425,-0.9232231230389045,0.3458400254483266,sad
68.84652925880613,0.44626694703137915,36.63233530637924,-0.06449132221252027,0.20832622482069107,neutral
92.87849437098917,0.8666425597505419,36.48526109506858,-0.7458897882162974,0.8613032850622768,angry
83.61722298950528,0.44207702534890764,36.8595250570357,-0.0976287631727514,0.2482440150455775,neutral
87.7399894096816,0.6852388548539939,36.83981645735093,0.6384209054335216,0.6645771066721643,happy
78.09565894154173,0.7144457876095471,37.18470630573103,0.9920635102807751,0.8644272225887029,happy
76.95863375435827,0.447966928066789,37.09679075752296,-0.0630869149334711,0.24253528589897527,neutral
68.76655975339031,0.33279097767455046,36.26578508491469,-0.585654953407678,0.2933307588483832,sad
84.33262265328723,0.6014669066778683,36.45116369156637,0.88729770797906,0.7878613734756141,happy
75.88118820878158,0.4263960053245218,36.86542004371418,0.020975904341719337,0.31600337707743015,neutral
67.85480422071005,0.4010522853396376,36.59750261009689,-0.8588735654727502,0.33105614533144745,sad
66.4592571288704,0.3455171211044641,36.69365505169146,-0.6977263252261825,0.2918377258419984,sad
83.16308355289226,0.7240673932597226,36.97096803111406,0.7524430547780467,0.6035045890534229,happy
65.54945087285157,0.3873117147774292,36.52549959534383,-0.8497333122678536,0.259759890786679,sad
67.29530749208054,0.4419169251314612,36.30822887836235,-0.8681486537244467,0.3928772319152264,sad
89.44941587709192,0.7835488872511075,36.9373247688175,0.9916528517573366,0.7759974024919106,happy
55.945109007261586,0.39929258895007524,36.11741648011702,-0.5601716884650498,0.2603815163667128,sad
72.94969754760871,0.4678517011583445,36.68640205446557,0.00786427861247585,0.262032024915962,neutral
98.90547558712251,0.8928562523659401,37.165050947344106,-0.7532434667841171,0.865977756148579,angry
71.3096788401384,0.39968926668210825,36.59123332661217,-0.5249790923217701,0.3448032525473388,sad
75.14927180603527,0.4747510882496351,36.476230696373726,-0.1856481272844604,0.25659836753305,neutral
89.14374700782449,1.0075458999135862,37.02569353106239,-0.4409717451089914,0.7435630181833833,angry
75.90794006372084,0.4650270138730474,36.61253267852296,-0.14895632689420332,0.3918080432894494,neutral
91.71681285524171,0.778025750270673,36.67827706946046,-0.3281102626318195,0.8132500794425397,angry
73.1749876508536,0.42874837465481636,36.41064186923403,0.10275875084355274,0.25901404534997385,neutral
83.6074088111879,0.6513093718960395,36.90975624765955,0.6628839693665728,0.5269173250011955,happy
91.3668472263283,0.6426045251674539,36.74885939928807,0.883561843217133,0.523238661596076,happy
65.52896475569972,0.397900759186635,36.167433913259124,-0.8025519086051179,0.23039333179320912,sad
102.56526593828852,0.9047594419757516,36.78499802558694,-0.7740619470015042,0.7818067120144191,angry
87.27601091817958,0.5433242112435869,36.686839349886796,0.8741805155447955,0.6372589019431226,happy
79.48735668845852,0.40979136727026405,36.45785684008451,-0.03277935881479102,0.2412909810085412,neutral
90.7658578177537,0.6065473523161778,37.05903096490101,0.96024823399236,0.6401715764138248,happy
62.43306818035218,0.31070422185952457,36.17201374561282,-0.5657106856552743,0.34564581606109124,sad
89.88668661871031,0.5579730874945602,36.74463155593982,0.6762871076535197,0.747166408440928,happy
63.37184246757618,0.3769313291581614,36.23913754711022,-0.7086603976988419,0.15611354910097847,sad
92.87316383795851,0.8724103371653988,37.253567889402134,-0.3913098022867033,0.907522911888621,angry
75.05763266632836,0.6151892154608747,36.807818820851026,-0.03850368139940538,0.25773336553363324,neutral
74.96246676968026,0.2628850466471787,36.32482157545001,-0.785928489178211,0.2634810846928291,sad
86.36299315618321,0.7048779228366594,36.78683850775292,0.6651920384996886,0.8120933468607203,happy
86.0879979069799,0.6822407863108639,37.220940030307844,0.7749353494651319,0.516512765955408,happy
85.99286835896702,0.6666458154197342,36.84899565224376,0.944978650582081,0.7111886039233464,happy
66.22554465062173,0.28342918675380396,36.2461119677689,-0.9973978547878591,0.3351776104300654,sad
81.6464749712868,0.8067429895539688,36.87320523506974,0.7645939504546169,0.6382030188049927,happy
91.11465012309017,0.678324581458337,37.25953029640127,0.9879116833247032,0.6393621655212406,happy
74.87544772132276,0.5138921404735924,37.16888387755276,-0.026078718205991003,0.3655004481603317,neutral
90.30724333336171,0.6686847199209539,36.9271206456777,0.8728029084952793,0.7794882560115641,happy
101.56930105505502,0.8644023429310174,37.28766805760834,-0.43419359034331684,0.7169772542806496,angry
72.50729279489525,0.31047486420790416,36.389644951446364,-0.9649539208497127,0.24273998014236953,sad
81.49338329109236,0.7146782033917317,37.00912213267616,0.9401960754330254,0.7566577988364882,happy
66.00557028829087,0.31876089582337186,36.38498317841069,-0.6942782477383298,0.38378387463461994,sad
66.43796421099121,0.32359679938660185,36.23054089178724,-0.9882024460144709,0.24187328400649782,sad
87.70951676774801,0.6241985586707887,36.955359627861036,0.9091390320297801,0.7444882692562416,happy
66.70039194566452,0.40682674278873837,36.66882113875089,-0.5190223627222746,0.28483186201086397,sad
102.26555980356913,0.8381256465045519,37.14462480021295,-0.3498581931870267,0.9309959890533887,angry
76.33694194910727,0.48739305254443716,36.3802601748703,0.16272424199251317,0.37440375118412694,neutral
62.90921324896277,0.35309183845421666,36.401650674242504,-0.7719483131121643,0.14726201127746777,sad
77.15377958284904,0.5674736552630812,36.508706571252084,-0.14071834693251467,0.3381632898226054,neutral
90.91961570284863,0.8717339879710808,37.14386045729826,-0.471563999811694,0.9345353082006606,angry
88.9937172086868,0.6633786001826123,36.95043773165848,0.8779030066857492,0.7296622181729469,happy
89.71355260329224,0.7988364034127847,37.10414410954708,-0.7434280197055008,0.9640503222211592,angry
95.83736114556584,0.9123145744416409,37.09356655129019,-0.7456453000999286,0.8556600759339311,angry
74.35592259097406,0.4521272281003029,36.72637298756615,-0.03646273378670642,0.3479261864321883,neutral
76.22540187325393,0.4800318254341372,36.66232875470482,-0.08565286574148906,0.21852495993556345,neutral
80.5024374758088,0.4340941335215869,36.582714405677265,-0.0873077264780648,0.35594859287783553,neutral
78.70474825958247,0.42998773856244116,36.50807853755764,0.0537996917357107,0.3766605327467426,neutral
64.94901655164115,0.3412378931777567,36.70664891025642,-0.7602566447714637,0.22617674820711714,sad
76.66148865165786,0.5591726013611155,36.86283502067032,-0.14674237634663828,0.240091092261076,neutral
99.55308352276549,0.908079120348651,37.3125779458327,-0.7777782618377385,0.9685304694887766,angry
100.26724911347604,0.8358874357097338,37.188419898876425,-0.5646046109788923,0.7561701518845988,angry
70.52909340345693,0.28205993572544885,36.51423545140318,-0.9641813066320514,0.15914899354373932,sad
87.77366595327143,0.5991368310045433,36.790491720710975,0.8404489568100144,0.78224104649148,happy
70.22905752670734,0.35523211609243294,36.518825084814964,-0.6603943251213558,0.35301362133277836,sad
69.13270628554889,0.3647296310471686,35.97980375790008,-0.6896658309302499,0.16245546340256234,sad
77.0703979256661,0.5140889604118212,36.445228403789166,0.1723507470116455,0.30557146762759657,neutral
77.12095084179703,0.48565050412699595,36.69117284476637,-0.18873400239329358,0.29422686369428447,neutral
82.19786588891726,0.8436495147660885,36.65638268477761,0.7684112475178723,0.7894882762055951,happy
82.60662186457802,0.36097856780705384,36.42634505761303,-0.8715892796571962,0.3481980912354823,sad
79.8595384965034,0.5332730896289276,36.81029593243813,0.06834458203456967,0.2620313617235535,neutral
84.42494337237746,0.8081602494569032,37.200085605946924,0.9302985929069352,0.682810942008172,happy
81.61896618447419,0.5385488259799234,36.78526212867869,0.119530036620914,0.38258636029956966,neutral
88.27841137737221,0.6076793938642098,37.072768418727755,0.6137958878717814,0.5439738280227385,happy
67.04361243793547,0.37444757620364,36.34261016607765,-0.8876366698373006,0.2342620925689498,sad
66.66177582814672,0.3428959873855439,36.47060156252658,-0.8900061746650235,0.20967785286267349,sad
93.69358908481031,0.5531373060156205,36.830006573179084,0.9195357499019422,0.671880916765824,happy
73.76068606525428,0.5459121410717501,36.67445855857027,-0.056606450736630926,0.2961025972383472,neutral
79.55072274668977,0.5417010355736105,36.45087554045814,0.04668821923137992,0.3795057318871115,neutral
67.5827656215489,0.4291976083335736,36.13644443241407,-0.6359836219225428,0.24424961697231623,sad
69.01651098371151,0.3506810753301352,36.69664351862058,-0.8403503008172526,0.3696842336546109,sad
65.19753037722359,0.49223135058910006,36.37962894122305,-0.1012044018857282,0.316046764687066,neutral
99.28224708052356,0.7904648852702456,36.79142032173638,-0.6715985114773737,0.8512230415917654,angry
84.58652240554687,0.6938470223170204,36.79328821044978,0.6171583638124304,0.539461158508359,happy
62.99836932217441,0.32263724458306386,36.01271004896196,-0.6932771022892087,0.3636956561912187,sad
75.42672762071315,0.48981062152916244,36.59908789355278,-0.165005324149194,0.39777582385100274,neutral
79.01240546861528,0.6272611383658614,36.93319541338639,0.16639780040165802,0.22257209287704766,neutral
75.67994231616876,0.47626477454975924,36.739243422267236,-0.11657238866842867,0.3718723191382152,neutral
108.01945671264222,0.8075704234036735,37.144899307706595,-0.7900061222144966,0.9977018442783961,angry
101.58534643909012,0.9664539885966685,36.92466797496546,-0.7486222788397054,0.8861839731837922,angry
84.91071422501867,0.9235313929870026,36.90658305869066,-0.44111343277092996,0.7431475535357542,angry
75.15962297427299,0.35455092317358144,36.52536861223641,-0.7617118584880802,0.18048206990461113,sad
100.83020602570639,0.8894838374948113,37.04976763469707,-0.6269727468506298,0.8517539130826159,angry
67.6096633420014,0.5013999772597282,36.48782314886009,-0.06550952276607377,0.2684178082401355,neutral
67.85041513006149,0.5411031328068465,36.49355417281155,0.04506696293105078,0.29804600242782503,neutral
84.3716508051215,0.8936300469422944,36.94904546044481,-0.7353646860400607,0.9745951577917907,angry
71.59808246070801,0.5430574271232398,36.587553322985734,0.05956179942393364,0.3519030006712272,neutral
97.36737774569153,0.8741816410363613,36.96729089857133,-0.6814592975343643,0.7413380123915417,angry
70.66074718578918,0.3684662808223239,36.199794819347666,-0.9912461050940702,0.18911654416301987,sad
64.15654224107318,0.39658886327625636,36.49256851581395,-0.859791829351314,0.15630419029629325,sad
98.56046535368215,0.8672371782225627,37.41235132182938,-0.46275138489669365,0.9618716402616757,angry
61.311361775867034,0.4782577029299846,36.477289236703605,-0.942280183718622,0.24329909267647212,sad
87.17221903411024,0.6696905643486236,36.68771505672119,0.6087206708604657,0.6022026734872845,happy
72.89649969708992,0.48353840834215145,36.91035033999188,0.006541665066598368,0.20218567979354973,neutral
95.51473604734274,0.931145637283523,37.01651588948697,-0.571555899996939,0.9253508485533659,angry
82.18937765200346,0.600879085738288,36.83534860939028,0.6475035214503002,0.6241370856228895,happy
94.05506350072896,0.8638088331393308,37.06939136940774,-0.4912477745493605,0.8929310499085117,angry
64.83216735177345,0.34265472874806624,36.27290045183997,-0.8184857074061873,0.1721079449465902,sad
63.59269478691644,0.38065610238032155,36.299806928316634,-0.9806037361054951,0.3462026031925688,sad
100.04161508952689,0.8008207507105692,37.41848668236874,-0.36736888543409724,0.7222509846352486,angry
72.64158468606061,0.3587731932008906,36.30165320863706,-0.42529395525491964,0.22497961771353334,sad
77.76335780371477,0.48505114474620126,36.62154772859514,-0.09266077310058014,0.3021834526637239,neutral
63.16955615979384,0.35966843933178433,36.721771597792596,-0.8108330210013229,0.2452561248811017,sad
71.69568460213391,0.5990568488955991,37.148539295854675,0.7897589275759174,0.6165044157844908,happy
85.88668299892036,0.5910355524258357,37.01643309238709,0.6793124443148167,0.6606583554739944,happy
87.68695281093036,0.6662617031403625,36.74314856280588,0.8053626936041732,0.5455622862305234,happy
84.80306817539413,0.7384093936643887,36.49778549794722,0.6546968181895082,0.6798287990764826,happy
89.94770080074309,0.6127351030813678,37.09372475714117,0.8387198146852736,0.6108571366318293,happy
77.0386558743175,0.5072864147105051,37.12998842999655,0.05169180149693131,0.341624230362493,neutral
88.0003768510131,0.7385765048690204,36.67713928307369,0.9323381120237685,0.6330329161973446,happy
65.85680092656494,0.3631784922782458,36.324768362050705,-0.7579238115476298,0.3410831237972526,sad
99.71787031793437,0.8541113575179872,37.03483778752627,-0.5058156208779125,0.8136123726243742,angry
75.20496456046453,0.38471109946415016,36.53014442281949,-0.44673484575492595,0.33250737647736583,sad
76.65974364069596,0.5266066003917997,36.72951345891098,-0.15846916559555227,0.2684067679740916,neutral
93.91885506646611,0.5897733205517097,36.5968878663381,0.8261084828588932,0.5840848135595444,happy
75.14500353595768,0.4470127146740956,36.41270265225609,-0.8168756424280053,0.2207103985073087,sad
81.78519317461208,0.7074546789308965,36.8842480910322,0.895788211818619,0.823397336195675,happy
72.43083592209521,0.5206238169574078,36.667804458627046,0.06161320279262961,0.30654381425665983,neutral
104.86105640298959,0.8121778941907711,36.645203069239315,-0.6578579701407568,0.7054899960111911,angry
75.3493849065675,0.3352219410016346,36.93135239649286,-0.17524791550152036,0.29088697331495694,neutral
86.11101422169551,0.847304881764331,37.267877837680835,-0.7862989511013934,0.7494230247559086,angry
94.36897597778545,0.8597847352790341,37.277583271668874,-0.30947258079484513,0.9973594030957571,angry
89.73026785065727,0.7345570723168373,36.84259116554801,0.6295870132594711,0.8950358837981689,happy
64.51445845687526,0.3319304179716042,36.53488096021139,-0.9481753722863233,0.12609622170432658,sad
72.91804822237593,0.5620947656611208,36.94351545637619,0.005283382660015101,0.2475684512176665,neutral
78.60001143858287,0.5226405696652535,36.78367289863547,-0.15537796841431956,0.39475269000254337,neutral
74.42819959335078,0.418131127987466,36.36518249262448,-0.6850548954702405,0.18821088652333304,sad
71.51844572940112,0.4772495627139431,36.91736360601378,-0.060839383780863315,0.29360014021626457,neutral
76.56120650568869,0.6446350558814619,37.11250730797299,0.8168080028576099,0.6411373125711852,happy
104.20104734730558,0.6621275496955263,36.81106468159975,-0.49989691179701584,0.9435893826122734,angry
71.62254459197052,0.2995524587799454,36.1871733473789,-0.6436841361602876,0.27643353133448045,sad
78.41064719453742,0.5753496567454377,36.823106377460114,0.8346015525889701,0.5785886603398127,happy
70.30921660045101,0.540678689322874,36.7917078108323,0.10317108133751546,0.21684656056454435,neutral
75.87303914836528,0.4604111111740997,36.66388006104778,-0.19857342692816218,0.3796846485728529,neutral
72.54000673253867,0.44161371792304094,36.780173187079654,0.11881573634581166,0.28841923948514897,neutral
66.2831435796399,0.45616602566405096,36.29912982921195,-0.6348447480368993,0.12115661613658224,sad
70.49697566808594,0.33589037826782586,36.32475958509634,-0.8101510041926844,0.34049388222906735,sad
80.88379980870899,0.7074528577604562,36.88149306122763,0.7138797180398018,0.7645328642798683,happy
79.01040883646566,0.4822167998689977,36.65127654521062,0.0705121830798171,0.35518273513765786,neutral
92.23260057711326,0.6211044308953396,36.840425175342766,0.6810795633400842,0.5678289826127367,happy
59.65416753418125,0.428150894642973,36.497675962272076,-0.6801038501962644,0.33423424251445993,sad
76.94660893893621,0.5855829178368861,36.74068274248282,0.7994965118253219,0.6166020495818296,happy
69.37241202618432,0.37971217633971005,36.340074225365,-0.9707321520619884,0.22354926015628496,sad
66.54722296438747,0.3507016866940925,36.260083460700535,-0.6624276992715339,0.30859081320447934,sad
74.09058890600481,0.45693594555963235,36.426558931436816,0.07385427450417476,0.2837384001365622,neutral
68.0620392050252,0.36130615192741355,36.35788440769261,-0.6480199245259697,0.3336341648131197,sad
63.88076534425834,0.4816345739731144,36.526040042103915,-0.501352043935441,0.11632083840327971,sad
82.15853067509713,0.621612711576628,36.917715625883346,0.6131346722520493,0.7886380683394035,happy
75.86249568288346,0.513661180427772,36.65669937124885,-0.19138887997527565,0.36229225339951043,neutral
98.48738409036123,0.8283963244355169,36.87258641299484,-0.4330561294550629,0.8868014752385961,angry
59.632459936359226,0.3276596769908689,36.34912202566908,-0.8726872163492037,0.3497660078988927,sad
94.85955220963842,0.7617552588695188,37.712928156249326,-0.47642866033494546,0.8398744383529904,angry
75.6995414729882,0.5094362542597636,36.884326642764286,-0.1428251927177128,0.33163788093230506,neutral
95.35817291401574,0.9101611236849395,37.2027785353285,-0.3962790057027282,0.8966953090666455,angry
89.77407964608625,0.9032686285827782,37.03497235614649,-0.732122829402384,0.8697135115312687,angry
90.00436887634454,0.8134665928076219,37.118012712546665,-0.5285418250335301,0.9417821208968066,angry
84.9607647179014,0.958990532975891,36.90381885225298,-0.6327812820786776,0.9666935075772547,angry
80.54044800633312,0.5695772041674042,36.68237101620712,-0.030604955315049642,0.36040654621327367,neutral
105.97126584888935,0.8272237767575767,37.14196152375265,-0.4902725905821784,0.9849754544497584,angry
94.35403489459307,0.6569290540928175,36.87851204903261,0.8999013729302248,0.6529364521164402,happy
79.3876754533056,0.5222920514768726,36.44225862294279,-0.1242074389076747,0.2153931688446311,neutral
73.0684052816641,0.40892642680043534,36.3497375659519,-0.6815428299069861,0.3294571147315124,sad
72.03031576709594,0.4314506338698946,36.70836009438225,-0.1533210667428107,0.20288052526963066,neutral
67.5844623726673,0.3794641716478798,36.29861026194807,-0.9267521934309426,0.2866595757025209,sad
73.77731082608554,0.6809514151188125,36.77165636463831,0.6608377614882517,0.6458946895761437,happy
64.34489592941571,0.4602001141690323,36.73040836215306,-0.11284277432433112,0.3526632776149041,neutral
70.67280401568608,0.5612946904238756,36.94366628281205,0.12262184904970747,0.21989712294076896,neutral
79.94033706811352,0.38489939099324005,36.869202387684155,-0.033766119702157704,0.3286600332072217,neutral
74.90968225774556,0.5033972417243252,36.360434143875445,0.07019584824384589,0.27331717359008934,neutral
96.04297124277792,0.8195199817545555,37.026784762598126,-0.6112094362823232,0.8622808729594225,angry
70.73709305876874,0.48998453470710457,36.76044219284905,0.14871040364009475,0.206666050884735,neutral
66.8507840911578,0.36075179060686147,36.115203933235804,-0.8929731765138138,0.35013649938959257,sad
103.56803935808526,0.8031604429474809,36.967313133237795,-0.521011574856856,0.7550526500618158,angry
86.15373457148401,0.5297530387540741,36.7859780297999,0.9227680614162774,0.6895148956803846,happy
88.4728403029449,0.6175446191938675,36.571584247854915,0.6042430990339569,0.8485456139278376,happy
66.0143819499332,0.331277254264931,36.307017384888795,-0.7890397187452742,0.18743442502958593,sad
68.1978914249349,0.33346247032358783,36.659444707998986,-0.6750554762522376,0.17840509702434654,sad
69.57564333921238,0.4982673694818169,36.7088650868731,-0.16519736517757588,0.32544238380907053,neutral
93.9239349459327,0.8050227134545753,37.48090576048013,-0.53580817134147,0.8545886637402343,angry
87.43598186638451,0.6888620238285064,36.6520659121295,0.6977019558762028,0.6976344172924644,happy
75.31313089514857,0.5235289983362589,36.870680225711745,0.16014455494684132,0.28313945581484196,neutral
74.55761636254702,0.4714069192203398,36.5343036880426,-0.06694550123636867,0.31138663376140935,neutral
84.52809574647426,0.5966656771124439,37.18911410395803,0.8955033559059375,0.7897661305288173,happy
81.05115483300007,0.5132924824254143,36.76573189963447,0.10145971292863226,0.3695265396771426,neutral
78.03947601871442,0.6182260351956588,36.68920239960926,0.7000320252462993,0.7860541897832805,happy
82.67130596521062,0.48880626244093167,36.83130787642721,0.07805518901099906,0.32973309449252824,neutral
70.41068408578205,0.43394357478674644,36.635816551653754,0.03665436930978391,0.27686003202202764,neutral
82.1057983995896,0.6995678498129213,37.06276825385211,0.9620899694119761,0.6581950104747689,happy
106.94959575480529,0.7048846065266648,36.52695133794726,-0.3878793752744111,0.9700891357085303,angry
88.87662249847772,0.7813762021888798,37.340061695616356,-0.4800910702007367,0.7948745325445823,angry
63.45473080833089,0.38472891321857905,36.51444550890742,-0.8320518581823341,0.3030671849766473,sad
75.85064220143866,0.5387281652191229,36.723590034178514,-0.15935513931951473,0.2441281679513527,neutral
81.03431538896852,0.5177509085447319,36.7977326731642,-0.029613680215410776,0.20031144696510517,neutral
71.68253543616558,0.2917735586960738,36.507792056207514,-0.5035651562683514,0.3029727721250993,sad
76.63323977354192,0.4271578871788539,36.30256625493513,-0.4303991351725377,0.26067322120498393,sad
74.08397867600995,0.44582269037757405,36.3671634090858,-0.0835445730082523,0.3420482812721845,neutral
67.22555108220425,0.3452231402579911,36.37837952693112,-0.6821292847937286,0.17563568923104705,sad
81.7606688039875,0.6135635244052061,37.17328019390189,0.9779027623408367,0.830939985376465,happy
74.67058438054517,0.7687743337386597,36.70167150396121,0.7798364124369599,0.8580530989176239,happy
78.64078715903364,0.597394548990088,36.71397195939635,-0.02238086286480251,0.30477193248165724,neutral
82.48151598636477,0.525901628332039,36.78477404354236,0.6660246462040773,0.6513219651933922,happy
102.30757745716953,0.8955991124105502,37.01731510337823,-0.7015159484553117,0.8318937254274211,angry
58.22761647565632,0.3721513036554996,36.104974696542975,-0.9848961221766339,0.28111974368914094,sad
96.74712042204098,0.9016307737405505,36.854012983529365,-0.7984445611883786,0.8646317541285309,angry
87.92301252696404,0.677242882758984,36.70773909977122,0.672680970528914,0.5441037825261053,happy
87.53764898523265,0.4808581523228518,36.80575848835436,0.6130118618343988,0.6436387612236193,happy
76.56816672273,0.5242953915122712,36.457521600667135,0.1353839354124275,0.238967151640124,neutral
71.60585063766506,0.5403387017856195,36.849203918947175,-0.00030439722332978314,0.2707762702707861,neutral
75.9322184028565,0.3197797660611816,36.491112653087,-0.8704649060598,0.3025919870719079,sad
65.77057258486965,0.31339414972207613,36.962123584849245,-0.7459029767032791,0.25584610952218734,sad
72.89410853388833,0.41569439079572457,36.188467982807914,-0.8930030503267511,0.27559835591507176,sad
72.87161736253019,0.4089562224090965,36.81183928681567,-0.16101762110210968,0.37935647373261017,neutral
79.30912687924366,0.7011597679296833,37.07088421083523,0.9173731835299763,0.6486941900554211,happy
71.17040675634465,0.46100051714939194,36.616224285541236,-0.1647835969182737,0.3440880627684222,neutral
87.89967165826033,0.7404073389658551,37.314207733515,0.9720762509688603,0.7622148125752265,happy
102.50694459894675,0.8670464316777243,37.07809411343644,-0.7256328334588094,0.9292004368083526,angry
70.81211745879946,0.5120387780497485,36.545942863704404,-0.12601616503906415,0.3825926163836361,neutral
75.14542820591315,0.49640106981413057,36.880456999974385,-0.17278037799801443,0.2419058803245031,neutral
73.3883872995726,0.34184106283379784,36.100811312438324,-0.7323291524382008,0.1301478532732946,sad
61.700293203735676,0.37435044839040776,36.41850627834821,-0.9378528691175234,0.13647190604822285,sad
66.11471573803581,0.35432630456711717,36.33538384834697,-0.415088391635976,0.136139610859078,sad
79.04020733551268,0.48818125880619123,36.5766711792428,-0.12486348458618202,0.3053882450072066,neutral
77.16943132556997,0.5160606448504015,36.60027824090854,0.02449173621554407,0.33596185716899263,neutral
62.84038842361919,0.3453912959973348,36.24526981762645,-0.6189885579568752,0.1571782811717914,sad
89.93534412559536,0.6367062539386854,36.486030355329575,0.7574719419725244,0.6806539009385234,happy
74.7704791623359,0.5820583954736219,36.59501846051873,-0.11536646684180321,0.2937521584950448,neutral
65.65056844809051,0.40797706221024554,36.78861356467752,-0.48355346883741623,0.22470444112714866,sad
92.44839470986821,0.9015560926330706,37.393180294955776,-0.5867045274070326,0.9923199496477437,angry
73.46285944322256,0.2550116053321514,36.24504456720652,-0.8223537294714631,0.17401411006719644,sad
91.1911549343568,0.8344374868643828,37.443397027334356,-0.7250293388620828,0.8315660144464938,angry
80.69569372243625,0.6203734564852251,37.1719622231072,0.8935109691695282,0.6876726175632855,happy
86.6201202607809,0.9088486856252438,37.39750968830176,-0.5515556258487089,0.7006521351344762,angry
96.00615234034456,0.7189260700151489,37.0755265984464,0.8958867787172728,0.7690041970434931,happy
67.70574280272922,0.4083730594855685,36.428400621047295,-0.7996003480299911,0.14267717349124462,sad
84.44622300473887,0.6889013789270062,36.93074168307772,0.925028109094838,0.5862830100587406,happy
96.2739322793277,0.9072382745426426,37.06927848950577,-0.7192704525711228,0.747055687568911,angry
69.512235520737,0.2524529327285315,36.562271298365204,-0.5084612332571132,0.31730213134877966,sad
72.78597168852487,0.5530672185876415,36.740244986204196,0.004012083521301862,0.3214119804782155,neutral
67.38068365982849,0.32248031819267364,36.50557637469825,-0.785574509383378,0.3448196359696496,sad
71.07845416186841,0.4567394699823133,36.87457578998376,-0.1503046413453602,0.33982588319268703,neutral
88.02215071158949,0.9431256501061355,36.89697187741928,-0.3862498658202885,0.7797864428331237,angry
67.90619090725826,0.3166529882898254,36.26845920280641,-0.9488628037450371,0.3689296865527377,sad
84.47010539435615,1.0478067130710065,36.71043649069273,-0.40586395342680587,0.9739192470330811,angry
72.84654363823195,0.5177834936419312,36.866131138259085,0.13560878333368237,0.29478990316985954,neutral
74.74465341348288,0.5079598683496563,36.34397735981571,-0.09261972116464966,0.33864451628605874,neutral
70.55920750413021,0.42044528499405903,36.3464068788376,0.010872734538840134,0.20382041689937014,neutral
68.8978925552663,0.4362246799706588,36.689982732513364,0.1344832388981228,0.2360732583717037,neutral
90.6009583098826,0.908762337473959,37.513760555367185,-0.65963453143358,0.8100871338257364,angry
71.87886110764538,0.4040976970383414,36.070965179825194,-0.6758415380224716,0.36563305829838477,sad
72.39845268042471,0.4706973317752002,36.822489545043325,-0.04049384526805744,0.22601631437836353,neutral
82.56691019210301,0.6996349838495247,37.12614979510875,0.6480096207091641,0.6844936315257197,happy
65.42192344202265,0.4521472430567515,36.33048247541103,-0.6152319550083727,0.14332692587934956,sad
72.97050980049205,0.5306384602319435,36.59375760732102,-0.055005463519695263,0.2256860403320985,neutral
88.92876225463219,0.6021222177787763,36.70881347581898,0.8826360235610489,0.773420126823043,happy
101.1106724905981,0.8212957723388825,37.026829929050166,-0.7539861519166433,0.763047470202153,angry
71.36996778830165,0.3773853096581572,36.383876727036984,-0.4654891675844903,0.39820270841859506,sad
73.03934902070685,0.578419585300168,36.610163422505046,-0.01807732492693609,0.25927544095540966,neutral
60.25059574447883,0.27696693172200226,36.37487648411478,-0.9452511838605986,0.22336474284474372,sad
73.37454518558579,0.5675877228412481,36.574328946304625,-0.0877414434364737,0.27360248184666325,neutral
95.003609739543,0.8921542824832852,37.12520221356485,-0.5130384865651751,0.7476247579814166,angry
81.37292597745575,0.6127026207870975,36.90274152385498,0.8959915105999701,0.609110813570151,happy
85.4045032500498,0.7901988141199926,37.14163756440085,-0.35519276603551014,0.8849138813846915,angry
81.49838047116211,0.685712751043571,36.75393404941186,0.9713825286474163,0.6857842327329589,happy
107.26795654425462,0.9074024413120543,36.851932571718,-0.3656336016710082,0.7302494436586826,angry
72.16167233704176,0.28199483809392434,36.50973057784971,-0.4942229950971413,0.12334739452960414,sad
81.44878188163007,0.4887074255563882,36.693451966646094,0.027215801014702473,0.2249486156274173,neutral
81.35027810309266,0.5370463846078236,37.09371064745796,-0.06468102256371977,0.38733617405159737,neutral
76.0628461344695,0.5205347656888764,36.46255591805142,0.1268185017612679,0.27166910173457176,neutral
80.29461640871031,0.474470402077121,36.79861519993447,0.14389003512992954,0.34160059992915404,neutral
73.05300454044755,0.45258310092462495,37.05526846237515,-0.1960848445175179,0.3228721887417023,neutral
68.45872767513592,0.4075077761404525,36.158435141444826,-0.6731822221314481,0.19800544653698474,sad
80.05670507254821,0.6968711383628725,36.641438142014366,0.9415052016499413,0.5896268187660849,happy
72.38933276771849,0.3500952199820562,36.55079834601422,-0.9810387066038897,0.20624913652378282,sad
104.9734973029204,1.0232065773947683,37.12683932939681,-0.4203961511434775,0.7340122244228291,angry
75.64445424112222,0.5223580535982331,36.62013902228774,-0.028470658099197493,0.24506067527260647,neutral
76.00774463902903,0.3028564582305154,36.675386746317734,-0.8855701575752565,0.2108201713498714,sad
88.55699824759375,0.6159788747222495,37.199545766664876,0.6805570562521893,0.824782435896523,happy
91.02289236242935,0.9581064437686122,37.364729008973825,-0.4215601237596601,0.762153078245923,angry
70.9608346171585,0.527746538402213,36.71242222634329,0.1775513806438327,0.29563285346455637,neutral
91.35342360593407,0.643769962437407,36.788421548019265,0.638863897382876,0.7978592963822302,happy
89.79155208262836,0.6671907603340048,36.64700134843319,0.6464509257463875,0.8599152005571695,happy
67.87531941552852,0.30529590750420943,36.46998616799687,-0.48357368602180695,0.2994507719106204,sad
86.66610150316072,0.7652986916645301,36.68951997307144,0.8970707670992877,0.8999357161905619,happy
85.00246955185717,0.4611643954570295,36.48601817136676,-0.0735638210320125,0.3611996909113414,neutral
102.44912457594413,0.7961724877507788,37.1233670729766,-0.34492595229349243,0.8419262311441553,angry
104.50736376021014,0.8521358727228685,37.20090230315727,-0.5424515336985205,0.7856524499249173,angry
91.34594856408347,0.7848872690097032,37.62709386845801,-0.48497029665321006,0.9506060117717641,angry
92.79300022016729,0.7879945454300904,37.23331786867511,0.7146045143598811,0.8259585161011895,happy
91.543413788094,0.7744659032203471,36.964500406977756,-0.4544746736396103,0.8690609608694719,angry
76.92458643640647,0.43646483601772107,36.639553525636664,-0.1913869598805608,0.22940618810409658,neutral
76.67616252824448,0.4777259166259869,36.70274195346026,0.006715555949869556,0.32476428615036396,neutral
93.42667498822479,0.7100669758513534,37.29737468991251,-0.608423422010965,0.8320512873504919,angry
73.86848852556007,0.4382665252609448,37.03335979294585,0.11301293950815888,0.29442963010175593,neutral
74.59530747688433,0.6470945384150935,36.84626051539343,0.8362581003950634,0.6111618989808246,happy
82.9520790801286,0.5275783834103464,36.699537746439006,0.7560904791463157,0.7781266007204446,happy
71.79228071351424,0.2864273150286091,36.3756139172836,-0.975141252322938,0.20149788108648994,sad
75.34728033711718,0.416262818383091,36.47957090553866,0.05945461494896731,0.29194190128830566,neutral
79.61146845744173,0.5196389096366016,36.77393443093175,0.08997577624418218,0.24943952450797957,neutral
74.88367727503477,0.4544138481930134,36.70214677797606,-0.1337519233068333,0.2665522169006125,neutral
76.7507159552457,0.5264135097758939,37.0559287704723,0.6791980246627265,0.6674692157086063,happy
103.33447232909931,0.8457807122250339,37.332024195219105,-0.6169541316273457,0.9125257242046154,angry
78.87477546918015,0.4948869606465289,37.03583993298742,-0.055591174564544515,0.2949782611645502,neutral
79.91236544156779,0.4479298662172055,36.927540853498286,-0.1294117493177374,0.25319132917196285,neutral
95.84437908990303,0.7029384212482088,37.12739556260959,-0.37387601400849363,0.8790510135987826,angry
95.74704807228976,0.8414456771915435,37.04260616083575,-0.46326596413991034,0.8521772652424089,angry
82.44914632363334,0.6989487695290574,36.91741151084278,0.9253477945252224,0.7664093767235036,happy
91.1095133702129,0.9719444600335677,37.227605653649086,-0.5568849594874057,0.9470118596675928,angry
95.24149159347097,0.8459156469791953,37.57479633020922,-0.6383539495930015,0.823889977829392,angry
90.88179444081008,0.6177955277474758,37.13139090847627,0.9579374150771945,0.7390575502736462,happy
94.85937331228996,0.8061934874709562,37.25835805672969,-0.5009724862301772,0.737507649675968,angry
75.50980412244397,0.655094734489387,36.70514560624133,0.7109159613471177,0.5960381391658294,happy
83.45156290031015,0.5689788533343831,37.07645150192161,0.914348665626636,0.8827475039391555,happy
87.36289878248549,0.8526522643572173,37.34242328949963,-0.7931704808096363,0.9813453958590853,angry
88.48878680378142,0.851757061243994,37.139190174608785,-0.48910918569787193,0.8413056730056047,angry
90.85931487433241,0.9226032166394507,36.78790963425821,-0.31040958019390247,0.8082266511916445,angry
60.89823857473032,0.2966570079168847,36.181027301526626,-0.7676722023986031,0.3899436018713568,sad
103.70765981485835,0.9764878112259996,37.06099890340834,-0.7961679900114709,0.8878794412225999,angry
86.47537405064642,0.8837185653375227,36.955174273443774,-0.7275392238309317,0.778126470560391,angry
72.98782276187123,0.31072822583804166,36.36176492967948,-0.5694946285504123,0.23524038406928086,sad
76.08954250943601,0.4147753791058729,36.54755735125798,-0.6875859474735693,0.2531008136325058,sad
62.05099597052836,0.4138510866689393,36.213959072292745,-0.7614767020247286,0.30241103103791706,sad
79.64814203944104,0.3842277837220277,36.898570216368455,0.13469367302106433,0.21462604794909215,neutral
88.89252992192193,0.6653004176656193,37.17654348653775,0.6223221865187385,0.815588622244058,happy
80.146192785343,0.6888559447201712,37.168193922681866,0.8101036454986367,0.8866711017000919,happy
101.62741209490981,0.7747747119960087,36.998774512363774,-0.6950646450744462,0.8226015327481252,angry
84.20220746588298,0.6231300653362528,36.86745903182283,0.7031070768742296,0.6961255275853205,happy
80.94164655166438,0.3001332711879152,36.36219438177769,-0.5203688050268822,0.24345597260271384,sad
93.50449732253331,0.8844010704018868,37.20783304658826,-0.6578612261546721,0.779123858583048,angry
71.39369855176189,0.36012380169122826,36.25799858039126,-0.7577878900008099,0.2973972065774254,sad
95.53663878335443,0.7616927659186308,36.95640487272033,-0.5464601004636434,0.9529932682783724,angry
97.86750581941979,0.7715449649157766,37.32523763429453,-0.3938753271337752,0.7937105959119533,angry
85.5466473095008,0.995173875817023,37.12180747310486,-0.34299225398172445,0.8927868264844048,angry
61.82094407874215,0.4112919385444291,36.400287171736124,-0.7286219896547672,0.3321624433185991,sad
69.79441021212261,0.43977898837369833,37.07745571244114,0.04927318456011717,0.2803719811378153,neutral
86.39977249217023,0.6485237858279733,36.554837055583036,0.9600595474175943,0.6248859827130014,happy
89.47412813230108,0.6051640042950814,36.98397492455835,0.9355465463057585,0.7385813524648046,happy
89.43610704735148,0.737951563285439,36.757626334409615,0.6709033147046406,0.6448653375165615,happy
77.4077856677181,0.5090776055521926,36.489686542570304,-0.1804313808100002,0.37474706059068785,neutral
64.91040050634103,0.3864150705239977,36.23939277002293,-0.6361794650803849,0.2884634100101505,sad
77.34561124108727,0.45591674359588225,36.62496525503289,0.06973432149580056,0.32933533779880114,neutral
69.1350678774138,0.50552376219476,36.81374996018702,0.12153179888805865,0.23538231951864874,neutral
77.85084771853639,0.401625873660039,36.46781294169041,-0.4596468592781271,0.21666593115274127,sad
87.52957074093672,0.784689210260779,36.66796091491942,-0.3855038280737729,0.7009108057376362,angry
89.33498528888609,0.8094490120106221,37.442988012669794,-0.30414185404556,0.7682654282698871,angry
87.80148433232269,0.6928499905693989,36.952033865752455,0.9829709341076769,0.6726366387665903,happy
103.2601885727041,0.9297852864947094,37.30894268096104,-0.7070360268757591,0.7329001116930258,angry
62.66943061633722,0.3763516436709859,36.520873063173894,-0.6530135616773912,0.3034770647306906,sad
105.79445400762181,0.7295432270096553,37.14217021485263,-0.4923472854356205,0.9901528534869111,angry
62.436424834003994,0.48892360201544965,36.56818715965214,-0.01684036116940746,0.23229616121831947,neutral
74.24351900498716,0.552461993597921,36.53699751143099,-0.010396391300935004,0.37972715093455517,neutral
91.88117770364832,0.6675688798142985,37.01383878470514,0.9375418267918058,0.8684076056003585,happy
95.12010675785517,0.9198388513074055,36.99045472020067,-0.3795570914478899,0.7314040312113349,angry
82.92147900886427,0.6356923770329559,36.72440719288764,0.8873200721679231,0.8314020600209,happy
82.57400652121495,0.5681806545594241,37.0899870836181,0.6968483042516149,0.5071813883996956,happy
101.98695225354383,0.8919119016845071,36.88176724558919,-0.6555188763278804,0.822833849353472,angry
94.0661660359583,0.6051221300718883,36.601065955961154,0.7529163154083087,0.5964793382684993,happy
82.17074610583813,0.5834779014828034,36.683726517685784,0.6801339813087548,0.8610701175758717,happy
75.70606523115632,0.4972788112057087,36.283564184454335,-0.17707478139226704,0.2176466604114213,neutral
77.04560025434787,0.4637978397872082,36.78568121851965,-0.0330829849061379,0.3829258875134909,neutral
81.31310724603973,0.5902530184327555,37.20478916183266,0.7307009557513499,0.5506088686014428,happy
67.78781960430369,0.3336004306471379,36.614409896276655,-0.9357324319325242,0.3280633380768674,sad
90.95733493400549,0.8749778763890925,36.9498018671892,-0.7341972252658254,0.8331222338589207,angry
83.07743964227201,0.5823225105795841,36.56749927726015,0.9905924450027805,0.8523282677185401,happy
88.36745875606027,0.8664330157774929,37.09004485597123,-0.7291459452328268,0.7889537054910152,angry
67.82264663600861,0.40055192534052764,36.646610075713106,-0.5840061644893029,0.31608465070192215,sad
82.89681678192439,0.9065269047005172,36.71068633184716,-0.3490327874768975,0.8735220849312595,angry
65.99551318715966,0.28996716393638255,36.24013001077263,-0.9058026064360242,0.28148031658391715,sad
68.99915047940424,0.30798741176906674,36.285478344878975,-0.5993789457504143,0.27399752711053516,sad
93.50156099687334,1.0422274925315682,37.51839773679991,-0.5393500608375186,0.7317306388786656,angry
66.57622766192155,0.4031148440955648,36.27102093523236,-0.4652368966971433,0.3227743670114894,sad
95.15711901511884,0.8415892169987463,36.9476942506578,-0.7095157183987957,0.7086569099540442,angry
87.51520370289757,0.6651691393776679,37.01494458821505,0.6035308193846011,0.6601338727903747,happy
88.27160496350686,0.7281497272706023,36.93082977855714,0.6197162682609778,0.6518354681357205,happy
59.94437117180353,0.3131694533246241,36.39160122975428,-0.8070820584915752,0.20542379233899008,sad
67.21614872220253,0.2824730865538076,35.95553681735034,-0.582700552572808,0.15515932357846515,sad
95.52627631689676,0.8521723927377998,37.04950000073535,-0.4853101651915477,0.7151386909699686,angry
66.6525300835177,0.4131267069249253,36.312176859802065,-0.9552339047321513,0.3120306619001817,sad
74.83456045785157,0.30339908682624867,36.3439885357631,-0.5918812594860816,0.1730395548353445,sad
73.19195712728046,0.5383691990049307,36.96027464589151,0.05752752767381336,0.27198437989906693,neutral
74.37728825865229,0.4627118127944667,36.746862797722315,-0.013677738265625683,0.2521336791335216,neutral
88.08882463174886,0.6444300952330255,36.51360972129484,0.6344079910286529,0.6502780876988894,happy
99.06357148998478,0.8455609116506214,37.03266154583168,-0.6713010104598074,0.8914433705116521,angry
76.30511453756078,0.40030489411156145,36.43537075902024,-0.799099818651835,0.12322519959577402,sad
86.09712163799124,0.7593232288759633,37.36914382881107,-0.5822619538190899,0.9686881393610198,angry
82.01267606616585,0.5474051700178733,36.93512274163976,0.7020687737800139,0.522393640730936,happy
87.21761797932594,0.5163608227419271,36.55436861666429,0.8712318040763725,0.8070274249224758,happy
102.77366869822083,0.8113263116353523,37.0605322201153,-0.4985231279148155,0.7615671331222065,angry
92.88091107416592,0.856274760575808,37.16980943856884,-0.30705223953912214,0.8016680270435907,angry
73.72927989459953,0.4833462831733067,36.76388221645743,0.18253850663603605,0.3600080646755813,neutral
88.99074477574283,0.5668534465040859,36.650690503168015,0.8542435986180679,0.5652392024606481,happy
78.1114488255941,0.5561781982914432,36.92395951342905,0.002715049910031686,0.29230857338518196,neutral
77.70595164253808,0.7429832264469047,36.96948209553902,0.8244154900892291,0.5255254361621866,happy
82.78807117804183,0.6136682491385694,36.77459349444831,0.7249449291083443,0.8022349763910913,happy
78.9522690285766,0.48200232482990046,36.503845015969674,0.13448765510212807,0.29344619055016286,neutral
67.07083018980032,0.32947892483085495,36.13534416663258,-0.7293846332841769,0.10602725876328882,sad
90.4661526743176,0.6246365879207596,37.20879012095223,0.8017339909986655,0.5500294775717742,happy
74.75050685297889,0.6091012274237473,37.0541421613245,0.18587089454661604,0.3156233455533185,neutral
86.93188015412598,0.5595418635622343,37.1151135876,0.6749001446822797,0.5464815451989269,happy
96.81191999881796,0.622021027579236,36.99352625505654,0.7165243282395812,0.8495266502178616,happy
67.915345916304,0.3216205822507625,36.44866791305283,-0.6669777816658038,0.14392359637245,sad
82.14792615628991,0.5375402867952974,37.35327156196781,0.9380487779667049,0.8640041284241422,happy
77.17218357723254,0.5281037003122492,36.83364772164789,-0.07625105501474701,0.3645763571081575,neutral
81.4760676504054,0.6867351877962565,36.677575011354534,0.777384654654911,0.6646989775266481,happy
82.53694390947136,0.5818649806396132,37.11378368304761,0.9015237235650636,0.5295568580854135,happy
93.96751254765817,0.7660501323727533,36.82309965456025,0.6200329416810284,0.7999421581592652,happy
89.59496244166755,0.5978156111476339,36.75469434632126,0.7859698588463391,0.5035236029574065,happy
77.27654192280237,0.44899606621900096,36.42040001540204,-0.1371683662478628,0.28294692830595913,neutral
56.60180797525124,0.23893832496124376,36.38714697431408,-0.7514625906364863,0.20026193254937968,sad
99.72145422740604,1.0002756172253575,36.99084184706121,-0.7799402102943773,0.754607044551373,angry
87.97173400720347,0.6695926968287309,36.72468320231306,0.7594577444950893,0.5239233901409318,happy
90.91071547742219,0.9660933027906472,37.50710119746586,-0.6236460848458275,0.9354298633803918,angry
84.3002658167938,0.7271342481448968,37.00302239088636,0.8086111354217485,0.7871884426964115,happy
102.91159288156148,0.8044644101337607,37.39080821656588,-0.6726330525369673,0.7034134168998496,angry
93.5190310712488,0.8584449917390471,37.022990523089746,-0.3760124605610507,0.7522606100929599,angry
88.85529124084785,1.015804062400782,37.019827392241204,-0.6836455959112657,0.8959290341418744,angry
79.01170314631565,0.5884507876543525,36.73549607116366,0.8968889535147198,0.7290977544064579,happy
109.92112378912228,0.9108399928029749,37.16075228242059,-0.3004365554212514,0.9660757863241959,angry
60.386105413228776,0.4145712059628875,36.43179553620788,-0.6957036454445074,0.2620627233705727,sad
79.84608435528213,0.8713692099454896,36.89844229798035,0.8079220589043964,0.7422814964046396,happy
83.90040301188714,0.6280641958100448,37.017285700331804,0.6605879561041433,0.7557050248351695,happy
69.02136136425057,0.517964184616832,36.6680489945266,0.05905699911470352,0.39834261473111243,neutral
90.68454945569445,0.7306591389961739,36.506226181887456,-0.322809386510442,0.7415338028200718,angry
82.4382447575242,0.4586311967023605,36.51187540145041,-0.07415996162345886,0.2924978329301413,neutral
71.45654737699839,0.5145930656507327,36.68884513246404,-0.060984490694992316,0.36727120944542424,neutral
71.9353098070208,0.4420633616425977,36.92869723177194,-0.13909045383898,0.31207713083722066,neutral
79.18567241009842,0.6482159074061072,37.14321438382407,0.931066066820995,0.6497904013865266,happy
64.04469147946122,0.3783883949341586,36.56765109571394,-0.6677039083729068,0.11465372998702883,sad
95.44570933393204,0.7528748381541936,36.535180957141115,-0.38500030320258777,0.7532100312659199,angry
83.94569991861675,0.6043065186097438,36.93460417302826,0.8077020086281613,0.679847835371535,happy
62.000801002027615,0.33005394054278225,36.420431726189946,-0.6842005894122893,0.17709746912734275,sad
75.1153199590577,0.3295336104229343,36.62668813267318,-0.7202007905686847,0.3748201235718591,sad
77.69207171031132,0.47591712744727127,36.53694393412178,-0.05505293619318549,0.26531156363346214,neutral
73.38839860250589,0.376013517537641,36.45214970703259,-0.8611917113222973,0.3386826577530816,sad
85.35507880224841,0.6601285949235159,37.09229713014183,0.9693107359406998,0.7042301366224001,happy
66.61321432874078,0.23317683278788542,36.10850960576588,-0.5976148058869175,0.3077619939867621,sad
85.1784498087226,0.6983432265501933,37.11790089191261,0.7927312439270363,0.8966722604467336,happy
70.92135693069277,0.4977255733089828,36.64231113333587,-0.19594233876771844,0.20638197513949483,neutral
80.48702713594965,0.8190490959089434,36.83250576134403,-0.7466908764351009,0.7593037252707046,angry
88.90001831213084,0.7258305204307669,37.236139662368196,0.8178822811470916,0.6541825220761802,happy
68.69779647332697,0.4396732462438589,36.35173979565974,-0.8717089531840557,0.33684921304824167,sad
76.6191437190353,0.6478001508759033,36.89758794707331,0.6035793095557028,0.5371508757977896,happy
77.4371104315433,0.4519154192487075,36.55784290027971,0.12952659086689822,0.24184149648377523,neutral
78.80777726582538,0.567557275376157,37.08638627888439,0.018850952177841884,0.3642253259781745,neutral
62.98137101078413,0.31643132402700574,36.25724010677226,-0.6398591381320571,0.2729898393651293,sad
91.98100907351775,0.6289842630001078,36.71824841908917,0.8269990915192409,0.8809442245697637,happy
73.89434159564188,0.529587132719054,36.76710713081939,-0.11306044817167488,0.22145818929838945,neutral
100.93973421998528,0.8904847628025379,36.59827987428196,-0.4618803884545631,0.8476599934358245,angry
84.19858742798851,0.697383086638605,36.763986873749,0.619191864484662,0.6140232015293052,happy
89.0348073926106,0.6439706537910255,37.05805068874763,0.631453546878041,0.8322047342985339,happy
67.9278725765753,0.31348277601394403,36.36753021981944,-0.6407978454958217,0.29251044128081927,sad
97.97968020837259,0.9903184100063707,37.250079425964024,-0.5351324895892235,0.9406576202850613,angry
93.7007204755507,0.7553206494099342,37.16766122156499,-0.7253233445545642,0.8506590741440692,angry
69.24637330278533,0.4430020890429626,36.19701605597649,-0.7106343734942114,0.2998604227871461,sad
65.17389715065124,0.29204089469846406,36.16351284404614,-0.9207477728666891,0.24196712083184743,sad
65.75884951182933,0.33739099121315685,35.95547181376014,-0.4211356484627379,0.2979566914448646,sad
66.76713389874745,0.5490045810098978,36.93667516116661,-0.19338560872271637,0.22448706076969716,neutral
66.33797725390555,0.2737613296566492,36.504772212301845,-0.4901995629085425,0.37622898734721133,sad
71.67333937617114,0.3980931415325545,36.102868900101576,-0.6300719865103195,0.18275503754476616,sad
94.03463425148264,0.8274675229088151,37.19489906602441,-0.46227422824918324,0.8902425988312974,angry
78.17634478853026,0.645036432504347,36.73909147706118,0.8827728119209294,0.7323054413268756,happy
81.83630652562655,0.7035669951282241,36.900103086067205,0.9569928174249945,0.8277138196568552,happy
72.64096948077373,0.4191929719078673,36.805369871141465,0.0004611851245134857,0.3925557375370333,neutral
82.53185793986815,0.30330056850224596,36.57615827386581,-0.649586049270189,0.29906322284635445,sad
71.18975694664734,0.3293298550854944,36.623336566548446,-0.848348936523277,0.373496601749138,sad
70.50769204060326,0.3242022869540202,35.91591446587295,-0.5514773272126907,0.14441152901378304,sad
60.524916217125934,0.3233813191664804,36.488064933114146,-0.7486174297703327,0.22572158743580165,sad
67.02335854600429,0.40903634716688425,36.4809618652022,-0.6884300412492812,0.22327249802285748,sad
85.84799167556605,0.9710833148481837,37.24225703649537,-0.41955878298441085,0.9147814074652133,angry
76.26684937503285,0.4901342932858135,36.89440653648456,-0.13360041376337434,0.2410683495023278,neutral
94.34197182942084,0.7960778762184053,37.50746728868777,-0.3298017837129141,0.9299794283954413,angry
105.54967923634455,0.9031595368058218,37.05045441499316,-0.39853702853826733,0.8485290649258086,angry
72.5654046974792,0.32768833166077765,36.28377009778562,-0.8405610536934596,0.3455495677651032,sad
73.62612287035068,0.34941691756579485,36.48096259688374,-0.47781642205933295,0.22945993948563137,sad
70.12300830911431,0.4707093347378748,36.66409365035589,0.054767802153003975,0.36689815917410407,neutral
77.18099239287685,0.5378890911564275,36.90176636379459,0.002121180964371666,0.29158762069937094,neutral
100.28878119146309,0.730579905927518,37.35794968864985,-0.7897932746574354,0.7575393597468129,angry
80.65931545266932,0.45657650392075755,36.71360790274833,-0.01522392179962026,0.3105986544548655,neutral
71.77412012608922,0.39007470938147676,36.32594488552351,-0.7334190784149582,0.31004607362097225,sad
71.1533410887363,0.4595614065230475,36.860075319875726,0.03884567046667678,0.3303967420676235,neutral
99.55650298411321,0.9305068455284103,37.500842373001845,-0.4767108597710916,0.7654857669312224,angry
67.11000059395421,0.3145955758134734,36.42764586887598,-0.7819981412874902,0.16074808534045376,sad
88.86983052037196,0.8175334578143412,36.764404242134596,-0.6984709654000163,0.9094138126897997,angry
63.88884256742368,0.32033628170566714,36.41051932784006,-0.5012237801519985,0.17523696850009632,sad
89.39532753976032,0.8311644433701193,37.03439310107692,-0.6739237039705921,0.7734434580297672,angry
70.32997235533253,0.5616524588065933,36.67658666449992,-0.16850650725773028,0.3885243162291785,neutral
68.7037178165513,0.21664052060474084,36.526726365624825,-0.7790538729129304,0.33548476566395735,sad
98.14784720683568,0.7840901788560412,37.56861169064257,-0.41750523366590087,0.9410995634239948,angry
75.01470679451373,0.44603137436796725,36.3822499300544,-0.13650314840904457,0.3046916167729799,neutral
73.82481523977505,0.45646127952581295,36.92710638107684,-0.19240349471673368,0.3879037797118145,neutral
75.51683554357324,0.5926771505995926,37.092532819581834,-0.022986088748211675,0.3968562660519378,neutral
77.60455961221474,0.44580805008759755,36.57375922662186,0.12731491102792858,0.39159710018837385,neutral
88.0352072936194,0.5491992624575979,36.975338969735276,0.7701221749910332,0.8096245276199692,happy
71.12745810552019,0.5248978198526383,36.858614874403685,-0.13294447198905374,0.2832052144771514,neutral
63.99402864137834,0.35974731126806003,36.32856449319037,-0.701215246981213,0.3388831032875352,sad
77.75883048062532,0.4891767599123442,36.59371462348513,0.017521263727307806,0.20101967785803965,neutral
78.458307615943,0.5269521295531305,36.73032161372892,-0.16716210936369036,0.2218690414627006,neutral
67.2388271739958,0.308161079701079,36.245386587458114,-0.6889562208826343,0.254459269733653,sad
69.071519699778,0.3565409136627552,36.44023707387949,-0.4097138464829736,0.2429366269675967,sad
71.06004617788227,0.35965599872942794,36.52714550702625,-0.941559454376038,0.15718652666644514,sad
87.95395096932734,0.7385653889929106,36.95112739829829,-0.6868604237440846,0.8475152932450609,angry
78.76549317058384,0.5266662450833566,36.80550701567025,-0.19827503102246677,0.3637315901248608,neutral
95.20251052418061,0.902188394325487,37.1884818389317,-0.6610065418994091,0.7541172705488454,angry
105.04042061144997,0.7915716111215679,37.22416064839427,-0.3253119971527947,0.8661063076822342,angry
76.6696799129879,0.5259516370545759,36.76185005391049,-0.1347932038657914,0.34511804846723504,neutral
94.45113721395848,0.8991187502991262,37.097258724309775,-0.6033410740232943,0.8117421819275487,angry
70.01084031076674,0.5598892968973621,36.406437341500215,-0.19516650179422848,0.34222538430938887,neutral
75.08570384872996,0.4657577515890774,36.73805370597463,-0.06547817086281257,0.3715893361381301,neutral
91.18631249652246,0.695526858397709,36.67723822299716,0.6745000737836864,0.7646253326962149,happy
78.69842083581324,0.5995419161413019,36.71043241240836,0.9244994650346476,0.6244897598340735,happy
100.82987115051016,0.8145607280447573,37.27235824544122,-0.5955846917422606,0.9178043062944712,angry
72.3974572257334,0.5784271844943982,36.78459095998719,-0.1586551231873055,0.31496408450179325,neutral
90.59539971652782,0.7987236682918882,36.71542926446734,-0.5564755616584929,0.7000202492939723,angry
95.3275869889852,0.6465483181809621,37.04320528483716,-0.45657691579958254,0.8371339118645378,angry
68.76779443823267,0.43776434318116064,36.72760456901782,-0.10475239946031234,0.21338072580249146,neutral
77.29701783484737,0.32557458311137577,36.43895602085736,-0.8691703080699587,0.32938780950336044,sad
61.14029832875029,0.2697337359323141,36.52143020815586,-0.6948353203976474,0.175579241404691,sad
71.27514995343344,0.4792849823953343,36.41175467252045,0.13270034589927038,0.25691158934752245,neutral
70.61063662906308,0.4061595003720526,36.427265486409134,-0.4799687631061308,0.28137012000482453,sad
65.27392068801822,0.40556888852491113,35.93893941913171,-0.9781662607594861,0.33360310276387195,sad
73.84058441742833,0.33126688454639114,36.62496126133957,-0.6494332465854007,0.371753494728594,sad
68.81998747883412,0.3042541921593185,36.354445152875954,-0.463609803197063,0.39994371641237025,sad
83.55714258698049,0.7260600333451366,37.22002581988809,0.9107598623518333,0.7206310009433822,happy
101.66422848187153,0.6584284107458283,36.82925254771135,-0.4319433279693136,0.7596539215238073,angry
73.12370019227468,0.5778328283827289,36.730359189774504,0.10082909419999009,0.33142922313603207,neutral
67.88138972324899,0.41331773785522297,36.87428214258473,-0.7774482736415788,0.2489752284493311,sad
69.9971652097044,0.34697203246872665,36.365606065698124,-0.7082722225967981,0.10043949792075707,sad
83.40906422836112,0.6589099032955591,36.72947829965691,0.8077512138857748,0.8969152771888695,happy
67.21980108133043,0.3751585004389538,36.70203953640143,0.022810365017259665,0.25975770773393814,neutral
87.79730659045615,0.6633957911527539,37.13893658867292,0.861140977827405,0.814586212857818,happy
107.91485082682212,0.9329990572837785,37.382838641381056,-0.7716621673317638,0.7329337724374514,angry
108.19834373936914,0.879828739784947,37.17264189466871,-0.7068399949035237,0.9893608774654672,angry
73.8658871190745,0.4083169855780626,36.58182587051991,-0.7829846092607717,0.3354239938368252,sad
81.49906654602688,0.7422284638226313,36.768988257677,0.6266151043585254,0.7884510465354784,happy
95.6276833900594,0.5860678523869963,36.54769852044373,0.9614896903005519,0.5782463086000085,happy
77.42070422146779,0.428335646470951,36.59822091197788,0.13717115748749492,0.32809204693609106,neutral
67.28415449839004,0.28134762276674774,36.53195495172835,-0.4580388433033096,0.13297298192252371,sad
85.27341456784742,0.5039573106491637,36.91816559717365,0.8423930067614578,0.6116879198900598,happy
73.83305068951398,0.43060612685563143,36.641178445815214,0.14212132861882532,0.208993301590261,neutral
68.10666778960305,0.3664213939086899,36.28280752142381,-0.8206175264886619,0.18263398447839152,sad
76.34298281107168,0.5115463382019828,36.7321243650163,-0.07536949309679947,0.38235302125467335,neutral
71.60888674528908,0.5154592445697972,37.04912158766247,0.08133799837805838,0.25996450899949225,neutral
73.92557127789084,0.5716254909911271,36.90177390055343,-0.10758607991129457,0.3939150576962785,neutral
78.33927783511643,0.5987512840918175,36.75392987231922,0.8084985559849905,0.544275749767956,happy
88.65463390188104,0.6438467086736716,36.93645168871641,0.6622272243061474,0.8970247834661816,happy
67.0906867131262,0.26642897466632687,36.136408314235304,-0.6339585782814954,0.3174114840465916,sad
74.13283078739724,0.530987806203318,36.723458373592855,0.19569371997518203,0.2203316728009993,neutral
81.4251865718462,0.4528549896037367,36.57276120025489,0.1147867952551172,0.31111998494381676,neutral
94.96153227801229,0.7421334795775569,37.150691900405846,-0.5291347853330293,0.9919305647893258,angry
83.18119592365193,0.9423138106354558,37.23643946319565,-0.5199036682117372,0.9962404217890795,angry
72.94025047475002,0.45398782445879265,36.306402512248525,-0.031401413264547984,0.2570599951589764,neutral
79.98778906268912,0.8599470269479733,37.30066218556568,-0.6395388425173195,0.7879476496055643,angry
64.10297693926778,0.46490708048788737,36.73871896465619,-0.06213469012465733,0.3604707914721563,neutral
59.26648803031087,0.38190493020867367,36.31395375091989,-0.8622900629614537,0.25903113312681747,sad
72.92294769689939,0.3262529371893586,36.514245231355645,-0.4830222557313343,0.2775760421131809,sad
84.87817433148365,0.7385585532806981,36.868547561191306,0.8844211206112877,0.8585689195234011,happy
66.84519430440481,0.40950022865571717,36.718261762236935,-0.5874659553587183,0.11149496981239926,sad
76.78128837442408,0.5768466933401563,36.5505899598199,0.14577645035686526,0.26262980482796267,neutral
93.38294253764285,0.6058401998049976,36.956341600799895,0.8526722803571574,0.8516315953048627,happy
97.45849297133198,0.8779529272431652,37.144869513635236,-0.7369908967830985,0.9605585413584273,angry
70.12048015155361,0.4917099990948495,36.71118413218465,-0.007005487481125311,0.2543558350275773,neutral
64.72226526363164,0.3420830748957059,36.385949820847785,-0.4419310604329725,0.3637772617485181,sad
99.43916929591305,0.9160818338369392,37.178818517737334,-0.6613389494869433,0.9495981423636962,angry
71.61436058883652,0.36654133977174336,36.35410288790629,-0.4532599284445954,0.30889066019538125,sad
86.22801943159547,0.5452733156023889,36.20099095550228,0.9070875059285414,0.790470650228901,happy
73.67276769391412,0.42150967231602493,36.957179174565454,0.13259613506840257,0.24315922648789376,neutral
88.1633207389377,0.8224308841984271,36.84581593296746,-0.7952583224658125,0.8808177771522258,angry
70.31949285053794,0.5171674892621214,36.9174702821833,-0.008266072670627317,0.21876335422883708,neutral
78.53988617658783,0.43490630740636066,36.890808682292665,0.19491788599850446,0.39003647874633385,neutral
74.20090092877244,0.3801992376949435,36.36360267442353,-0.5540818280573072,0.10614808461666425,sad
78.93592929609332,0.6956493457593933,36.68323809773459,0.647116118210165,0.5246765804278845,happy
102.13483610983282,0.67837374189115,37.27540298241672,-0.6363383480780738,0.8039641769307534,angry
91.40261182526561,0.638538007689615,36.94808224273373,0.8737804417401401,0.5567138041591357,happy
87.49214148149146,0.8218636042760956,36.99391877102914,-0.6578051777946188,0.9104274563771545,angry
77.5604820283571,0.6456829529757192,36.871861866223114,0.7342534903529304,0.5370981309514908,happy
70.64674703695404,0.49527697319363945,36.65595281708039,-0.18578609014813813,0.38484790499748045,neutral
76.30383951872973,0.4662059781946046,36.596843186496024,0.06959977078243262,0.2841666407452135,neutral
74.18097990670647,0.4736599417278607,36.946112025658465,0.09539875884592358,0.2221347655245468,neutral
72.19786155285838,0.3782186671815102,36.783125261034925,-0.428487001592856,0.252153148230573,sad
64.67365134234728,0.5111605906427341,36.54723635950798,-0.029037107455654798,0.26923206926303966,neutral
88.10985273269989,0.9223725985527873,36.98266795467061,-0.36350693180379634,0.9988221366271239,angry
94.25877149675824,0.8420066547983124,37.44613564246274,-0.6638367848801587,0.8577541616719339,angry
99.32956721503867,0.8295238565930666,37.382358079453276,-0.6918152411327225,0.8627593265115705,angry
66.37650814613984,0.3461736040720938,36.54286856697592,-0.6043077180667893,0.36806654233240044,sad
78.91736562098794,0.41265757004261394,36.49758255042558,-0.7770703666867415,0.2230708048862704,sad
78.13494422637986,0.4627604093890071,36.598977239969585,0.12927029699128617,0.2189239076818285,neutral
73.56327296929305,0.7056616044275591,37.16675026308741,0.8981654934495904,0.5303927129587691,happy
73.4117622515408,0.5525082150411955,36.68287776148083,0.053173027540033724,0.20742044906261942,neutral
58.38300086147986,0.3025393259621659,36.4450650359081,-0.5540678497584364,0.34082742902314644,sad
102.76602904363055,0.8323860707029908,37.09735609375072,-0.3237854776138193,0.7758413976192018,angry
73.07210627630269,0.5279876437801009,36.6440695785585,-0.17853867650406885,0.21670474100358939,neutral
78.41762489633521,0.560200017617693,36.609193085604026,0.1783942452133399,0.23311910175521253,neutral
87.20059513977839,0.7161967213519438,37.11787365779167,0.8776815556250607,0.8531869822592705,happy
